path,release,subject,age,start_s,duration_s,recording_duration_s,split,prediction
/workspace/hbn_subset/R5/download/sub-NDARAC350XUM/eeg/sub-NDARAC350XUM_task-RestingState_eeg.set,R5,sub-NDARAC350XUM,8.212,0.0,2.0,410.558,test,7.291518688201904
/workspace/hbn_subset/R5/download/sub-NDARAC350XUM/eeg/sub-NDARAC350XUM_task-RestingState_eeg.set,R5,sub-NDARAC350XUM,8.212,2.0,2.0,410.558,test,9.72226333618164
/workspace/hbn_subset/R5/download/sub-NDARAC350XUM/eeg/sub-NDARAC350XUM_task-RestingState_eeg.set,R5,sub-NDARAC350XUM,8.212,4.0,2.0,410.558,test,8.585224151611328
/workspace/hbn_subset/R5/download/sub-NDARAC350XUM/eeg/sub-NDARAC350XUM_task-RestingState_eeg.set,R5,sub-NDARAC350XUM,8.212,6.0,2.0,410.558,test,7.074390888214111
/workspace/hbn_subset/R5/download/sub-NDARAC350XUM/eeg/sub-NDARAC350XUM_task-RestingState_eeg.set,R5,sub-NDARAC350XUM,8.212,8.0,2.0,410.558,test,8.950305938720703
/workspace/hbn_subset/R5/download/sub-NDARAC350XUM/eeg/sub-NDARAC350XUM_task-RestingState_eeg.set,R5,sub-NDARAC350XUM,8.212,10.0,2.0,410.558,test,8.224835395812988
/workspace/hbn_subset/R5/download/sub-NDARAC350XUM/eeg/sub-NDARAC350XUM_task-RestingState_eeg.set,R5,sub-NDARAC350XUM,8.212,12.0,2.0,410.558,test,7.775003910064697
/workspace/hbn_subset/R5/download/sub-NDARAC350XUM/eeg/sub-NDARAC350XUM_task-RestingState_eeg.set,R5,sub-NDARAC350XUM,8.212,14.0,2.0,410.558,test,7.922985076904297
/workspace/hbn_subset/R5/download/sub-NDARAC350XUM/eeg/sub-NDARAC350XUM_task-RestingState_eeg.set,R5,sub-NDARAC350XUM,8.212,16.0,2.0,410.558,test,8.17488956451416
/workspace/hbn_subset/R5/download/sub-NDARAC350XUM/eeg/sub-NDARAC350XUM_task-RestingState_eeg.set,R5,sub-NDARAC350XUM,8.212,18.0,2.0,410.558,test,7.89016056060791
/workspace/hbn_subset/R5/download/sub-NDARAC350XUM/eeg/sub-NDARAC350XUM_task-RestingState_eeg.set,R5,sub-NDARAC350XUM,8.212,20.0,2.0,410.558,test,6.994977951049805
/workspace/hbn_subset/R5/download/sub-NDARAC350XUM/eeg/sub-NDARAC350XUM_task-RestingState_eeg.set,R5,sub-NDARAC350XUM,8.212,22.0,2.0,410.558,test,7.433020114898682
/workspace/hbn_subset/R5/download/sub-NDARAC350XUM/eeg/sub-NDARAC350XUM_task-RestingState_eeg.set,R5,sub-NDARAC350XUM,8.212,24.0,2.0,410.558,test,8.925000190734863
/workspace/hbn_subset/R5/download/sub-NDARAC350XUM/eeg/sub-NDARAC350XUM_task-RestingState_eeg.set,R5,sub-NDARAC350XUM,8.212,26.0,2.0,410.558,test,6.415459632873535
/workspace/hbn_subset/R5/download/sub-NDARAC350XUM/eeg/sub-NDARAC350XUM_task-RestingState_eeg.set,R5,sub-NDARAC350XUM,8.212,28.0,2.0,410.558,test,7.392035484313965
/workspace/hbn_subset/R5/download/sub-NDARAC350XUM/eeg/sub-NDARAC350XUM_task-RestingState_eeg.set,R5,sub-NDARAC350XUM,8.212,30.0,2.0,410.558,test,8.779322624206543
/workspace/hbn_subset/R5/download/sub-NDARAC350XUM/eeg/sub-NDARAC350XUM_task-RestingState_eeg.set,R5,sub-NDARAC350XUM,8.212,32.0,2.0,410.558,test,8.582531929016113
/workspace/hbn_subset/R5/download/sub-NDARAC350XUM/eeg/sub-NDARAC350XUM_task-RestingState_eeg.set,R5,sub-NDARAC350XUM,8.212,34.0,2.0,410.558,test,8.1662015914917
/workspace/hbn_subset/R5/download/sub-NDARAC350XUM/eeg/sub-NDARAC350XUM_task-RestingState_eeg.set,R5,sub-NDARAC350XUM,8.212,36.0,2.0,410.558,test,8.238076210021973
/workspace/hbn_subset/R5/download/sub-NDARAC350XUM/eeg/sub-NDARAC350XUM_task-RestingState_eeg.set,R5,sub-NDARAC350XUM,8.212,38.0,2.0,410.558,test,7.845468044281006
/workspace/hbn_subset/R5/download/sub-NDARAC350XUM/eeg/sub-NDARAC350XUM_task-RestingState_eeg.set,R5,sub-NDARAC350XUM,8.212,40.0,2.0,410.558,test,8.781930923461914
/workspace/hbn_subset/R5/download/sub-NDARAC350XUM/eeg/sub-NDARAC350XUM_task-RestingState_eeg.set,R5,sub-NDARAC350XUM,8.212,42.0,2.0,410.558,test,7.748063087463379
/workspace/hbn_subset/R5/download/sub-NDARAC350XUM/eeg/sub-NDARAC350XUM_task-RestingState_eeg.set,R5,sub-NDARAC350XUM,8.212,44.0,2.0,410.558,test,7.091782093048096
/workspace/hbn_subset/R5/download/sub-NDARAC350XUM/eeg/sub-NDARAC350XUM_task-RestingState_eeg.set,R5,sub-NDARAC350XUM,8.212,46.0,2.0,410.558,test,7.697508335113525
/workspace/hbn_subset/R5/download/sub-NDARAC350XUM/eeg/sub-NDARAC350XUM_task-RestingState_eeg.set,R5,sub-NDARAC350XUM,8.212,48.0,2.0,410.558,test,7.836324691772461
/workspace/hbn_subset/R5/download/sub-NDARAC350XUM/eeg/sub-NDARAC350XUM_task-RestingState_eeg.set,R5,sub-NDARAC350XUM,8.212,50.0,2.0,410.558,test,8.362497329711914
/workspace/hbn_subset/R5/download/sub-NDARAC350XUM/eeg/sub-NDARAC350XUM_task-RestingState_eeg.set,R5,sub-NDARAC350XUM,8.212,52.0,2.0,410.558,test,8.45214557647705
/workspace/hbn_subset/R5/download/sub-NDARAC350XUM/eeg/sub-NDARAC350XUM_task-RestingState_eeg.set,R5,sub-NDARAC350XUM,8.212,54.0,2.0,410.558,test,7.7575554847717285
/workspace/hbn_subset/R5/download/sub-NDARAC350XUM/eeg/sub-NDARAC350XUM_task-RestingState_eeg.set,R5,sub-NDARAC350XUM,8.212,56.0,2.0,410.558,test,7.155952453613281
/workspace/hbn_subset/R5/download/sub-NDARAC350XUM/eeg/sub-NDARAC350XUM_task-RestingState_eeg.set,R5,sub-NDARAC350XUM,8.212,58.0,2.0,410.558,test,8.372925758361816
/workspace/hbn_subset/R5/download/sub-NDARAC350XUM/eeg/sub-NDARAC350XUM_task-RestingState_eeg.set,R5,sub-NDARAC350XUM,8.212,60.0,2.0,410.558,test,6.653436660766602
/workspace/hbn_subset/R5/download/sub-NDARAC350XUM/eeg/sub-NDARAC350XUM_task-RestingState_eeg.set,R5,sub-NDARAC350XUM,8.212,62.0,2.0,410.558,test,8.44618034362793
/workspace/hbn_subset/R5/download/sub-NDARAC350XUM/eeg/sub-NDARAC350XUM_task-RestingState_eeg.set,R5,sub-NDARAC350XUM,8.212,64.0,2.0,410.558,test,7.919983863830566
/workspace/hbn_subset/R5/download/sub-NDARAC350XUM/eeg/sub-NDARAC350XUM_task-RestingState_eeg.set,R5,sub-NDARAC350XUM,8.212,66.0,2.0,410.558,test,8.661542892456055
/workspace/hbn_subset/R5/download/sub-NDARAC350XUM/eeg/sub-NDARAC350XUM_task-RestingState_eeg.set,R5,sub-NDARAC350XUM,8.212,68.0,2.0,410.558,test,8.213940620422363
/workspace/hbn_subset/R5/download/sub-NDARAC350XUM/eeg/sub-NDARAC350XUM_task-RestingState_eeg.set,R5,sub-NDARAC350XUM,8.212,70.0,2.0,410.558,test,9.043073654174805
/workspace/hbn_subset/R5/download/sub-NDARAC350XUM/eeg/sub-NDARAC350XUM_task-RestingState_eeg.set,R5,sub-NDARAC350XUM,8.212,72.0,2.0,410.558,test,7.6064348220825195
/workspace/hbn_subset/R5/download/sub-NDARAC350XUM/eeg/sub-NDARAC350XUM_task-RestingState_eeg.set,R5,sub-NDARAC350XUM,8.212,74.0,2.0,410.558,test,7.931087017059326
/workspace/hbn_subset/R5/download/sub-NDARAC350XUM/eeg/sub-NDARAC350XUM_task-RestingState_eeg.set,R5,sub-NDARAC350XUM,8.212,76.0,2.0,410.558,test,8.624110221862793
/workspace/hbn_subset/R5/download/sub-NDARAC350XUM/eeg/sub-NDARAC350XUM_task-RestingState_eeg.set,R5,sub-NDARAC350XUM,8.212,78.0,2.0,410.558,test,8.69342041015625
/workspace/hbn_subset/R5/download/sub-NDARAC350XUM/eeg/sub-NDARAC350XUM_task-RestingState_eeg.set,R5,sub-NDARAC350XUM,8.212,80.0,2.0,410.558,test,8.409931182861328
/workspace/hbn_subset/R5/download/sub-NDARAC350XUM/eeg/sub-NDARAC350XUM_task-RestingState_eeg.set,R5,sub-NDARAC350XUM,8.212,82.0,2.0,410.558,test,8.526843070983887
/workspace/hbn_subset/R5/download/sub-NDARAC350XUM/eeg/sub-NDARAC350XUM_task-RestingState_eeg.set,R5,sub-NDARAC350XUM,8.212,84.0,2.0,410.558,test,7.496509552001953
/workspace/hbn_subset/R5/download/sub-NDARAC350XUM/eeg/sub-NDARAC350XUM_task-RestingState_eeg.set,R5,sub-NDARAC350XUM,8.212,86.0,2.0,410.558,test,8.732361793518066
/workspace/hbn_subset/R5/download/sub-NDARAC350XUM/eeg/sub-NDARAC350XUM_task-RestingState_eeg.set,R5,sub-NDARAC350XUM,8.212,88.0,2.0,410.558,test,7.119166851043701
/workspace/hbn_subset/R5/download/sub-NDARAC350XUM/eeg/sub-NDARAC350XUM_task-RestingState_eeg.set,R5,sub-NDARAC350XUM,8.212,90.0,2.0,410.558,test,8.653894424438477
/workspace/hbn_subset/R5/download/sub-NDARAC350XUM/eeg/sub-NDARAC350XUM_task-RestingState_eeg.set,R5,sub-NDARAC350XUM,8.212,92.0,2.0,410.558,test,7.800181865692139
/workspace/hbn_subset/R5/download/sub-NDARAC350XUM/eeg/sub-NDARAC350XUM_task-RestingState_eeg.set,R5,sub-NDARAC350XUM,8.212,94.0,2.0,410.558,test,7.617067337036133
/workspace/hbn_subset/R5/download/sub-NDARAC350XUM/eeg/sub-NDARAC350XUM_task-RestingState_eeg.set,R5,sub-NDARAC350XUM,8.212,96.0,2.0,410.558,test,7.8816728591918945
/workspace/hbn_subset/R5/download/sub-NDARAC350XUM/eeg/sub-NDARAC350XUM_task-RestingState_eeg.set,R5,sub-NDARAC350XUM,8.212,98.0,2.0,410.558,test,7.731621265411377
/workspace/hbn_subset/R5/download/sub-NDARAC350XUM/eeg/sub-NDARAC350XUM_task-RestingState_eeg.set,R5,sub-NDARAC350XUM,8.212,100.0,2.0,410.558,test,6.8849663734436035
/workspace/hbn_subset/R5/download/sub-NDARAC350XUM/eeg/sub-NDARAC350XUM_task-RestingState_eeg.set,R5,sub-NDARAC350XUM,8.212,102.0,2.0,410.558,test,8.740827560424805
/workspace/hbn_subset/R5/download/sub-NDARAC350XUM/eeg/sub-NDARAC350XUM_task-RestingState_eeg.set,R5,sub-NDARAC350XUM,8.212,104.0,2.0,410.558,test,7.183215141296387
/workspace/hbn_subset/R5/download/sub-NDARAC350XUM/eeg/sub-NDARAC350XUM_task-RestingState_eeg.set,R5,sub-NDARAC350XUM,8.212,106.0,2.0,410.558,test,5.934546947479248
/workspace/hbn_subset/R5/download/sub-NDARAC350XUM/eeg/sub-NDARAC350XUM_task-RestingState_eeg.set,R5,sub-NDARAC350XUM,8.212,108.0,2.0,410.558,test,8.271278381347656
/workspace/hbn_subset/R5/download/sub-NDARAC350XUM/eeg/sub-NDARAC350XUM_task-RestingState_eeg.set,R5,sub-NDARAC350XUM,8.212,110.0,2.0,410.558,test,7.125086307525635
/workspace/hbn_subset/R5/download/sub-NDARAC350XUM/eeg/sub-NDARAC350XUM_task-RestingState_eeg.set,R5,sub-NDARAC350XUM,8.212,112.0,2.0,410.558,test,7.363707065582275
/workspace/hbn_subset/R5/download/sub-NDARAC350XUM/eeg/sub-NDARAC350XUM_task-RestingState_eeg.set,R5,sub-NDARAC350XUM,8.212,114.0,2.0,410.558,test,7.511338710784912
/workspace/hbn_subset/R5/download/sub-NDARAC350XUM/eeg/sub-NDARAC350XUM_task-RestingState_eeg.set,R5,sub-NDARAC350XUM,8.212,116.0,2.0,410.558,test,8.622764587402344
/workspace/hbn_subset/R5/download/sub-NDARAC350XUM/eeg/sub-NDARAC350XUM_task-RestingState_eeg.set,R5,sub-NDARAC350XUM,8.212,118.0,2.0,410.558,test,8.11011028289795
/workspace/hbn_subset/R5/download/sub-NDARAC857HDB/eeg/sub-NDARAC857HDB_task-RestingState_eeg.set,R5,sub-NDARAC857HDB,6.975,0.0,2.0,351.52,test,8.554621696472168
/workspace/hbn_subset/R5/download/sub-NDARAC857HDB/eeg/sub-NDARAC857HDB_task-RestingState_eeg.set,R5,sub-NDARAC857HDB,6.975,2.0,2.0,351.52,test,8.620145797729492
/workspace/hbn_subset/R5/download/sub-NDARAC857HDB/eeg/sub-NDARAC857HDB_task-RestingState_eeg.set,R5,sub-NDARAC857HDB,6.975,4.0,2.0,351.52,test,7.469476222991943
/workspace/hbn_subset/R5/download/sub-NDARAC857HDB/eeg/sub-NDARAC857HDB_task-RestingState_eeg.set,R5,sub-NDARAC857HDB,6.975,6.0,2.0,351.52,test,7.163076400756836
/workspace/hbn_subset/R5/download/sub-NDARAC857HDB/eeg/sub-NDARAC857HDB_task-RestingState_eeg.set,R5,sub-NDARAC857HDB,6.975,8.0,2.0,351.52,test,9.571105003356934
/workspace/hbn_subset/R5/download/sub-NDARAC857HDB/eeg/sub-NDARAC857HDB_task-RestingState_eeg.set,R5,sub-NDARAC857HDB,6.975,10.0,2.0,351.52,test,8.049434661865234
/workspace/hbn_subset/R5/download/sub-NDARAC857HDB/eeg/sub-NDARAC857HDB_task-RestingState_eeg.set,R5,sub-NDARAC857HDB,6.975,12.0,2.0,351.52,test,6.99661922454834
/workspace/hbn_subset/R5/download/sub-NDARAC857HDB/eeg/sub-NDARAC857HDB_task-RestingState_eeg.set,R5,sub-NDARAC857HDB,6.975,14.0,2.0,351.52,test,8.060660362243652
/workspace/hbn_subset/R5/download/sub-NDARAC857HDB/eeg/sub-NDARAC857HDB_task-RestingState_eeg.set,R5,sub-NDARAC857HDB,6.975,16.0,2.0,351.52,test,8.434637069702148
/workspace/hbn_subset/R5/download/sub-NDARAC857HDB/eeg/sub-NDARAC857HDB_task-RestingState_eeg.set,R5,sub-NDARAC857HDB,6.975,18.0,2.0,351.52,test,7.44011116027832
/workspace/hbn_subset/R5/download/sub-NDARAC857HDB/eeg/sub-NDARAC857HDB_task-RestingState_eeg.set,R5,sub-NDARAC857HDB,6.975,20.0,2.0,351.52,test,8.391507148742676
/workspace/hbn_subset/R5/download/sub-NDARAC857HDB/eeg/sub-NDARAC857HDB_task-RestingState_eeg.set,R5,sub-NDARAC857HDB,6.975,22.0,2.0,351.52,test,7.329037189483643
/workspace/hbn_subset/R5/download/sub-NDARAC857HDB/eeg/sub-NDARAC857HDB_task-RestingState_eeg.set,R5,sub-NDARAC857HDB,6.975,24.0,2.0,351.52,test,7.172545909881592
/workspace/hbn_subset/R5/download/sub-NDARAC857HDB/eeg/sub-NDARAC857HDB_task-RestingState_eeg.set,R5,sub-NDARAC857HDB,6.975,26.0,2.0,351.52,test,6.661651611328125
/workspace/hbn_subset/R5/download/sub-NDARAC857HDB/eeg/sub-NDARAC857HDB_task-RestingState_eeg.set,R5,sub-NDARAC857HDB,6.975,28.0,2.0,351.52,test,7.47441291809082
/workspace/hbn_subset/R5/download/sub-NDARAC857HDB/eeg/sub-NDARAC857HDB_task-RestingState_eeg.set,R5,sub-NDARAC857HDB,6.975,30.0,2.0,351.52,test,6.977938175201416
/workspace/hbn_subset/R5/download/sub-NDARAC857HDB/eeg/sub-NDARAC857HDB_task-RestingState_eeg.set,R5,sub-NDARAC857HDB,6.975,32.0,2.0,351.52,test,7.714114189147949
/workspace/hbn_subset/R5/download/sub-NDARAC857HDB/eeg/sub-NDARAC857HDB_task-RestingState_eeg.set,R5,sub-NDARAC857HDB,6.975,34.0,2.0,351.52,test,7.2723774909973145
/workspace/hbn_subset/R5/download/sub-NDARAC857HDB/eeg/sub-NDARAC857HDB_task-RestingState_eeg.set,R5,sub-NDARAC857HDB,6.975,36.0,2.0,351.52,test,6.801200866699219
/workspace/hbn_subset/R5/download/sub-NDARAC857HDB/eeg/sub-NDARAC857HDB_task-RestingState_eeg.set,R5,sub-NDARAC857HDB,6.975,38.0,2.0,351.52,test,7.003480434417725
/workspace/hbn_subset/R5/download/sub-NDARAC857HDB/eeg/sub-NDARAC857HDB_task-RestingState_eeg.set,R5,sub-NDARAC857HDB,6.975,40.0,2.0,351.52,test,9.378047943115234
/workspace/hbn_subset/R5/download/sub-NDARAC857HDB/eeg/sub-NDARAC857HDB_task-RestingState_eeg.set,R5,sub-NDARAC857HDB,6.975,42.0,2.0,351.52,test,8.314659118652344
/workspace/hbn_subset/R5/download/sub-NDARAC857HDB/eeg/sub-NDARAC857HDB_task-RestingState_eeg.set,R5,sub-NDARAC857HDB,6.975,44.0,2.0,351.52,test,7.238207817077637
/workspace/hbn_subset/R5/download/sub-NDARAC857HDB/eeg/sub-NDARAC857HDB_task-RestingState_eeg.set,R5,sub-NDARAC857HDB,6.975,46.0,2.0,351.52,test,7.811681747436523
/workspace/hbn_subset/R5/download/sub-NDARAC857HDB/eeg/sub-NDARAC857HDB_task-RestingState_eeg.set,R5,sub-NDARAC857HDB,6.975,48.0,2.0,351.52,test,8.51766300201416
/workspace/hbn_subset/R5/download/sub-NDARAC857HDB/eeg/sub-NDARAC857HDB_task-RestingState_eeg.set,R5,sub-NDARAC857HDB,6.975,50.0,2.0,351.52,test,8.082337379455566
/workspace/hbn_subset/R5/download/sub-NDARAC857HDB/eeg/sub-NDARAC857HDB_task-RestingState_eeg.set,R5,sub-NDARAC857HDB,6.975,52.0,2.0,351.52,test,7.456516265869141
/workspace/hbn_subset/R5/download/sub-NDARAC857HDB/eeg/sub-NDARAC857HDB_task-RestingState_eeg.set,R5,sub-NDARAC857HDB,6.975,54.0,2.0,351.52,test,9.677567481994629
/workspace/hbn_subset/R5/download/sub-NDARAC857HDB/eeg/sub-NDARAC857HDB_task-RestingState_eeg.set,R5,sub-NDARAC857HDB,6.975,56.0,2.0,351.52,test,8.255980491638184
/workspace/hbn_subset/R5/download/sub-NDARAC857HDB/eeg/sub-NDARAC857HDB_task-RestingState_eeg.set,R5,sub-NDARAC857HDB,6.975,58.0,2.0,351.52,test,7.980063438415527
/workspace/hbn_subset/R5/download/sub-NDARAC857HDB/eeg/sub-NDARAC857HDB_task-RestingState_eeg.set,R5,sub-NDARAC857HDB,6.975,60.0,2.0,351.52,test,6.31863260269165
/workspace/hbn_subset/R5/download/sub-NDARAC857HDB/eeg/sub-NDARAC857HDB_task-RestingState_eeg.set,R5,sub-NDARAC857HDB,6.975,62.0,2.0,351.52,test,8.418478965759277
/workspace/hbn_subset/R5/download/sub-NDARAC857HDB/eeg/sub-NDARAC857HDB_task-RestingState_eeg.set,R5,sub-NDARAC857HDB,6.975,64.0,2.0,351.52,test,7.423519134521484
/workspace/hbn_subset/R5/download/sub-NDARAC857HDB/eeg/sub-NDARAC857HDB_task-RestingState_eeg.set,R5,sub-NDARAC857HDB,6.975,66.0,2.0,351.52,test,7.8288254737854
/workspace/hbn_subset/R5/download/sub-NDARAC857HDB/eeg/sub-NDARAC857HDB_task-RestingState_eeg.set,R5,sub-NDARAC857HDB,6.975,68.0,2.0,351.52,test,8.402770042419434
/workspace/hbn_subset/R5/download/sub-NDARAC857HDB/eeg/sub-NDARAC857HDB_task-RestingState_eeg.set,R5,sub-NDARAC857HDB,6.975,70.0,2.0,351.52,test,8.592787742614746
/workspace/hbn_subset/R5/download/sub-NDARAC857HDB/eeg/sub-NDARAC857HDB_task-RestingState_eeg.set,R5,sub-NDARAC857HDB,6.975,72.0,2.0,351.52,test,11.600687980651855
/workspace/hbn_subset/R5/download/sub-NDARAC857HDB/eeg/sub-NDARAC857HDB_task-RestingState_eeg.set,R5,sub-NDARAC857HDB,6.975,74.0,2.0,351.52,test,7.878838062286377
/workspace/hbn_subset/R5/download/sub-NDARAC857HDB/eeg/sub-NDARAC857HDB_task-RestingState_eeg.set,R5,sub-NDARAC857HDB,6.975,76.0,2.0,351.52,test,9.394001960754395
/workspace/hbn_subset/R5/download/sub-NDARAC857HDB/eeg/sub-NDARAC857HDB_task-RestingState_eeg.set,R5,sub-NDARAC857HDB,6.975,78.0,2.0,351.52,test,7.407679557800293
/workspace/hbn_subset/R5/download/sub-NDARAC857HDB/eeg/sub-NDARAC857HDB_task-RestingState_eeg.set,R5,sub-NDARAC857HDB,6.975,80.0,2.0,351.52,test,8.5047025680542
/workspace/hbn_subset/R5/download/sub-NDARAC857HDB/eeg/sub-NDARAC857HDB_task-RestingState_eeg.set,R5,sub-NDARAC857HDB,6.975,82.0,2.0,351.52,test,7.046529293060303
/workspace/hbn_subset/R5/download/sub-NDARAC857HDB/eeg/sub-NDARAC857HDB_task-RestingState_eeg.set,R5,sub-NDARAC857HDB,6.975,84.0,2.0,351.52,test,8.788981437683105
/workspace/hbn_subset/R5/download/sub-NDARAC857HDB/eeg/sub-NDARAC857HDB_task-RestingState_eeg.set,R5,sub-NDARAC857HDB,6.975,86.0,2.0,351.52,test,9.359021186828613
/workspace/hbn_subset/R5/download/sub-NDARAC857HDB/eeg/sub-NDARAC857HDB_task-RestingState_eeg.set,R5,sub-NDARAC857HDB,6.975,88.0,2.0,351.52,test,8.89533805847168
/workspace/hbn_subset/R5/download/sub-NDARAC857HDB/eeg/sub-NDARAC857HDB_task-RestingState_eeg.set,R5,sub-NDARAC857HDB,6.975,90.0,2.0,351.52,test,8.32724380493164
/workspace/hbn_subset/R5/download/sub-NDARAC857HDB/eeg/sub-NDARAC857HDB_task-RestingState_eeg.set,R5,sub-NDARAC857HDB,6.975,92.0,2.0,351.52,test,8.269004821777344
/workspace/hbn_subset/R5/download/sub-NDARAC857HDB/eeg/sub-NDARAC857HDB_task-RestingState_eeg.set,R5,sub-NDARAC857HDB,6.975,94.0,2.0,351.52,test,8.152701377868652
/workspace/hbn_subset/R5/download/sub-NDARAC857HDB/eeg/sub-NDARAC857HDB_task-RestingState_eeg.set,R5,sub-NDARAC857HDB,6.975,96.0,2.0,351.52,test,8.910898208618164
/workspace/hbn_subset/R5/download/sub-NDARAC857HDB/eeg/sub-NDARAC857HDB_task-RestingState_eeg.set,R5,sub-NDARAC857HDB,6.975,98.0,2.0,351.52,test,9.104964256286621
/workspace/hbn_subset/R5/download/sub-NDARAC857HDB/eeg/sub-NDARAC857HDB_task-RestingState_eeg.set,R5,sub-NDARAC857HDB,6.975,100.0,2.0,351.52,test,8.671467781066895
/workspace/hbn_subset/R5/download/sub-NDARAC857HDB/eeg/sub-NDARAC857HDB_task-RestingState_eeg.set,R5,sub-NDARAC857HDB,6.975,102.0,2.0,351.52,test,7.018770217895508
/workspace/hbn_subset/R5/download/sub-NDARAC857HDB/eeg/sub-NDARAC857HDB_task-RestingState_eeg.set,R5,sub-NDARAC857HDB,6.975,104.0,2.0,351.52,test,6.709855556488037
/workspace/hbn_subset/R5/download/sub-NDARAC857HDB/eeg/sub-NDARAC857HDB_task-RestingState_eeg.set,R5,sub-NDARAC857HDB,6.975,106.0,2.0,351.52,test,7.002439022064209
/workspace/hbn_subset/R5/download/sub-NDARAC857HDB/eeg/sub-NDARAC857HDB_task-RestingState_eeg.set,R5,sub-NDARAC857HDB,6.975,108.0,2.0,351.52,test,7.356526851654053
/workspace/hbn_subset/R5/download/sub-NDARAC857HDB/eeg/sub-NDARAC857HDB_task-RestingState_eeg.set,R5,sub-NDARAC857HDB,6.975,110.0,2.0,351.52,test,6.8822174072265625
/workspace/hbn_subset/R5/download/sub-NDARAC857HDB/eeg/sub-NDARAC857HDB_task-RestingState_eeg.set,R5,sub-NDARAC857HDB,6.975,112.0,2.0,351.52,test,8.53052806854248
/workspace/hbn_subset/R5/download/sub-NDARAC857HDB/eeg/sub-NDARAC857HDB_task-RestingState_eeg.set,R5,sub-NDARAC857HDB,6.975,114.0,2.0,351.52,test,7.474609851837158
/workspace/hbn_subset/R5/download/sub-NDARAC857HDB/eeg/sub-NDARAC857HDB_task-RestingState_eeg.set,R5,sub-NDARAC857HDB,6.975,116.0,2.0,351.52,test,8.613578796386719
/workspace/hbn_subset/R5/download/sub-NDARAC857HDB/eeg/sub-NDARAC857HDB_task-RestingState_eeg.set,R5,sub-NDARAC857HDB,6.975,118.0,2.0,351.52,test,7.2512006759643555
/workspace/hbn_subset/R5/download/sub-NDARAH304ED7/eeg/sub-NDARAH304ED7_task-RestingState_eeg.set,R5,sub-NDARAH304ED7,11.2867,0.0,2.0,468.958,test,8.95435619354248
/workspace/hbn_subset/R5/download/sub-NDARAH304ED7/eeg/sub-NDARAH304ED7_task-RestingState_eeg.set,R5,sub-NDARAH304ED7,11.2867,2.0,2.0,468.958,test,9.694759368896484
/workspace/hbn_subset/R5/download/sub-NDARAH304ED7/eeg/sub-NDARAH304ED7_task-RestingState_eeg.set,R5,sub-NDARAH304ED7,11.2867,4.0,2.0,468.958,test,8.815530776977539
/workspace/hbn_subset/R5/download/sub-NDARAH304ED7/eeg/sub-NDARAH304ED7_task-RestingState_eeg.set,R5,sub-NDARAH304ED7,11.2867,6.0,2.0,468.958,test,10.043713569641113
/workspace/hbn_subset/R5/download/sub-NDARAH304ED7/eeg/sub-NDARAH304ED7_task-RestingState_eeg.set,R5,sub-NDARAH304ED7,11.2867,8.0,2.0,468.958,test,9.185930252075195
/workspace/hbn_subset/R5/download/sub-NDARAH304ED7/eeg/sub-NDARAH304ED7_task-RestingState_eeg.set,R5,sub-NDARAH304ED7,11.2867,10.0,2.0,468.958,test,9.972060203552246
/workspace/hbn_subset/R5/download/sub-NDARAH304ED7/eeg/sub-NDARAH304ED7_task-RestingState_eeg.set,R5,sub-NDARAH304ED7,11.2867,12.0,2.0,468.958,test,8.976824760437012
/workspace/hbn_subset/R5/download/sub-NDARAH304ED7/eeg/sub-NDARAH304ED7_task-RestingState_eeg.set,R5,sub-NDARAH304ED7,11.2867,14.0,2.0,468.958,test,9.576716423034668
/workspace/hbn_subset/R5/download/sub-NDARAH304ED7/eeg/sub-NDARAH304ED7_task-RestingState_eeg.set,R5,sub-NDARAH304ED7,11.2867,16.0,2.0,468.958,test,9.366063117980957
/workspace/hbn_subset/R5/download/sub-NDARAH304ED7/eeg/sub-NDARAH304ED7_task-RestingState_eeg.set,R5,sub-NDARAH304ED7,11.2867,18.0,2.0,468.958,test,9.551265716552734
/workspace/hbn_subset/R5/download/sub-NDARAH304ED7/eeg/sub-NDARAH304ED7_task-RestingState_eeg.set,R5,sub-NDARAH304ED7,11.2867,20.0,2.0,468.958,test,8.81832504272461
/workspace/hbn_subset/R5/download/sub-NDARAH304ED7/eeg/sub-NDARAH304ED7_task-RestingState_eeg.set,R5,sub-NDARAH304ED7,11.2867,22.0,2.0,468.958,test,8.434222221374512
/workspace/hbn_subset/R5/download/sub-NDARAH304ED7/eeg/sub-NDARAH304ED7_task-RestingState_eeg.set,R5,sub-NDARAH304ED7,11.2867,24.0,2.0,468.958,test,9.318353652954102
/workspace/hbn_subset/R5/download/sub-NDARAH304ED7/eeg/sub-NDARAH304ED7_task-RestingState_eeg.set,R5,sub-NDARAH304ED7,11.2867,26.0,2.0,468.958,test,8.532078742980957
/workspace/hbn_subset/R5/download/sub-NDARAH304ED7/eeg/sub-NDARAH304ED7_task-RestingState_eeg.set,R5,sub-NDARAH304ED7,11.2867,28.0,2.0,468.958,test,9.145384788513184
/workspace/hbn_subset/R5/download/sub-NDARAH304ED7/eeg/sub-NDARAH304ED7_task-RestingState_eeg.set,R5,sub-NDARAH304ED7,11.2867,30.0,2.0,468.958,test,8.527545928955078
/workspace/hbn_subset/R5/download/sub-NDARAH304ED7/eeg/sub-NDARAH304ED7_task-RestingState_eeg.set,R5,sub-NDARAH304ED7,11.2867,32.0,2.0,468.958,test,7.873980522155762
/workspace/hbn_subset/R5/download/sub-NDARAH304ED7/eeg/sub-NDARAH304ED7_task-RestingState_eeg.set,R5,sub-NDARAH304ED7,11.2867,34.0,2.0,468.958,test,8.339977264404297
/workspace/hbn_subset/R5/download/sub-NDARAH304ED7/eeg/sub-NDARAH304ED7_task-RestingState_eeg.set,R5,sub-NDARAH304ED7,11.2867,36.0,2.0,468.958,test,8.437305450439453
/workspace/hbn_subset/R5/download/sub-NDARAH304ED7/eeg/sub-NDARAH304ED7_task-RestingState_eeg.set,R5,sub-NDARAH304ED7,11.2867,38.0,2.0,468.958,test,8.161084175109863
/workspace/hbn_subset/R5/download/sub-NDARAH304ED7/eeg/sub-NDARAH304ED7_task-RestingState_eeg.set,R5,sub-NDARAH304ED7,11.2867,40.0,2.0,468.958,test,8.462252616882324
/workspace/hbn_subset/R5/download/sub-NDARAH304ED7/eeg/sub-NDARAH304ED7_task-RestingState_eeg.set,R5,sub-NDARAH304ED7,11.2867,42.0,2.0,468.958,test,7.491052150726318
/workspace/hbn_subset/R5/download/sub-NDARAH304ED7/eeg/sub-NDARAH304ED7_task-RestingState_eeg.set,R5,sub-NDARAH304ED7,11.2867,44.0,2.0,468.958,test,8.577580451965332
/workspace/hbn_subset/R5/download/sub-NDARAH304ED7/eeg/sub-NDARAH304ED7_task-RestingState_eeg.set,R5,sub-NDARAH304ED7,11.2867,46.0,2.0,468.958,test,8.136354446411133
/workspace/hbn_subset/R5/download/sub-NDARAH304ED7/eeg/sub-NDARAH304ED7_task-RestingState_eeg.set,R5,sub-NDARAH304ED7,11.2867,48.0,2.0,468.958,test,9.032506942749023
/workspace/hbn_subset/R5/download/sub-NDARAH304ED7/eeg/sub-NDARAH304ED7_task-RestingState_eeg.set,R5,sub-NDARAH304ED7,11.2867,50.0,2.0,468.958,test,8.7035551071167
/workspace/hbn_subset/R5/download/sub-NDARAH304ED7/eeg/sub-NDARAH304ED7_task-RestingState_eeg.set,R5,sub-NDARAH304ED7,11.2867,52.0,2.0,468.958,test,8.349898338317871
/workspace/hbn_subset/R5/download/sub-NDARAH304ED7/eeg/sub-NDARAH304ED7_task-RestingState_eeg.set,R5,sub-NDARAH304ED7,11.2867,54.0,2.0,468.958,test,8.778273582458496
/workspace/hbn_subset/R5/download/sub-NDARAH304ED7/eeg/sub-NDARAH304ED7_task-RestingState_eeg.set,R5,sub-NDARAH304ED7,11.2867,56.0,2.0,468.958,test,8.449359893798828
/workspace/hbn_subset/R5/download/sub-NDARAH304ED7/eeg/sub-NDARAH304ED7_task-RestingState_eeg.set,R5,sub-NDARAH304ED7,11.2867,58.0,2.0,468.958,test,8.959723472595215
/workspace/hbn_subset/R5/download/sub-NDARAH304ED7/eeg/sub-NDARAH304ED7_task-RestingState_eeg.set,R5,sub-NDARAH304ED7,11.2867,60.0,2.0,468.958,test,8.153044700622559
/workspace/hbn_subset/R5/download/sub-NDARAH304ED7/eeg/sub-NDARAH304ED7_task-RestingState_eeg.set,R5,sub-NDARAH304ED7,11.2867,62.0,2.0,468.958,test,9.0764799118042
/workspace/hbn_subset/R5/download/sub-NDARAH304ED7/eeg/sub-NDARAH304ED7_task-RestingState_eeg.set,R5,sub-NDARAH304ED7,11.2867,64.0,2.0,468.958,test,8.869832038879395
/workspace/hbn_subset/R5/download/sub-NDARAH304ED7/eeg/sub-NDARAH304ED7_task-RestingState_eeg.set,R5,sub-NDARAH304ED7,11.2867,66.0,2.0,468.958,test,8.68657398223877
/workspace/hbn_subset/R5/download/sub-NDARAH304ED7/eeg/sub-NDARAH304ED7_task-RestingState_eeg.set,R5,sub-NDARAH304ED7,11.2867,68.0,2.0,468.958,test,9.429738998413086
/workspace/hbn_subset/R5/download/sub-NDARAH304ED7/eeg/sub-NDARAH304ED7_task-RestingState_eeg.set,R5,sub-NDARAH304ED7,11.2867,70.0,2.0,468.958,test,8.217370986938477
/workspace/hbn_subset/R5/download/sub-NDARAH304ED7/eeg/sub-NDARAH304ED7_task-RestingState_eeg.set,R5,sub-NDARAH304ED7,11.2867,72.0,2.0,468.958,test,9.03598690032959
/workspace/hbn_subset/R5/download/sub-NDARAH304ED7/eeg/sub-NDARAH304ED7_task-RestingState_eeg.set,R5,sub-NDARAH304ED7,11.2867,74.0,2.0,468.958,test,8.359678268432617
/workspace/hbn_subset/R5/download/sub-NDARAH304ED7/eeg/sub-NDARAH304ED7_task-RestingState_eeg.set,R5,sub-NDARAH304ED7,11.2867,76.0,2.0,468.958,test,8.860753059387207
/workspace/hbn_subset/R5/download/sub-NDARAH304ED7/eeg/sub-NDARAH304ED7_task-RestingState_eeg.set,R5,sub-NDARAH304ED7,11.2867,78.0,2.0,468.958,test,9.659708023071289
/workspace/hbn_subset/R5/download/sub-NDARAH304ED7/eeg/sub-NDARAH304ED7_task-RestingState_eeg.set,R5,sub-NDARAH304ED7,11.2867,80.0,2.0,468.958,test,10.471417427062988
/workspace/hbn_subset/R5/download/sub-NDARAH304ED7/eeg/sub-NDARAH304ED7_task-RestingState_eeg.set,R5,sub-NDARAH304ED7,11.2867,82.0,2.0,468.958,test,9.512819290161133
/workspace/hbn_subset/R5/download/sub-NDARAH304ED7/eeg/sub-NDARAH304ED7_task-RestingState_eeg.set,R5,sub-NDARAH304ED7,11.2867,84.0,2.0,468.958,test,8.453522682189941
/workspace/hbn_subset/R5/download/sub-NDARAH304ED7/eeg/sub-NDARAH304ED7_task-RestingState_eeg.set,R5,sub-NDARAH304ED7,11.2867,86.0,2.0,468.958,test,9.52112102508545
/workspace/hbn_subset/R5/download/sub-NDARAH304ED7/eeg/sub-NDARAH304ED7_task-RestingState_eeg.set,R5,sub-NDARAH304ED7,11.2867,88.0,2.0,468.958,test,8.365767478942871
/workspace/hbn_subset/R5/download/sub-NDARAH304ED7/eeg/sub-NDARAH304ED7_task-RestingState_eeg.set,R5,sub-NDARAH304ED7,11.2867,90.0,2.0,468.958,test,9.265409469604492
/workspace/hbn_subset/R5/download/sub-NDARAH304ED7/eeg/sub-NDARAH304ED7_task-RestingState_eeg.set,R5,sub-NDARAH304ED7,11.2867,92.0,2.0,468.958,test,9.030416488647461
/workspace/hbn_subset/R5/download/sub-NDARAH304ED7/eeg/sub-NDARAH304ED7_task-RestingState_eeg.set,R5,sub-NDARAH304ED7,11.2867,94.0,2.0,468.958,test,8.076558113098145
/workspace/hbn_subset/R5/download/sub-NDARAH304ED7/eeg/sub-NDARAH304ED7_task-RestingState_eeg.set,R5,sub-NDARAH304ED7,11.2867,96.0,2.0,468.958,test,9.779178619384766
/workspace/hbn_subset/R5/download/sub-NDARAH304ED7/eeg/sub-NDARAH304ED7_task-RestingState_eeg.set,R5,sub-NDARAH304ED7,11.2867,98.0,2.0,468.958,test,9.184183120727539
/workspace/hbn_subset/R5/download/sub-NDARAH304ED7/eeg/sub-NDARAH304ED7_task-RestingState_eeg.set,R5,sub-NDARAH304ED7,11.2867,100.0,2.0,468.958,test,9.91604232788086
/workspace/hbn_subset/R5/download/sub-NDARAH304ED7/eeg/sub-NDARAH304ED7_task-RestingState_eeg.set,R5,sub-NDARAH304ED7,11.2867,102.0,2.0,468.958,test,9.397844314575195
/workspace/hbn_subset/R5/download/sub-NDARAH304ED7/eeg/sub-NDARAH304ED7_task-RestingState_eeg.set,R5,sub-NDARAH304ED7,11.2867,104.0,2.0,468.958,test,9.172223091125488
/workspace/hbn_subset/R5/download/sub-NDARAH304ED7/eeg/sub-NDARAH304ED7_task-RestingState_eeg.set,R5,sub-NDARAH304ED7,11.2867,106.0,2.0,468.958,test,8.632030487060547
/workspace/hbn_subset/R5/download/sub-NDARAH304ED7/eeg/sub-NDARAH304ED7_task-RestingState_eeg.set,R5,sub-NDARAH304ED7,11.2867,108.0,2.0,468.958,test,9.041802406311035
/workspace/hbn_subset/R5/download/sub-NDARAH304ED7/eeg/sub-NDARAH304ED7_task-RestingState_eeg.set,R5,sub-NDARAH304ED7,11.2867,110.0,2.0,468.958,test,8.327022552490234
/workspace/hbn_subset/R5/download/sub-NDARAH304ED7/eeg/sub-NDARAH304ED7_task-RestingState_eeg.set,R5,sub-NDARAH304ED7,11.2867,112.0,2.0,468.958,test,8.28377914428711
/workspace/hbn_subset/R5/download/sub-NDARAH304ED7/eeg/sub-NDARAH304ED7_task-RestingState_eeg.set,R5,sub-NDARAH304ED7,11.2867,114.0,2.0,468.958,test,8.406599044799805
/workspace/hbn_subset/R5/download/sub-NDARAH304ED7/eeg/sub-NDARAH304ED7_task-RestingState_eeg.set,R5,sub-NDARAH304ED7,11.2867,116.0,2.0,468.958,test,9.113837242126465
/workspace/hbn_subset/R5/download/sub-NDARAH304ED7/eeg/sub-NDARAH304ED7_task-RestingState_eeg.set,R5,sub-NDARAH304ED7,11.2867,118.0,2.0,468.958,test,8.378300666809082
/workspace/hbn_subset/R5/download/sub-NDARAH793FBF/eeg/sub-NDARAH793FBF_task-RestingState_eeg.set,R5,sub-NDARAH793FBF,9.3427,0.0,2.0,353.806,test,9.828988075256348
/workspace/hbn_subset/R5/download/sub-NDARAH793FBF/eeg/sub-NDARAH793FBF_task-RestingState_eeg.set,R5,sub-NDARAH793FBF,9.3427,2.0,2.0,353.806,test,9.50737476348877
/workspace/hbn_subset/R5/download/sub-NDARAH793FBF/eeg/sub-NDARAH793FBF_task-RestingState_eeg.set,R5,sub-NDARAH793FBF,9.3427,4.0,2.0,353.806,test,8.884405136108398
/workspace/hbn_subset/R5/download/sub-NDARAH793FBF/eeg/sub-NDARAH793FBF_task-RestingState_eeg.set,R5,sub-NDARAH793FBF,9.3427,6.0,2.0,353.806,test,8.073583602905273
/workspace/hbn_subset/R5/download/sub-NDARAH793FBF/eeg/sub-NDARAH793FBF_task-RestingState_eeg.set,R5,sub-NDARAH793FBF,9.3427,8.0,2.0,353.806,test,7.364224910736084
/workspace/hbn_subset/R5/download/sub-NDARAH793FBF/eeg/sub-NDARAH793FBF_task-RestingState_eeg.set,R5,sub-NDARAH793FBF,9.3427,10.0,2.0,353.806,test,7.652374744415283
/workspace/hbn_subset/R5/download/sub-NDARAH793FBF/eeg/sub-NDARAH793FBF_task-RestingState_eeg.set,R5,sub-NDARAH793FBF,9.3427,12.0,2.0,353.806,test,8.977743148803711
/workspace/hbn_subset/R5/download/sub-NDARAH793FBF/eeg/sub-NDARAH793FBF_task-RestingState_eeg.set,R5,sub-NDARAH793FBF,9.3427,14.0,2.0,353.806,test,8.995654106140137
/workspace/hbn_subset/R5/download/sub-NDARAH793FBF/eeg/sub-NDARAH793FBF_task-RestingState_eeg.set,R5,sub-NDARAH793FBF,9.3427,16.0,2.0,353.806,test,8.467333793640137
/workspace/hbn_subset/R5/download/sub-NDARAH793FBF/eeg/sub-NDARAH793FBF_task-RestingState_eeg.set,R5,sub-NDARAH793FBF,9.3427,18.0,2.0,353.806,test,8.706571578979492
/workspace/hbn_subset/R5/download/sub-NDARAH793FBF/eeg/sub-NDARAH793FBF_task-RestingState_eeg.set,R5,sub-NDARAH793FBF,9.3427,20.0,2.0,353.806,test,8.013254165649414
/workspace/hbn_subset/R5/download/sub-NDARAH793FBF/eeg/sub-NDARAH793FBF_task-RestingState_eeg.set,R5,sub-NDARAH793FBF,9.3427,22.0,2.0,353.806,test,9.018735885620117
/workspace/hbn_subset/R5/download/sub-NDARAH793FBF/eeg/sub-NDARAH793FBF_task-RestingState_eeg.set,R5,sub-NDARAH793FBF,9.3427,24.0,2.0,353.806,test,8.213753700256348
/workspace/hbn_subset/R5/download/sub-NDARAH793FBF/eeg/sub-NDARAH793FBF_task-RestingState_eeg.set,R5,sub-NDARAH793FBF,9.3427,26.0,2.0,353.806,test,9.200423240661621
/workspace/hbn_subset/R5/download/sub-NDARAH793FBF/eeg/sub-NDARAH793FBF_task-RestingState_eeg.set,R5,sub-NDARAH793FBF,9.3427,28.0,2.0,353.806,test,7.856961250305176
/workspace/hbn_subset/R5/download/sub-NDARAH793FBF/eeg/sub-NDARAH793FBF_task-RestingState_eeg.set,R5,sub-NDARAH793FBF,9.3427,30.0,2.0,353.806,test,8.917595863342285
/workspace/hbn_subset/R5/download/sub-NDARAH793FBF/eeg/sub-NDARAH793FBF_task-RestingState_eeg.set,R5,sub-NDARAH793FBF,9.3427,32.0,2.0,353.806,test,8.805400848388672
/workspace/hbn_subset/R5/download/sub-NDARAH793FBF/eeg/sub-NDARAH793FBF_task-RestingState_eeg.set,R5,sub-NDARAH793FBF,9.3427,34.0,2.0,353.806,test,8.334426879882812
/workspace/hbn_subset/R5/download/sub-NDARAH793FBF/eeg/sub-NDARAH793FBF_task-RestingState_eeg.set,R5,sub-NDARAH793FBF,9.3427,36.0,2.0,353.806,test,8.047696113586426
/workspace/hbn_subset/R5/download/sub-NDARAH793FBF/eeg/sub-NDARAH793FBF_task-RestingState_eeg.set,R5,sub-NDARAH793FBF,9.3427,38.0,2.0,353.806,test,7.322402477264404
/workspace/hbn_subset/R5/download/sub-NDARAH793FBF/eeg/sub-NDARAH793FBF_task-RestingState_eeg.set,R5,sub-NDARAH793FBF,9.3427,40.0,2.0,353.806,test,7.793352127075195
/workspace/hbn_subset/R5/download/sub-NDARAH793FBF/eeg/sub-NDARAH793FBF_task-RestingState_eeg.set,R5,sub-NDARAH793FBF,9.3427,42.0,2.0,353.806,test,7.791738510131836
/workspace/hbn_subset/R5/download/sub-NDARAH793FBF/eeg/sub-NDARAH793FBF_task-RestingState_eeg.set,R5,sub-NDARAH793FBF,9.3427,44.0,2.0,353.806,test,7.7755889892578125
/workspace/hbn_subset/R5/download/sub-NDARAH793FBF/eeg/sub-NDARAH793FBF_task-RestingState_eeg.set,R5,sub-NDARAH793FBF,9.3427,46.0,2.0,353.806,test,6.962717056274414
/workspace/hbn_subset/R5/download/sub-NDARAH793FBF/eeg/sub-NDARAH793FBF_task-RestingState_eeg.set,R5,sub-NDARAH793FBF,9.3427,48.0,2.0,353.806,test,8.043315887451172
/workspace/hbn_subset/R5/download/sub-NDARAH793FBF/eeg/sub-NDARAH793FBF_task-RestingState_eeg.set,R5,sub-NDARAH793FBF,9.3427,50.0,2.0,353.806,test,8.032567977905273
/workspace/hbn_subset/R5/download/sub-NDARAH793FBF/eeg/sub-NDARAH793FBF_task-RestingState_eeg.set,R5,sub-NDARAH793FBF,9.3427,52.0,2.0,353.806,test,7.832888603210449
/workspace/hbn_subset/R5/download/sub-NDARAH793FBF/eeg/sub-NDARAH793FBF_task-RestingState_eeg.set,R5,sub-NDARAH793FBF,9.3427,54.0,2.0,353.806,test,7.349830150604248
/workspace/hbn_subset/R5/download/sub-NDARAH793FBF/eeg/sub-NDARAH793FBF_task-RestingState_eeg.set,R5,sub-NDARAH793FBF,9.3427,56.0,2.0,353.806,test,7.903787612915039
/workspace/hbn_subset/R5/download/sub-NDARAH793FBF/eeg/sub-NDARAH793FBF_task-RestingState_eeg.set,R5,sub-NDARAH793FBF,9.3427,58.0,2.0,353.806,test,8.578761100769043
/workspace/hbn_subset/R5/download/sub-NDARAH793FBF/eeg/sub-NDARAH793FBF_task-RestingState_eeg.set,R5,sub-NDARAH793FBF,9.3427,60.0,2.0,353.806,test,7.76971435546875
/workspace/hbn_subset/R5/download/sub-NDARAH793FBF/eeg/sub-NDARAH793FBF_task-RestingState_eeg.set,R5,sub-NDARAH793FBF,9.3427,62.0,2.0,353.806,test,8.913431167602539
/workspace/hbn_subset/R5/download/sub-NDARAH793FBF/eeg/sub-NDARAH793FBF_task-RestingState_eeg.set,R5,sub-NDARAH793FBF,9.3427,64.0,2.0,353.806,test,8.130380630493164
/workspace/hbn_subset/R5/download/sub-NDARAH793FBF/eeg/sub-NDARAH793FBF_task-RestingState_eeg.set,R5,sub-NDARAH793FBF,9.3427,66.0,2.0,353.806,test,7.930070400238037
/workspace/hbn_subset/R5/download/sub-NDARAH793FBF/eeg/sub-NDARAH793FBF_task-RestingState_eeg.set,R5,sub-NDARAH793FBF,9.3427,68.0,2.0,353.806,test,6.83926248550415
/workspace/hbn_subset/R5/download/sub-NDARAH793FBF/eeg/sub-NDARAH793FBF_task-RestingState_eeg.set,R5,sub-NDARAH793FBF,9.3427,70.0,2.0,353.806,test,8.511590957641602
/workspace/hbn_subset/R5/download/sub-NDARAH793FBF/eeg/sub-NDARAH793FBF_task-RestingState_eeg.set,R5,sub-NDARAH793FBF,9.3427,72.0,2.0,353.806,test,8.15450668334961
/workspace/hbn_subset/R5/download/sub-NDARAH793FBF/eeg/sub-NDARAH793FBF_task-RestingState_eeg.set,R5,sub-NDARAH793FBF,9.3427,74.0,2.0,353.806,test,8.96385669708252
/workspace/hbn_subset/R5/download/sub-NDARAH793FBF/eeg/sub-NDARAH793FBF_task-RestingState_eeg.set,R5,sub-NDARAH793FBF,9.3427,76.0,2.0,353.806,test,8.933024406433105
/workspace/hbn_subset/R5/download/sub-NDARAH793FBF/eeg/sub-NDARAH793FBF_task-RestingState_eeg.set,R5,sub-NDARAH793FBF,9.3427,78.0,2.0,353.806,test,8.683412551879883
/workspace/hbn_subset/R5/download/sub-NDARAH793FBF/eeg/sub-NDARAH793FBF_task-RestingState_eeg.set,R5,sub-NDARAH793FBF,9.3427,80.0,2.0,353.806,test,8.574440002441406
/workspace/hbn_subset/R5/download/sub-NDARAH793FBF/eeg/sub-NDARAH793FBF_task-RestingState_eeg.set,R5,sub-NDARAH793FBF,9.3427,82.0,2.0,353.806,test,7.138596534729004
/workspace/hbn_subset/R5/download/sub-NDARAH793FBF/eeg/sub-NDARAH793FBF_task-RestingState_eeg.set,R5,sub-NDARAH793FBF,9.3427,84.0,2.0,353.806,test,9.648508071899414
/workspace/hbn_subset/R5/download/sub-NDARAH793FBF/eeg/sub-NDARAH793FBF_task-RestingState_eeg.set,R5,sub-NDARAH793FBF,9.3427,86.0,2.0,353.806,test,9.130053520202637
/workspace/hbn_subset/R5/download/sub-NDARAH793FBF/eeg/sub-NDARAH793FBF_task-RestingState_eeg.set,R5,sub-NDARAH793FBF,9.3427,88.0,2.0,353.806,test,9.49787712097168
/workspace/hbn_subset/R5/download/sub-NDARAH793FBF/eeg/sub-NDARAH793FBF_task-RestingState_eeg.set,R5,sub-NDARAH793FBF,9.3427,90.0,2.0,353.806,test,10.394233703613281
/workspace/hbn_subset/R5/download/sub-NDARAH793FBF/eeg/sub-NDARAH793FBF_task-RestingState_eeg.set,R5,sub-NDARAH793FBF,9.3427,92.0,2.0,353.806,test,8.574524879455566
/workspace/hbn_subset/R5/download/sub-NDARAH793FBF/eeg/sub-NDARAH793FBF_task-RestingState_eeg.set,R5,sub-NDARAH793FBF,9.3427,94.0,2.0,353.806,test,9.447205543518066
/workspace/hbn_subset/R5/download/sub-NDARAH793FBF/eeg/sub-NDARAH793FBF_task-RestingState_eeg.set,R5,sub-NDARAH793FBF,9.3427,96.0,2.0,353.806,test,7.508718013763428
/workspace/hbn_subset/R5/download/sub-NDARAH793FBF/eeg/sub-NDARAH793FBF_task-RestingState_eeg.set,R5,sub-NDARAH793FBF,9.3427,98.0,2.0,353.806,test,6.515691757202148
/workspace/hbn_subset/R5/download/sub-NDARAH793FBF/eeg/sub-NDARAH793FBF_task-RestingState_eeg.set,R5,sub-NDARAH793FBF,9.3427,100.0,2.0,353.806,test,8.485480308532715
/workspace/hbn_subset/R5/download/sub-NDARAH793FBF/eeg/sub-NDARAH793FBF_task-RestingState_eeg.set,R5,sub-NDARAH793FBF,9.3427,102.0,2.0,353.806,test,7.3979902267456055
/workspace/hbn_subset/R5/download/sub-NDARAH793FBF/eeg/sub-NDARAH793FBF_task-RestingState_eeg.set,R5,sub-NDARAH793FBF,9.3427,104.0,2.0,353.806,test,7.653454303741455
/workspace/hbn_subset/R5/download/sub-NDARAH793FBF/eeg/sub-NDARAH793FBF_task-RestingState_eeg.set,R5,sub-NDARAH793FBF,9.3427,106.0,2.0,353.806,test,10.38128662109375
/workspace/hbn_subset/R5/download/sub-NDARAH793FBF/eeg/sub-NDARAH793FBF_task-RestingState_eeg.set,R5,sub-NDARAH793FBF,9.3427,108.0,2.0,353.806,test,7.725488662719727
/workspace/hbn_subset/R5/download/sub-NDARAH793FBF/eeg/sub-NDARAH793FBF_task-RestingState_eeg.set,R5,sub-NDARAH793FBF,9.3427,110.0,2.0,353.806,test,7.244694232940674
/workspace/hbn_subset/R5/download/sub-NDARAH793FBF/eeg/sub-NDARAH793FBF_task-RestingState_eeg.set,R5,sub-NDARAH793FBF,9.3427,112.0,2.0,353.806,test,7.457953929901123
/workspace/hbn_subset/R5/download/sub-NDARAH793FBF/eeg/sub-NDARAH793FBF_task-RestingState_eeg.set,R5,sub-NDARAH793FBF,9.3427,114.0,2.0,353.806,test,7.733875274658203
/workspace/hbn_subset/R5/download/sub-NDARAH793FBF/eeg/sub-NDARAH793FBF_task-RestingState_eeg.set,R5,sub-NDARAH793FBF,9.3427,116.0,2.0,353.806,test,7.899751663208008
/workspace/hbn_subset/R5/download/sub-NDARAH793FBF/eeg/sub-NDARAH793FBF_task-RestingState_eeg.set,R5,sub-NDARAH793FBF,9.3427,118.0,2.0,353.806,test,8.240384101867676
/workspace/hbn_subset/R5/download/sub-NDARAJ689BVN/eeg/sub-NDARAJ689BVN_task-RestingState_eeg.set,R5,sub-NDARAJ689BVN,5.4878,0.0,2.0,347.222,test,8.769922256469727
/workspace/hbn_subset/R5/download/sub-NDARAJ689BVN/eeg/sub-NDARAJ689BVN_task-RestingState_eeg.set,R5,sub-NDARAJ689BVN,5.4878,2.0,2.0,347.222,test,8.857553482055664
/workspace/hbn_subset/R5/download/sub-NDARAJ689BVN/eeg/sub-NDARAJ689BVN_task-RestingState_eeg.set,R5,sub-NDARAJ689BVN,5.4878,4.0,2.0,347.222,test,11.914387702941895
/workspace/hbn_subset/R5/download/sub-NDARAJ689BVN/eeg/sub-NDARAJ689BVN_task-RestingState_eeg.set,R5,sub-NDARAJ689BVN,5.4878,6.0,2.0,347.222,test,9.613530158996582
/workspace/hbn_subset/R5/download/sub-NDARAJ689BVN/eeg/sub-NDARAJ689BVN_task-RestingState_eeg.set,R5,sub-NDARAJ689BVN,5.4878,8.0,2.0,347.222,test,8.91981315612793
/workspace/hbn_subset/R5/download/sub-NDARAJ689BVN/eeg/sub-NDARAJ689BVN_task-RestingState_eeg.set,R5,sub-NDARAJ689BVN,5.4878,10.0,2.0,347.222,test,8.807960510253906
/workspace/hbn_subset/R5/download/sub-NDARAJ689BVN/eeg/sub-NDARAJ689BVN_task-RestingState_eeg.set,R5,sub-NDARAJ689BVN,5.4878,12.0,2.0,347.222,test,9.683097839355469
/workspace/hbn_subset/R5/download/sub-NDARAJ689BVN/eeg/sub-NDARAJ689BVN_task-RestingState_eeg.set,R5,sub-NDARAJ689BVN,5.4878,14.0,2.0,347.222,test,9.051130294799805
/workspace/hbn_subset/R5/download/sub-NDARAJ689BVN/eeg/sub-NDARAJ689BVN_task-RestingState_eeg.set,R5,sub-NDARAJ689BVN,5.4878,16.0,2.0,347.222,test,11.2571439743042
/workspace/hbn_subset/R5/download/sub-NDARAJ689BVN/eeg/sub-NDARAJ689BVN_task-RestingState_eeg.set,R5,sub-NDARAJ689BVN,5.4878,18.0,2.0,347.222,test,8.947161674499512
/workspace/hbn_subset/R5/download/sub-NDARAJ689BVN/eeg/sub-NDARAJ689BVN_task-RestingState_eeg.set,R5,sub-NDARAJ689BVN,5.4878,20.0,2.0,347.222,test,8.562259674072266
/workspace/hbn_subset/R5/download/sub-NDARAJ689BVN/eeg/sub-NDARAJ689BVN_task-RestingState_eeg.set,R5,sub-NDARAJ689BVN,5.4878,22.0,2.0,347.222,test,8.707921981811523
/workspace/hbn_subset/R5/download/sub-NDARAJ689BVN/eeg/sub-NDARAJ689BVN_task-RestingState_eeg.set,R5,sub-NDARAJ689BVN,5.4878,24.0,2.0,347.222,test,8.747811317443848
/workspace/hbn_subset/R5/download/sub-NDARAJ689BVN/eeg/sub-NDARAJ689BVN_task-RestingState_eeg.set,R5,sub-NDARAJ689BVN,5.4878,26.0,2.0,347.222,test,8.319499015808105
/workspace/hbn_subset/R5/download/sub-NDARAJ689BVN/eeg/sub-NDARAJ689BVN_task-RestingState_eeg.set,R5,sub-NDARAJ689BVN,5.4878,28.0,2.0,347.222,test,8.261155128479004
/workspace/hbn_subset/R5/download/sub-NDARAJ689BVN/eeg/sub-NDARAJ689BVN_task-RestingState_eeg.set,R5,sub-NDARAJ689BVN,5.4878,30.0,2.0,347.222,test,8.643404960632324
/workspace/hbn_subset/R5/download/sub-NDARAJ689BVN/eeg/sub-NDARAJ689BVN_task-RestingState_eeg.set,R5,sub-NDARAJ689BVN,5.4878,32.0,2.0,347.222,test,8.876404762268066
/workspace/hbn_subset/R5/download/sub-NDARAJ689BVN/eeg/sub-NDARAJ689BVN_task-RestingState_eeg.set,R5,sub-NDARAJ689BVN,5.4878,34.0,2.0,347.222,test,8.680253028869629
/workspace/hbn_subset/R5/download/sub-NDARAJ689BVN/eeg/sub-NDARAJ689BVN_task-RestingState_eeg.set,R5,sub-NDARAJ689BVN,5.4878,36.0,2.0,347.222,test,8.91712474822998
/workspace/hbn_subset/R5/download/sub-NDARAJ689BVN/eeg/sub-NDARAJ689BVN_task-RestingState_eeg.set,R5,sub-NDARAJ689BVN,5.4878,38.0,2.0,347.222,test,8.54317569732666
/workspace/hbn_subset/R5/download/sub-NDARAJ689BVN/eeg/sub-NDARAJ689BVN_task-RestingState_eeg.set,R5,sub-NDARAJ689BVN,5.4878,40.0,2.0,347.222,test,8.336616516113281
/workspace/hbn_subset/R5/download/sub-NDARAJ689BVN/eeg/sub-NDARAJ689BVN_task-RestingState_eeg.set,R5,sub-NDARAJ689BVN,5.4878,42.0,2.0,347.222,test,10.182814598083496
/workspace/hbn_subset/R5/download/sub-NDARAJ689BVN/eeg/sub-NDARAJ689BVN_task-RestingState_eeg.set,R5,sub-NDARAJ689BVN,5.4878,44.0,2.0,347.222,test,9.438508033752441
/workspace/hbn_subset/R5/download/sub-NDARAJ689BVN/eeg/sub-NDARAJ689BVN_task-RestingState_eeg.set,R5,sub-NDARAJ689BVN,5.4878,46.0,2.0,347.222,test,9.071891784667969
/workspace/hbn_subset/R5/download/sub-NDARAJ689BVN/eeg/sub-NDARAJ689BVN_task-RestingState_eeg.set,R5,sub-NDARAJ689BVN,5.4878,48.0,2.0,347.222,test,8.635819435119629
/workspace/hbn_subset/R5/download/sub-NDARAJ689BVN/eeg/sub-NDARAJ689BVN_task-RestingState_eeg.set,R5,sub-NDARAJ689BVN,5.4878,50.0,2.0,347.222,test,8.355700492858887
/workspace/hbn_subset/R5/download/sub-NDARAJ689BVN/eeg/sub-NDARAJ689BVN_task-RestingState_eeg.set,R5,sub-NDARAJ689BVN,5.4878,52.0,2.0,347.222,test,9.754731178283691
/workspace/hbn_subset/R5/download/sub-NDARAJ689BVN/eeg/sub-NDARAJ689BVN_task-RestingState_eeg.set,R5,sub-NDARAJ689BVN,5.4878,54.0,2.0,347.222,test,9.489903450012207
/workspace/hbn_subset/R5/download/sub-NDARAJ689BVN/eeg/sub-NDARAJ689BVN_task-RestingState_eeg.set,R5,sub-NDARAJ689BVN,5.4878,56.0,2.0,347.222,test,9.325163841247559
/workspace/hbn_subset/R5/download/sub-NDARAJ689BVN/eeg/sub-NDARAJ689BVN_task-RestingState_eeg.set,R5,sub-NDARAJ689BVN,5.4878,58.0,2.0,347.222,test,9.221149444580078
/workspace/hbn_subset/R5/download/sub-NDARAJ689BVN/eeg/sub-NDARAJ689BVN_task-RestingState_eeg.set,R5,sub-NDARAJ689BVN,5.4878,60.0,2.0,347.222,test,10.045328140258789
/workspace/hbn_subset/R5/download/sub-NDARAJ689BVN/eeg/sub-NDARAJ689BVN_task-RestingState_eeg.set,R5,sub-NDARAJ689BVN,5.4878,62.0,2.0,347.222,test,8.499555587768555
/workspace/hbn_subset/R5/download/sub-NDARAJ689BVN/eeg/sub-NDARAJ689BVN_task-RestingState_eeg.set,R5,sub-NDARAJ689BVN,5.4878,64.0,2.0,347.222,test,9.737001419067383
/workspace/hbn_subset/R5/download/sub-NDARAJ689BVN/eeg/sub-NDARAJ689BVN_task-RestingState_eeg.set,R5,sub-NDARAJ689BVN,5.4878,66.0,2.0,347.222,test,8.5797758102417
/workspace/hbn_subset/R5/download/sub-NDARAJ689BVN/eeg/sub-NDARAJ689BVN_task-RestingState_eeg.set,R5,sub-NDARAJ689BVN,5.4878,68.0,2.0,347.222,test,9.683155059814453
/workspace/hbn_subset/R5/download/sub-NDARAJ689BVN/eeg/sub-NDARAJ689BVN_task-RestingState_eeg.set,R5,sub-NDARAJ689BVN,5.4878,70.0,2.0,347.222,test,8.795974731445312
/workspace/hbn_subset/R5/download/sub-NDARAJ689BVN/eeg/sub-NDARAJ689BVN_task-RestingState_eeg.set,R5,sub-NDARAJ689BVN,5.4878,72.0,2.0,347.222,test,8.127424240112305
/workspace/hbn_subset/R5/download/sub-NDARAJ689BVN/eeg/sub-NDARAJ689BVN_task-RestingState_eeg.set,R5,sub-NDARAJ689BVN,5.4878,74.0,2.0,347.222,test,8.441167831420898
/workspace/hbn_subset/R5/download/sub-NDARAJ689BVN/eeg/sub-NDARAJ689BVN_task-RestingState_eeg.set,R5,sub-NDARAJ689BVN,5.4878,76.0,2.0,347.222,test,8.013222694396973
/workspace/hbn_subset/R5/download/sub-NDARAJ689BVN/eeg/sub-NDARAJ689BVN_task-RestingState_eeg.set,R5,sub-NDARAJ689BVN,5.4878,78.0,2.0,347.222,test,7.432393550872803
/workspace/hbn_subset/R5/download/sub-NDARAJ689BVN/eeg/sub-NDARAJ689BVN_task-RestingState_eeg.set,R5,sub-NDARAJ689BVN,5.4878,80.0,2.0,347.222,test,8.516258239746094
/workspace/hbn_subset/R5/download/sub-NDARAJ689BVN/eeg/sub-NDARAJ689BVN_task-RestingState_eeg.set,R5,sub-NDARAJ689BVN,5.4878,82.0,2.0,347.222,test,8.423257827758789
/workspace/hbn_subset/R5/download/sub-NDARAJ689BVN/eeg/sub-NDARAJ689BVN_task-RestingState_eeg.set,R5,sub-NDARAJ689BVN,5.4878,84.0,2.0,347.222,test,8.662793159484863
/workspace/hbn_subset/R5/download/sub-NDARAJ689BVN/eeg/sub-NDARAJ689BVN_task-RestingState_eeg.set,R5,sub-NDARAJ689BVN,5.4878,86.0,2.0,347.222,test,7.97079610824585
/workspace/hbn_subset/R5/download/sub-NDARAJ689BVN/eeg/sub-NDARAJ689BVN_task-RestingState_eeg.set,R5,sub-NDARAJ689BVN,5.4878,88.0,2.0,347.222,test,7.661190509796143
/workspace/hbn_subset/R5/download/sub-NDARAJ689BVN/eeg/sub-NDARAJ689BVN_task-RestingState_eeg.set,R5,sub-NDARAJ689BVN,5.4878,90.0,2.0,347.222,test,8.476398468017578
/workspace/hbn_subset/R5/download/sub-NDARAJ689BVN/eeg/sub-NDARAJ689BVN_task-RestingState_eeg.set,R5,sub-NDARAJ689BVN,5.4878,92.0,2.0,347.222,test,8.486777305603027
/workspace/hbn_subset/R5/download/sub-NDARAJ689BVN/eeg/sub-NDARAJ689BVN_task-RestingState_eeg.set,R5,sub-NDARAJ689BVN,5.4878,94.0,2.0,347.222,test,8.719173431396484
/workspace/hbn_subset/R5/download/sub-NDARAJ689BVN/eeg/sub-NDARAJ689BVN_task-RestingState_eeg.set,R5,sub-NDARAJ689BVN,5.4878,96.0,2.0,347.222,test,8.616695404052734
/workspace/hbn_subset/R5/download/sub-NDARAJ689BVN/eeg/sub-NDARAJ689BVN_task-RestingState_eeg.set,R5,sub-NDARAJ689BVN,5.4878,98.0,2.0,347.222,test,8.194334030151367
/workspace/hbn_subset/R5/download/sub-NDARAJ689BVN/eeg/sub-NDARAJ689BVN_task-RestingState_eeg.set,R5,sub-NDARAJ689BVN,5.4878,100.0,2.0,347.222,test,7.9174275398254395
/workspace/hbn_subset/R5/download/sub-NDARAJ689BVN/eeg/sub-NDARAJ689BVN_task-RestingState_eeg.set,R5,sub-NDARAJ689BVN,5.4878,102.0,2.0,347.222,test,8.028651237487793
/workspace/hbn_subset/R5/download/sub-NDARAJ689BVN/eeg/sub-NDARAJ689BVN_task-RestingState_eeg.set,R5,sub-NDARAJ689BVN,5.4878,104.0,2.0,347.222,test,8.493626594543457
/workspace/hbn_subset/R5/download/sub-NDARAJ689BVN/eeg/sub-NDARAJ689BVN_task-RestingState_eeg.set,R5,sub-NDARAJ689BVN,5.4878,106.0,2.0,347.222,test,8.493809700012207
/workspace/hbn_subset/R5/download/sub-NDARAJ689BVN/eeg/sub-NDARAJ689BVN_task-RestingState_eeg.set,R5,sub-NDARAJ689BVN,5.4878,108.0,2.0,347.222,test,9.066584587097168
/workspace/hbn_subset/R5/download/sub-NDARAJ689BVN/eeg/sub-NDARAJ689BVN_task-RestingState_eeg.set,R5,sub-NDARAJ689BVN,5.4878,110.0,2.0,347.222,test,8.997099876403809
/workspace/hbn_subset/R5/download/sub-NDARAJ689BVN/eeg/sub-NDARAJ689BVN_task-RestingState_eeg.set,R5,sub-NDARAJ689BVN,5.4878,112.0,2.0,347.222,test,8.32361888885498
/workspace/hbn_subset/R5/download/sub-NDARAJ689BVN/eeg/sub-NDARAJ689BVN_task-RestingState_eeg.set,R5,sub-NDARAJ689BVN,5.4878,114.0,2.0,347.222,test,8.739950180053711
/workspace/hbn_subset/R5/download/sub-NDARAJ689BVN/eeg/sub-NDARAJ689BVN_task-RestingState_eeg.set,R5,sub-NDARAJ689BVN,5.4878,116.0,2.0,347.222,test,8.486323356628418
/workspace/hbn_subset/R5/download/sub-NDARAJ689BVN/eeg/sub-NDARAJ689BVN_task-RestingState_eeg.set,R5,sub-NDARAJ689BVN,5.4878,118.0,2.0,347.222,test,9.053447723388672
/workspace/hbn_subset/R5/download/sub-NDARAK738BGC/eeg/sub-NDARAK738BGC_task-RestingState_eeg.set,R5,sub-NDARAK738BGC,17.6032,0.0,2.0,388.864,test,8.95032024383545
/workspace/hbn_subset/R5/download/sub-NDARAK738BGC/eeg/sub-NDARAK738BGC_task-RestingState_eeg.set,R5,sub-NDARAK738BGC,17.6032,2.0,2.0,388.864,test,9.542150497436523
/workspace/hbn_subset/R5/download/sub-NDARAK738BGC/eeg/sub-NDARAK738BGC_task-RestingState_eeg.set,R5,sub-NDARAK738BGC,17.6032,4.0,2.0,388.864,test,9.352794647216797
/workspace/hbn_subset/R5/download/sub-NDARAK738BGC/eeg/sub-NDARAK738BGC_task-RestingState_eeg.set,R5,sub-NDARAK738BGC,17.6032,6.0,2.0,388.864,test,10.618843078613281
/workspace/hbn_subset/R5/download/sub-NDARAK738BGC/eeg/sub-NDARAK738BGC_task-RestingState_eeg.set,R5,sub-NDARAK738BGC,17.6032,8.0,2.0,388.864,test,10.060015678405762
/workspace/hbn_subset/R5/download/sub-NDARAK738BGC/eeg/sub-NDARAK738BGC_task-RestingState_eeg.set,R5,sub-NDARAK738BGC,17.6032,10.0,2.0,388.864,test,9.582429885864258
/workspace/hbn_subset/R5/download/sub-NDARAK738BGC/eeg/sub-NDARAK738BGC_task-RestingState_eeg.set,R5,sub-NDARAK738BGC,17.6032,12.0,2.0,388.864,test,10.162936210632324
/workspace/hbn_subset/R5/download/sub-NDARAK738BGC/eeg/sub-NDARAK738BGC_task-RestingState_eeg.set,R5,sub-NDARAK738BGC,17.6032,14.0,2.0,388.864,test,9.290546417236328
/workspace/hbn_subset/R5/download/sub-NDARAK738BGC/eeg/sub-NDARAK738BGC_task-RestingState_eeg.set,R5,sub-NDARAK738BGC,17.6032,16.0,2.0,388.864,test,9.531973838806152
/workspace/hbn_subset/R5/download/sub-NDARAK738BGC/eeg/sub-NDARAK738BGC_task-RestingState_eeg.set,R5,sub-NDARAK738BGC,17.6032,18.0,2.0,388.864,test,10.12962532043457
/workspace/hbn_subset/R5/download/sub-NDARAK738BGC/eeg/sub-NDARAK738BGC_task-RestingState_eeg.set,R5,sub-NDARAK738BGC,17.6032,20.0,2.0,388.864,test,9.33554744720459
/workspace/hbn_subset/R5/download/sub-NDARAK738BGC/eeg/sub-NDARAK738BGC_task-RestingState_eeg.set,R5,sub-NDARAK738BGC,17.6032,22.0,2.0,388.864,test,9.413838386535645
/workspace/hbn_subset/R5/download/sub-NDARAK738BGC/eeg/sub-NDARAK738BGC_task-RestingState_eeg.set,R5,sub-NDARAK738BGC,17.6032,24.0,2.0,388.864,test,9.72167682647705
/workspace/hbn_subset/R5/download/sub-NDARAK738BGC/eeg/sub-NDARAK738BGC_task-RestingState_eeg.set,R5,sub-NDARAK738BGC,17.6032,26.0,2.0,388.864,test,9.195064544677734
/workspace/hbn_subset/R5/download/sub-NDARAK738BGC/eeg/sub-NDARAK738BGC_task-RestingState_eeg.set,R5,sub-NDARAK738BGC,17.6032,28.0,2.0,388.864,test,9.3621244430542
/workspace/hbn_subset/R5/download/sub-NDARAK738BGC/eeg/sub-NDARAK738BGC_task-RestingState_eeg.set,R5,sub-NDARAK738BGC,17.6032,30.0,2.0,388.864,test,9.522019386291504
/workspace/hbn_subset/R5/download/sub-NDARAK738BGC/eeg/sub-NDARAK738BGC_task-RestingState_eeg.set,R5,sub-NDARAK738BGC,17.6032,32.0,2.0,388.864,test,10.259367942810059
/workspace/hbn_subset/R5/download/sub-NDARAK738BGC/eeg/sub-NDARAK738BGC_task-RestingState_eeg.set,R5,sub-NDARAK738BGC,17.6032,34.0,2.0,388.864,test,12.545592308044434
/workspace/hbn_subset/R5/download/sub-NDARAK738BGC/eeg/sub-NDARAK738BGC_task-RestingState_eeg.set,R5,sub-NDARAK738BGC,17.6032,36.0,2.0,388.864,test,9.025644302368164
/workspace/hbn_subset/R5/download/sub-NDARAK738BGC/eeg/sub-NDARAK738BGC_task-RestingState_eeg.set,R5,sub-NDARAK738BGC,17.6032,38.0,2.0,388.864,test,9.071279525756836
/workspace/hbn_subset/R5/download/sub-NDARAK738BGC/eeg/sub-NDARAK738BGC_task-RestingState_eeg.set,R5,sub-NDARAK738BGC,17.6032,40.0,2.0,388.864,test,8.939882278442383
/workspace/hbn_subset/R5/download/sub-NDARAK738BGC/eeg/sub-NDARAK738BGC_task-RestingState_eeg.set,R5,sub-NDARAK738BGC,17.6032,42.0,2.0,388.864,test,9.096694946289062
/workspace/hbn_subset/R5/download/sub-NDARAK738BGC/eeg/sub-NDARAK738BGC_task-RestingState_eeg.set,R5,sub-NDARAK738BGC,17.6032,44.0,2.0,388.864,test,10.082030296325684
/workspace/hbn_subset/R5/download/sub-NDARAK738BGC/eeg/sub-NDARAK738BGC_task-RestingState_eeg.set,R5,sub-NDARAK738BGC,17.6032,46.0,2.0,388.864,test,8.83939266204834
/workspace/hbn_subset/R5/download/sub-NDARAK738BGC/eeg/sub-NDARAK738BGC_task-RestingState_eeg.set,R5,sub-NDARAK738BGC,17.6032,48.0,2.0,388.864,test,9.48723316192627
/workspace/hbn_subset/R5/download/sub-NDARAK738BGC/eeg/sub-NDARAK738BGC_task-RestingState_eeg.set,R5,sub-NDARAK738BGC,17.6032,50.0,2.0,388.864,test,8.513287544250488
/workspace/hbn_subset/R5/download/sub-NDARAK738BGC/eeg/sub-NDARAK738BGC_task-RestingState_eeg.set,R5,sub-NDARAK738BGC,17.6032,52.0,2.0,388.864,test,9.550943374633789
/workspace/hbn_subset/R5/download/sub-NDARAK738BGC/eeg/sub-NDARAK738BGC_task-RestingState_eeg.set,R5,sub-NDARAK738BGC,17.6032,54.0,2.0,388.864,test,9.353433609008789
/workspace/hbn_subset/R5/download/sub-NDARAK738BGC/eeg/sub-NDARAK738BGC_task-RestingState_eeg.set,R5,sub-NDARAK738BGC,17.6032,56.0,2.0,388.864,test,9.574498176574707
/workspace/hbn_subset/R5/download/sub-NDARAK738BGC/eeg/sub-NDARAK738BGC_task-RestingState_eeg.set,R5,sub-NDARAK738BGC,17.6032,58.0,2.0,388.864,test,9.371293067932129
/workspace/hbn_subset/R5/download/sub-NDARAK738BGC/eeg/sub-NDARAK738BGC_task-RestingState_eeg.set,R5,sub-NDARAK738BGC,17.6032,60.0,2.0,388.864,test,9.352649688720703
/workspace/hbn_subset/R5/download/sub-NDARAK738BGC/eeg/sub-NDARAK738BGC_task-RestingState_eeg.set,R5,sub-NDARAK738BGC,17.6032,62.0,2.0,388.864,test,9.396531105041504
/workspace/hbn_subset/R5/download/sub-NDARAK738BGC/eeg/sub-NDARAK738BGC_task-RestingState_eeg.set,R5,sub-NDARAK738BGC,17.6032,64.0,2.0,388.864,test,9.207161903381348
/workspace/hbn_subset/R5/download/sub-NDARAK738BGC/eeg/sub-NDARAK738BGC_task-RestingState_eeg.set,R5,sub-NDARAK738BGC,17.6032,66.0,2.0,388.864,test,9.376912117004395
/workspace/hbn_subset/R5/download/sub-NDARAK738BGC/eeg/sub-NDARAK738BGC_task-RestingState_eeg.set,R5,sub-NDARAK738BGC,17.6032,68.0,2.0,388.864,test,9.61324405670166
/workspace/hbn_subset/R5/download/sub-NDARAK738BGC/eeg/sub-NDARAK738BGC_task-RestingState_eeg.set,R5,sub-NDARAK738BGC,17.6032,70.0,2.0,388.864,test,9.171019554138184
/workspace/hbn_subset/R5/download/sub-NDARAK738BGC/eeg/sub-NDARAK738BGC_task-RestingState_eeg.set,R5,sub-NDARAK738BGC,17.6032,72.0,2.0,388.864,test,9.819785118103027
/workspace/hbn_subset/R5/download/sub-NDARAK738BGC/eeg/sub-NDARAK738BGC_task-RestingState_eeg.set,R5,sub-NDARAK738BGC,17.6032,74.0,2.0,388.864,test,9.536190032958984
/workspace/hbn_subset/R5/download/sub-NDARAK738BGC/eeg/sub-NDARAK738BGC_task-RestingState_eeg.set,R5,sub-NDARAK738BGC,17.6032,76.0,2.0,388.864,test,9.441145896911621
/workspace/hbn_subset/R5/download/sub-NDARAK738BGC/eeg/sub-NDARAK738BGC_task-RestingState_eeg.set,R5,sub-NDARAK738BGC,17.6032,78.0,2.0,388.864,test,9.93376350402832
/workspace/hbn_subset/R5/download/sub-NDARAK738BGC/eeg/sub-NDARAK738BGC_task-RestingState_eeg.set,R5,sub-NDARAK738BGC,17.6032,80.0,2.0,388.864,test,10.359970092773438
/workspace/hbn_subset/R5/download/sub-NDARAK738BGC/eeg/sub-NDARAK738BGC_task-RestingState_eeg.set,R5,sub-NDARAK738BGC,17.6032,82.0,2.0,388.864,test,10.537836074829102
/workspace/hbn_subset/R5/download/sub-NDARAK738BGC/eeg/sub-NDARAK738BGC_task-RestingState_eeg.set,R5,sub-NDARAK738BGC,17.6032,84.0,2.0,388.864,test,9.782788276672363
/workspace/hbn_subset/R5/download/sub-NDARAK738BGC/eeg/sub-NDARAK738BGC_task-RestingState_eeg.set,R5,sub-NDARAK738BGC,17.6032,86.0,2.0,388.864,test,9.531998634338379
/workspace/hbn_subset/R5/download/sub-NDARAK738BGC/eeg/sub-NDARAK738BGC_task-RestingState_eeg.set,R5,sub-NDARAK738BGC,17.6032,88.0,2.0,388.864,test,9.35368824005127
/workspace/hbn_subset/R5/download/sub-NDARAK738BGC/eeg/sub-NDARAK738BGC_task-RestingState_eeg.set,R5,sub-NDARAK738BGC,17.6032,90.0,2.0,388.864,test,9.972538948059082
/workspace/hbn_subset/R5/download/sub-NDARAK738BGC/eeg/sub-NDARAK738BGC_task-RestingState_eeg.set,R5,sub-NDARAK738BGC,17.6032,92.0,2.0,388.864,test,9.436694145202637
/workspace/hbn_subset/R5/download/sub-NDARAK738BGC/eeg/sub-NDARAK738BGC_task-RestingState_eeg.set,R5,sub-NDARAK738BGC,17.6032,94.0,2.0,388.864,test,9.89395809173584
/workspace/hbn_subset/R5/download/sub-NDARAK738BGC/eeg/sub-NDARAK738BGC_task-RestingState_eeg.set,R5,sub-NDARAK738BGC,17.6032,96.0,2.0,388.864,test,10.157883644104004
/workspace/hbn_subset/R5/download/sub-NDARAK738BGC/eeg/sub-NDARAK738BGC_task-RestingState_eeg.set,R5,sub-NDARAK738BGC,17.6032,98.0,2.0,388.864,test,8.691128730773926
/workspace/hbn_subset/R5/download/sub-NDARAK738BGC/eeg/sub-NDARAK738BGC_task-RestingState_eeg.set,R5,sub-NDARAK738BGC,17.6032,100.0,2.0,388.864,test,9.520946502685547
/workspace/hbn_subset/R5/download/sub-NDARAK738BGC/eeg/sub-NDARAK738BGC_task-RestingState_eeg.set,R5,sub-NDARAK738BGC,17.6032,102.0,2.0,388.864,test,9.475671768188477
/workspace/hbn_subset/R5/download/sub-NDARAK738BGC/eeg/sub-NDARAK738BGC_task-RestingState_eeg.set,R5,sub-NDARAK738BGC,17.6032,104.0,2.0,388.864,test,8.929181098937988
/workspace/hbn_subset/R5/download/sub-NDARAK738BGC/eeg/sub-NDARAK738BGC_task-RestingState_eeg.set,R5,sub-NDARAK738BGC,17.6032,106.0,2.0,388.864,test,10.221867561340332
/workspace/hbn_subset/R5/download/sub-NDARAK738BGC/eeg/sub-NDARAK738BGC_task-RestingState_eeg.set,R5,sub-NDARAK738BGC,17.6032,108.0,2.0,388.864,test,9.8826322555542
/workspace/hbn_subset/R5/download/sub-NDARAK738BGC/eeg/sub-NDARAK738BGC_task-RestingState_eeg.set,R5,sub-NDARAK738BGC,17.6032,110.0,2.0,388.864,test,11.385318756103516
/workspace/hbn_subset/R5/download/sub-NDARAK738BGC/eeg/sub-NDARAK738BGC_task-RestingState_eeg.set,R5,sub-NDARAK738BGC,17.6032,112.0,2.0,388.864,test,9.120367050170898
/workspace/hbn_subset/R5/download/sub-NDARAK738BGC/eeg/sub-NDARAK738BGC_task-RestingState_eeg.set,R5,sub-NDARAK738BGC,17.6032,114.0,2.0,388.864,test,9.459897994995117
/workspace/hbn_subset/R5/download/sub-NDARAK738BGC/eeg/sub-NDARAK738BGC_task-RestingState_eeg.set,R5,sub-NDARAK738BGC,17.6032,116.0,2.0,388.864,test,9.822587966918945
/workspace/hbn_subset/R5/download/sub-NDARAK738BGC/eeg/sub-NDARAK738BGC_task-RestingState_eeg.set,R5,sub-NDARAK738BGC,17.6032,118.0,2.0,388.864,test,10.284943580627441
/workspace/hbn_subset/R5/download/sub-NDARAM848GTE/eeg/sub-NDARAM848GTE_task-RestingState_eeg.set,R5,sub-NDARAM848GTE,11.7526,0.0,2.0,349.92,test,10.099010467529297
/workspace/hbn_subset/R5/download/sub-NDARAM848GTE/eeg/sub-NDARAM848GTE_task-RestingState_eeg.set,R5,sub-NDARAM848GTE,11.7526,2.0,2.0,349.92,test,10.249739646911621
/workspace/hbn_subset/R5/download/sub-NDARAM848GTE/eeg/sub-NDARAM848GTE_task-RestingState_eeg.set,R5,sub-NDARAM848GTE,11.7526,4.0,2.0,349.92,test,11.130166053771973
/workspace/hbn_subset/R5/download/sub-NDARAM848GTE/eeg/sub-NDARAM848GTE_task-RestingState_eeg.set,R5,sub-NDARAM848GTE,11.7526,6.0,2.0,349.92,test,9.616681098937988
/workspace/hbn_subset/R5/download/sub-NDARAM848GTE/eeg/sub-NDARAM848GTE_task-RestingState_eeg.set,R5,sub-NDARAM848GTE,11.7526,8.0,2.0,349.92,test,11.321507453918457
/workspace/hbn_subset/R5/download/sub-NDARAM848GTE/eeg/sub-NDARAM848GTE_task-RestingState_eeg.set,R5,sub-NDARAM848GTE,11.7526,10.0,2.0,349.92,test,9.728780746459961
/workspace/hbn_subset/R5/download/sub-NDARAM848GTE/eeg/sub-NDARAM848GTE_task-RestingState_eeg.set,R5,sub-NDARAM848GTE,11.7526,12.0,2.0,349.92,test,9.737333297729492
/workspace/hbn_subset/R5/download/sub-NDARAM848GTE/eeg/sub-NDARAM848GTE_task-RestingState_eeg.set,R5,sub-NDARAM848GTE,11.7526,14.0,2.0,349.92,test,10.014928817749023
/workspace/hbn_subset/R5/download/sub-NDARAM848GTE/eeg/sub-NDARAM848GTE_task-RestingState_eeg.set,R5,sub-NDARAM848GTE,11.7526,16.0,2.0,349.92,test,9.800143241882324
/workspace/hbn_subset/R5/download/sub-NDARAM848GTE/eeg/sub-NDARAM848GTE_task-RestingState_eeg.set,R5,sub-NDARAM848GTE,11.7526,18.0,2.0,349.92,test,10.842602729797363
/workspace/hbn_subset/R5/download/sub-NDARAM848GTE/eeg/sub-NDARAM848GTE_task-RestingState_eeg.set,R5,sub-NDARAM848GTE,11.7526,20.0,2.0,349.92,test,10.005216598510742
/workspace/hbn_subset/R5/download/sub-NDARAM848GTE/eeg/sub-NDARAM848GTE_task-RestingState_eeg.set,R5,sub-NDARAM848GTE,11.7526,22.0,2.0,349.92,test,10.33825397491455
/workspace/hbn_subset/R5/download/sub-NDARAM848GTE/eeg/sub-NDARAM848GTE_task-RestingState_eeg.set,R5,sub-NDARAM848GTE,11.7526,24.0,2.0,349.92,test,10.505146026611328
/workspace/hbn_subset/R5/download/sub-NDARAM848GTE/eeg/sub-NDARAM848GTE_task-RestingState_eeg.set,R5,sub-NDARAM848GTE,11.7526,26.0,2.0,349.92,test,10.266705513000488
/workspace/hbn_subset/R5/download/sub-NDARAM848GTE/eeg/sub-NDARAM848GTE_task-RestingState_eeg.set,R5,sub-NDARAM848GTE,11.7526,28.0,2.0,349.92,test,11.814213752746582
/workspace/hbn_subset/R5/download/sub-NDARAM848GTE/eeg/sub-NDARAM848GTE_task-RestingState_eeg.set,R5,sub-NDARAM848GTE,11.7526,30.0,2.0,349.92,test,10.127479553222656
/workspace/hbn_subset/R5/download/sub-NDARAM848GTE/eeg/sub-NDARAM848GTE_task-RestingState_eeg.set,R5,sub-NDARAM848GTE,11.7526,32.0,2.0,349.92,test,9.697443008422852
/workspace/hbn_subset/R5/download/sub-NDARAM848GTE/eeg/sub-NDARAM848GTE_task-RestingState_eeg.set,R5,sub-NDARAM848GTE,11.7526,34.0,2.0,349.92,test,10.146296501159668
/workspace/hbn_subset/R5/download/sub-NDARAM848GTE/eeg/sub-NDARAM848GTE_task-RestingState_eeg.set,R5,sub-NDARAM848GTE,11.7526,36.0,2.0,349.92,test,10.07254695892334
/workspace/hbn_subset/R5/download/sub-NDARAM848GTE/eeg/sub-NDARAM848GTE_task-RestingState_eeg.set,R5,sub-NDARAM848GTE,11.7526,38.0,2.0,349.92,test,9.844693183898926
/workspace/hbn_subset/R5/download/sub-NDARAM848GTE/eeg/sub-NDARAM848GTE_task-RestingState_eeg.set,R5,sub-NDARAM848GTE,11.7526,40.0,2.0,349.92,test,10.668245315551758
/workspace/hbn_subset/R5/download/sub-NDARAM848GTE/eeg/sub-NDARAM848GTE_task-RestingState_eeg.set,R5,sub-NDARAM848GTE,11.7526,42.0,2.0,349.92,test,10.00586986541748
/workspace/hbn_subset/R5/download/sub-NDARAM848GTE/eeg/sub-NDARAM848GTE_task-RestingState_eeg.set,R5,sub-NDARAM848GTE,11.7526,44.0,2.0,349.92,test,9.640161514282227
/workspace/hbn_subset/R5/download/sub-NDARAM848GTE/eeg/sub-NDARAM848GTE_task-RestingState_eeg.set,R5,sub-NDARAM848GTE,11.7526,46.0,2.0,349.92,test,9.273070335388184
/workspace/hbn_subset/R5/download/sub-NDARAM848GTE/eeg/sub-NDARAM848GTE_task-RestingState_eeg.set,R5,sub-NDARAM848GTE,11.7526,48.0,2.0,349.92,test,10.385538101196289
/workspace/hbn_subset/R5/download/sub-NDARAM848GTE/eeg/sub-NDARAM848GTE_task-RestingState_eeg.set,R5,sub-NDARAM848GTE,11.7526,50.0,2.0,349.92,test,9.613077163696289
/workspace/hbn_subset/R5/download/sub-NDARAM848GTE/eeg/sub-NDARAM848GTE_task-RestingState_eeg.set,R5,sub-NDARAM848GTE,11.7526,52.0,2.0,349.92,test,9.800756454467773
/workspace/hbn_subset/R5/download/sub-NDARAM848GTE/eeg/sub-NDARAM848GTE_task-RestingState_eeg.set,R5,sub-NDARAM848GTE,11.7526,54.0,2.0,349.92,test,10.590067863464355
/workspace/hbn_subset/R5/download/sub-NDARAM848GTE/eeg/sub-NDARAM848GTE_task-RestingState_eeg.set,R5,sub-NDARAM848GTE,11.7526,56.0,2.0,349.92,test,10.161469459533691
/workspace/hbn_subset/R5/download/sub-NDARAM848GTE/eeg/sub-NDARAM848GTE_task-RestingState_eeg.set,R5,sub-NDARAM848GTE,11.7526,58.0,2.0,349.92,test,11.038653373718262
/workspace/hbn_subset/R5/download/sub-NDARAM848GTE/eeg/sub-NDARAM848GTE_task-RestingState_eeg.set,R5,sub-NDARAM848GTE,11.7526,60.0,2.0,349.92,test,10.323813438415527
/workspace/hbn_subset/R5/download/sub-NDARAM848GTE/eeg/sub-NDARAM848GTE_task-RestingState_eeg.set,R5,sub-NDARAM848GTE,11.7526,62.0,2.0,349.92,test,9.758709907531738
/workspace/hbn_subset/R5/download/sub-NDARAM848GTE/eeg/sub-NDARAM848GTE_task-RestingState_eeg.set,R5,sub-NDARAM848GTE,11.7526,64.0,2.0,349.92,test,10.109439849853516
/workspace/hbn_subset/R5/download/sub-NDARAM848GTE/eeg/sub-NDARAM848GTE_task-RestingState_eeg.set,R5,sub-NDARAM848GTE,11.7526,66.0,2.0,349.92,test,9.556632995605469
/workspace/hbn_subset/R5/download/sub-NDARAM848GTE/eeg/sub-NDARAM848GTE_task-RestingState_eeg.set,R5,sub-NDARAM848GTE,11.7526,68.0,2.0,349.92,test,10.236625671386719
/workspace/hbn_subset/R5/download/sub-NDARAM848GTE/eeg/sub-NDARAM848GTE_task-RestingState_eeg.set,R5,sub-NDARAM848GTE,11.7526,70.0,2.0,349.92,test,10.339377403259277
/workspace/hbn_subset/R5/download/sub-NDARAM848GTE/eeg/sub-NDARAM848GTE_task-RestingState_eeg.set,R5,sub-NDARAM848GTE,11.7526,72.0,2.0,349.92,test,9.920750617980957
/workspace/hbn_subset/R5/download/sub-NDARAM848GTE/eeg/sub-NDARAM848GTE_task-RestingState_eeg.set,R5,sub-NDARAM848GTE,11.7526,74.0,2.0,349.92,test,10.235053062438965
/workspace/hbn_subset/R5/download/sub-NDARAM848GTE/eeg/sub-NDARAM848GTE_task-RestingState_eeg.set,R5,sub-NDARAM848GTE,11.7526,76.0,2.0,349.92,test,10.786243438720703
/workspace/hbn_subset/R5/download/sub-NDARAM848GTE/eeg/sub-NDARAM848GTE_task-RestingState_eeg.set,R5,sub-NDARAM848GTE,11.7526,78.0,2.0,349.92,test,9.932867050170898
/workspace/hbn_subset/R5/download/sub-NDARAM848GTE/eeg/sub-NDARAM848GTE_task-RestingState_eeg.set,R5,sub-NDARAM848GTE,11.7526,80.0,2.0,349.92,test,9.474454879760742
/workspace/hbn_subset/R5/download/sub-NDARAM848GTE/eeg/sub-NDARAM848GTE_task-RestingState_eeg.set,R5,sub-NDARAM848GTE,11.7526,82.0,2.0,349.92,test,9.938429832458496
/workspace/hbn_subset/R5/download/sub-NDARAM848GTE/eeg/sub-NDARAM848GTE_task-RestingState_eeg.set,R5,sub-NDARAM848GTE,11.7526,84.0,2.0,349.92,test,9.497063636779785
/workspace/hbn_subset/R5/download/sub-NDARAM848GTE/eeg/sub-NDARAM848GTE_task-RestingState_eeg.set,R5,sub-NDARAM848GTE,11.7526,86.0,2.0,349.92,test,10.15683650970459
/workspace/hbn_subset/R5/download/sub-NDARAM848GTE/eeg/sub-NDARAM848GTE_task-RestingState_eeg.set,R5,sub-NDARAM848GTE,11.7526,88.0,2.0,349.92,test,10.131525039672852
/workspace/hbn_subset/R5/download/sub-NDARAM848GTE/eeg/sub-NDARAM848GTE_task-RestingState_eeg.set,R5,sub-NDARAM848GTE,11.7526,90.0,2.0,349.92,test,9.412925720214844
/workspace/hbn_subset/R5/download/sub-NDARAM848GTE/eeg/sub-NDARAM848GTE_task-RestingState_eeg.set,R5,sub-NDARAM848GTE,11.7526,92.0,2.0,349.92,test,10.354339599609375
/workspace/hbn_subset/R5/download/sub-NDARAM848GTE/eeg/sub-NDARAM848GTE_task-RestingState_eeg.set,R5,sub-NDARAM848GTE,11.7526,94.0,2.0,349.92,test,8.91468620300293
/workspace/hbn_subset/R5/download/sub-NDARAM848GTE/eeg/sub-NDARAM848GTE_task-RestingState_eeg.set,R5,sub-NDARAM848GTE,11.7526,96.0,2.0,349.92,test,9.447850227355957
/workspace/hbn_subset/R5/download/sub-NDARAM848GTE/eeg/sub-NDARAM848GTE_task-RestingState_eeg.set,R5,sub-NDARAM848GTE,11.7526,98.0,2.0,349.92,test,8.163152694702148
/workspace/hbn_subset/R5/download/sub-NDARAM848GTE/eeg/sub-NDARAM848GTE_task-RestingState_eeg.set,R5,sub-NDARAM848GTE,11.7526,100.0,2.0,349.92,test,9.654791831970215
/workspace/hbn_subset/R5/download/sub-NDARAM848GTE/eeg/sub-NDARAM848GTE_task-RestingState_eeg.set,R5,sub-NDARAM848GTE,11.7526,102.0,2.0,349.92,test,9.24716854095459
/workspace/hbn_subset/R5/download/sub-NDARAM848GTE/eeg/sub-NDARAM848GTE_task-RestingState_eeg.set,R5,sub-NDARAM848GTE,11.7526,104.0,2.0,349.92,test,9.9019136428833
/workspace/hbn_subset/R5/download/sub-NDARAM848GTE/eeg/sub-NDARAM848GTE_task-RestingState_eeg.set,R5,sub-NDARAM848GTE,11.7526,106.0,2.0,349.92,test,11.13264274597168
/workspace/hbn_subset/R5/download/sub-NDARAM848GTE/eeg/sub-NDARAM848GTE_task-RestingState_eeg.set,R5,sub-NDARAM848GTE,11.7526,108.0,2.0,349.92,test,11.702962875366211
/workspace/hbn_subset/R5/download/sub-NDARAM848GTE/eeg/sub-NDARAM848GTE_task-RestingState_eeg.set,R5,sub-NDARAM848GTE,11.7526,110.0,2.0,349.92,test,11.478020668029785
/workspace/hbn_subset/R5/download/sub-NDARAM848GTE/eeg/sub-NDARAM848GTE_task-RestingState_eeg.set,R5,sub-NDARAM848GTE,11.7526,112.0,2.0,349.92,test,11.027127265930176
/workspace/hbn_subset/R5/download/sub-NDARAM848GTE/eeg/sub-NDARAM848GTE_task-RestingState_eeg.set,R5,sub-NDARAM848GTE,11.7526,114.0,2.0,349.92,test,10.380080223083496
/workspace/hbn_subset/R5/download/sub-NDARAM848GTE/eeg/sub-NDARAM848GTE_task-RestingState_eeg.set,R5,sub-NDARAM848GTE,11.7526,116.0,2.0,349.92,test,12.081902503967285
/workspace/hbn_subset/R5/download/sub-NDARAM848GTE/eeg/sub-NDARAM848GTE_task-RestingState_eeg.set,R5,sub-NDARAM848GTE,11.7526,118.0,2.0,349.92,test,9.56429672241211
/workspace/hbn_subset/R5/download/sub-NDARAP522AFK/eeg/sub-NDARAP522AFK_task-RestingState_eeg.set,R5,sub-NDARAP522AFK,11.6128,0.0,2.0,345.974,test,9.89835262298584
/workspace/hbn_subset/R5/download/sub-NDARAP522AFK/eeg/sub-NDARAP522AFK_task-RestingState_eeg.set,R5,sub-NDARAP522AFK,11.6128,2.0,2.0,345.974,test,10.882259368896484
/workspace/hbn_subset/R5/download/sub-NDARAP522AFK/eeg/sub-NDARAP522AFK_task-RestingState_eeg.set,R5,sub-NDARAP522AFK,11.6128,4.0,2.0,345.974,test,10.760172843933105
/workspace/hbn_subset/R5/download/sub-NDARAP522AFK/eeg/sub-NDARAP522AFK_task-RestingState_eeg.set,R5,sub-NDARAP522AFK,11.6128,6.0,2.0,345.974,test,8.900979995727539
/workspace/hbn_subset/R5/download/sub-NDARAP522AFK/eeg/sub-NDARAP522AFK_task-RestingState_eeg.set,R5,sub-NDARAP522AFK,11.6128,8.0,2.0,345.974,test,9.226815223693848
/workspace/hbn_subset/R5/download/sub-NDARAP522AFK/eeg/sub-NDARAP522AFK_task-RestingState_eeg.set,R5,sub-NDARAP522AFK,11.6128,10.0,2.0,345.974,test,9.021598815917969
/workspace/hbn_subset/R5/download/sub-NDARAP522AFK/eeg/sub-NDARAP522AFK_task-RestingState_eeg.set,R5,sub-NDARAP522AFK,11.6128,12.0,2.0,345.974,test,9.90664005279541
/workspace/hbn_subset/R5/download/sub-NDARAP522AFK/eeg/sub-NDARAP522AFK_task-RestingState_eeg.set,R5,sub-NDARAP522AFK,11.6128,14.0,2.0,345.974,test,9.827134132385254
/workspace/hbn_subset/R5/download/sub-NDARAP522AFK/eeg/sub-NDARAP522AFK_task-RestingState_eeg.set,R5,sub-NDARAP522AFK,11.6128,16.0,2.0,345.974,test,8.507193565368652
/workspace/hbn_subset/R5/download/sub-NDARAP522AFK/eeg/sub-NDARAP522AFK_task-RestingState_eeg.set,R5,sub-NDARAP522AFK,11.6128,18.0,2.0,345.974,test,10.025935173034668
/workspace/hbn_subset/R5/download/sub-NDARAP522AFK/eeg/sub-NDARAP522AFK_task-RestingState_eeg.set,R5,sub-NDARAP522AFK,11.6128,20.0,2.0,345.974,test,9.3800630569458
/workspace/hbn_subset/R5/download/sub-NDARAP522AFK/eeg/sub-NDARAP522AFK_task-RestingState_eeg.set,R5,sub-NDARAP522AFK,11.6128,22.0,2.0,345.974,test,8.035750389099121
/workspace/hbn_subset/R5/download/sub-NDARAP522AFK/eeg/sub-NDARAP522AFK_task-RestingState_eeg.set,R5,sub-NDARAP522AFK,11.6128,24.0,2.0,345.974,test,8.466952323913574
/workspace/hbn_subset/R5/download/sub-NDARAP522AFK/eeg/sub-NDARAP522AFK_task-RestingState_eeg.set,R5,sub-NDARAP522AFK,11.6128,26.0,2.0,345.974,test,10.889066696166992
/workspace/hbn_subset/R5/download/sub-NDARAP522AFK/eeg/sub-NDARAP522AFK_task-RestingState_eeg.set,R5,sub-NDARAP522AFK,11.6128,28.0,2.0,345.974,test,8.899697303771973
/workspace/hbn_subset/R5/download/sub-NDARAP522AFK/eeg/sub-NDARAP522AFK_task-RestingState_eeg.set,R5,sub-NDARAP522AFK,11.6128,30.0,2.0,345.974,test,8.745408058166504
/workspace/hbn_subset/R5/download/sub-NDARAP522AFK/eeg/sub-NDARAP522AFK_task-RestingState_eeg.set,R5,sub-NDARAP522AFK,11.6128,32.0,2.0,345.974,test,9.647577285766602
/workspace/hbn_subset/R5/download/sub-NDARAP522AFK/eeg/sub-NDARAP522AFK_task-RestingState_eeg.set,R5,sub-NDARAP522AFK,11.6128,34.0,2.0,345.974,test,10.533746719360352
/workspace/hbn_subset/R5/download/sub-NDARAP522AFK/eeg/sub-NDARAP522AFK_task-RestingState_eeg.set,R5,sub-NDARAP522AFK,11.6128,36.0,2.0,345.974,test,9.791855812072754
/workspace/hbn_subset/R5/download/sub-NDARAP522AFK/eeg/sub-NDARAP522AFK_task-RestingState_eeg.set,R5,sub-NDARAP522AFK,11.6128,38.0,2.0,345.974,test,9.843271255493164
/workspace/hbn_subset/R5/download/sub-NDARAP522AFK/eeg/sub-NDARAP522AFK_task-RestingState_eeg.set,R5,sub-NDARAP522AFK,11.6128,40.0,2.0,345.974,test,8.793248176574707
/workspace/hbn_subset/R5/download/sub-NDARAP522AFK/eeg/sub-NDARAP522AFK_task-RestingState_eeg.set,R5,sub-NDARAP522AFK,11.6128,42.0,2.0,345.974,test,8.876686096191406
/workspace/hbn_subset/R5/download/sub-NDARAP522AFK/eeg/sub-NDARAP522AFK_task-RestingState_eeg.set,R5,sub-NDARAP522AFK,11.6128,44.0,2.0,345.974,test,8.040393829345703
/workspace/hbn_subset/R5/download/sub-NDARAP522AFK/eeg/sub-NDARAP522AFK_task-RestingState_eeg.set,R5,sub-NDARAP522AFK,11.6128,46.0,2.0,345.974,test,9.043144226074219
/workspace/hbn_subset/R5/download/sub-NDARAP522AFK/eeg/sub-NDARAP522AFK_task-RestingState_eeg.set,R5,sub-NDARAP522AFK,11.6128,48.0,2.0,345.974,test,9.271428108215332
/workspace/hbn_subset/R5/download/sub-NDARAP522AFK/eeg/sub-NDARAP522AFK_task-RestingState_eeg.set,R5,sub-NDARAP522AFK,11.6128,50.0,2.0,345.974,test,8.905503273010254
/workspace/hbn_subset/R5/download/sub-NDARAP522AFK/eeg/sub-NDARAP522AFK_task-RestingState_eeg.set,R5,sub-NDARAP522AFK,11.6128,52.0,2.0,345.974,test,8.876618385314941
/workspace/hbn_subset/R5/download/sub-NDARAP522AFK/eeg/sub-NDARAP522AFK_task-RestingState_eeg.set,R5,sub-NDARAP522AFK,11.6128,54.0,2.0,345.974,test,8.321704864501953
/workspace/hbn_subset/R5/download/sub-NDARAP522AFK/eeg/sub-NDARAP522AFK_task-RestingState_eeg.set,R5,sub-NDARAP522AFK,11.6128,56.0,2.0,345.974,test,7.7139177322387695
/workspace/hbn_subset/R5/download/sub-NDARAP522AFK/eeg/sub-NDARAP522AFK_task-RestingState_eeg.set,R5,sub-NDARAP522AFK,11.6128,58.0,2.0,345.974,test,10.456369400024414
/workspace/hbn_subset/R5/download/sub-NDARAP522AFK/eeg/sub-NDARAP522AFK_task-RestingState_eeg.set,R5,sub-NDARAP522AFK,11.6128,60.0,2.0,345.974,test,7.1216816902160645
/workspace/hbn_subset/R5/download/sub-NDARAP522AFK/eeg/sub-NDARAP522AFK_task-RestingState_eeg.set,R5,sub-NDARAP522AFK,11.6128,62.0,2.0,345.974,test,9.291939735412598
/workspace/hbn_subset/R5/download/sub-NDARAP522AFK/eeg/sub-NDARAP522AFK_task-RestingState_eeg.set,R5,sub-NDARAP522AFK,11.6128,64.0,2.0,345.974,test,8.443278312683105
/workspace/hbn_subset/R5/download/sub-NDARAP522AFK/eeg/sub-NDARAP522AFK_task-RestingState_eeg.set,R5,sub-NDARAP522AFK,11.6128,66.0,2.0,345.974,test,8.84373950958252
/workspace/hbn_subset/R5/download/sub-NDARAP522AFK/eeg/sub-NDARAP522AFK_task-RestingState_eeg.set,R5,sub-NDARAP522AFK,11.6128,68.0,2.0,345.974,test,9.358461380004883
/workspace/hbn_subset/R5/download/sub-NDARAP522AFK/eeg/sub-NDARAP522AFK_task-RestingState_eeg.set,R5,sub-NDARAP522AFK,11.6128,70.0,2.0,345.974,test,8.748636245727539
/workspace/hbn_subset/R5/download/sub-NDARAP522AFK/eeg/sub-NDARAP522AFK_task-RestingState_eeg.set,R5,sub-NDARAP522AFK,11.6128,72.0,2.0,345.974,test,8.021605491638184
/workspace/hbn_subset/R5/download/sub-NDARAP522AFK/eeg/sub-NDARAP522AFK_task-RestingState_eeg.set,R5,sub-NDARAP522AFK,11.6128,74.0,2.0,345.974,test,8.853023529052734
/workspace/hbn_subset/R5/download/sub-NDARAP522AFK/eeg/sub-NDARAP522AFK_task-RestingState_eeg.set,R5,sub-NDARAP522AFK,11.6128,76.0,2.0,345.974,test,9.453804969787598
/workspace/hbn_subset/R5/download/sub-NDARAP522AFK/eeg/sub-NDARAP522AFK_task-RestingState_eeg.set,R5,sub-NDARAP522AFK,11.6128,78.0,2.0,345.974,test,9.657938957214355
/workspace/hbn_subset/R5/download/sub-NDARAP522AFK/eeg/sub-NDARAP522AFK_task-RestingState_eeg.set,R5,sub-NDARAP522AFK,11.6128,80.0,2.0,345.974,test,10.214337348937988
/workspace/hbn_subset/R5/download/sub-NDARAP522AFK/eeg/sub-NDARAP522AFK_task-RestingState_eeg.set,R5,sub-NDARAP522AFK,11.6128,82.0,2.0,345.974,test,9.255352020263672
/workspace/hbn_subset/R5/download/sub-NDARAP522AFK/eeg/sub-NDARAP522AFK_task-RestingState_eeg.set,R5,sub-NDARAP522AFK,11.6128,84.0,2.0,345.974,test,10.598971366882324
/workspace/hbn_subset/R5/download/sub-NDARAP522AFK/eeg/sub-NDARAP522AFK_task-RestingState_eeg.set,R5,sub-NDARAP522AFK,11.6128,86.0,2.0,345.974,test,8.61445140838623
/workspace/hbn_subset/R5/download/sub-NDARAP522AFK/eeg/sub-NDARAP522AFK_task-RestingState_eeg.set,R5,sub-NDARAP522AFK,11.6128,88.0,2.0,345.974,test,8.907593727111816
/workspace/hbn_subset/R5/download/sub-NDARAP522AFK/eeg/sub-NDARAP522AFK_task-RestingState_eeg.set,R5,sub-NDARAP522AFK,11.6128,90.0,2.0,345.974,test,9.23661994934082
/workspace/hbn_subset/R5/download/sub-NDARAP522AFK/eeg/sub-NDARAP522AFK_task-RestingState_eeg.set,R5,sub-NDARAP522AFK,11.6128,92.0,2.0,345.974,test,8.979957580566406
/workspace/hbn_subset/R5/download/sub-NDARAP522AFK/eeg/sub-NDARAP522AFK_task-RestingState_eeg.set,R5,sub-NDARAP522AFK,11.6128,94.0,2.0,345.974,test,8.625286102294922
/workspace/hbn_subset/R5/download/sub-NDARAP522AFK/eeg/sub-NDARAP522AFK_task-RestingState_eeg.set,R5,sub-NDARAP522AFK,11.6128,96.0,2.0,345.974,test,11.54262924194336
/workspace/hbn_subset/R5/download/sub-NDARAP522AFK/eeg/sub-NDARAP522AFK_task-RestingState_eeg.set,R5,sub-NDARAP522AFK,11.6128,98.0,2.0,345.974,test,9.715843200683594
/workspace/hbn_subset/R5/download/sub-NDARAP522AFK/eeg/sub-NDARAP522AFK_task-RestingState_eeg.set,R5,sub-NDARAP522AFK,11.6128,100.0,2.0,345.974,test,8.736188888549805
/workspace/hbn_subset/R5/download/sub-NDARAP522AFK/eeg/sub-NDARAP522AFK_task-RestingState_eeg.set,R5,sub-NDARAP522AFK,11.6128,102.0,2.0,345.974,test,8.199003219604492
/workspace/hbn_subset/R5/download/sub-NDARAP522AFK/eeg/sub-NDARAP522AFK_task-RestingState_eeg.set,R5,sub-NDARAP522AFK,11.6128,104.0,2.0,345.974,test,9.277911186218262
/workspace/hbn_subset/R5/download/sub-NDARAP522AFK/eeg/sub-NDARAP522AFK_task-RestingState_eeg.set,R5,sub-NDARAP522AFK,11.6128,106.0,2.0,345.974,test,8.672856330871582
/workspace/hbn_subset/R5/download/sub-NDARAP522AFK/eeg/sub-NDARAP522AFK_task-RestingState_eeg.set,R5,sub-NDARAP522AFK,11.6128,108.0,2.0,345.974,test,9.532018661499023
/workspace/hbn_subset/R5/download/sub-NDARAP522AFK/eeg/sub-NDARAP522AFK_task-RestingState_eeg.set,R5,sub-NDARAP522AFK,11.6128,110.0,2.0,345.974,test,10.027599334716797
/workspace/hbn_subset/R5/download/sub-NDARAP522AFK/eeg/sub-NDARAP522AFK_task-RestingState_eeg.set,R5,sub-NDARAP522AFK,11.6128,112.0,2.0,345.974,test,8.906485557556152
/workspace/hbn_subset/R5/download/sub-NDARAP522AFK/eeg/sub-NDARAP522AFK_task-RestingState_eeg.set,R5,sub-NDARAP522AFK,11.6128,114.0,2.0,345.974,test,8.315052032470703
/workspace/hbn_subset/R5/download/sub-NDARAP522AFK/eeg/sub-NDARAP522AFK_task-RestingState_eeg.set,R5,sub-NDARAP522AFK,11.6128,116.0,2.0,345.974,test,8.968155860900879
/workspace/hbn_subset/R5/download/sub-NDARAP522AFK/eeg/sub-NDARAP522AFK_task-RestingState_eeg.set,R5,sub-NDARAP522AFK,11.6128,118.0,2.0,345.974,test,9.207634925842285
/workspace/hbn_subset/R5/download/sub-NDARAP785CTE/eeg/sub-NDARAP785CTE_task-RestingState_eeg.set,R5,sub-NDARAP785CTE,8.7157,0.0,2.0,542.002,test,10.620369911193848
/workspace/hbn_subset/R5/download/sub-NDARAP785CTE/eeg/sub-NDARAP785CTE_task-RestingState_eeg.set,R5,sub-NDARAP785CTE,8.7157,2.0,2.0,542.002,test,10.88173770904541
/workspace/hbn_subset/R5/download/sub-NDARAP785CTE/eeg/sub-NDARAP785CTE_task-RestingState_eeg.set,R5,sub-NDARAP785CTE,8.7157,4.0,2.0,542.002,test,10.860807418823242
/workspace/hbn_subset/R5/download/sub-NDARAP785CTE/eeg/sub-NDARAP785CTE_task-RestingState_eeg.set,R5,sub-NDARAP785CTE,8.7157,6.0,2.0,542.002,test,9.454998970031738
/workspace/hbn_subset/R5/download/sub-NDARAP785CTE/eeg/sub-NDARAP785CTE_task-RestingState_eeg.set,R5,sub-NDARAP785CTE,8.7157,8.0,2.0,542.002,test,9.919781684875488
/workspace/hbn_subset/R5/download/sub-NDARAP785CTE/eeg/sub-NDARAP785CTE_task-RestingState_eeg.set,R5,sub-NDARAP785CTE,8.7157,10.0,2.0,542.002,test,8.853422164916992
/workspace/hbn_subset/R5/download/sub-NDARAP785CTE/eeg/sub-NDARAP785CTE_task-RestingState_eeg.set,R5,sub-NDARAP785CTE,8.7157,12.0,2.0,542.002,test,10.048100471496582
/workspace/hbn_subset/R5/download/sub-NDARAP785CTE/eeg/sub-NDARAP785CTE_task-RestingState_eeg.set,R5,sub-NDARAP785CTE,8.7157,14.0,2.0,542.002,test,8.448750495910645
/workspace/hbn_subset/R5/download/sub-NDARAP785CTE/eeg/sub-NDARAP785CTE_task-RestingState_eeg.set,R5,sub-NDARAP785CTE,8.7157,16.0,2.0,542.002,test,9.059033393859863
/workspace/hbn_subset/R5/download/sub-NDARAP785CTE/eeg/sub-NDARAP785CTE_task-RestingState_eeg.set,R5,sub-NDARAP785CTE,8.7157,18.0,2.0,542.002,test,8.652243614196777
/workspace/hbn_subset/R5/download/sub-NDARAP785CTE/eeg/sub-NDARAP785CTE_task-RestingState_eeg.set,R5,sub-NDARAP785CTE,8.7157,20.0,2.0,542.002,test,9.140986442565918
/workspace/hbn_subset/R5/download/sub-NDARAP785CTE/eeg/sub-NDARAP785CTE_task-RestingState_eeg.set,R5,sub-NDARAP785CTE,8.7157,22.0,2.0,542.002,test,8.551952362060547
/workspace/hbn_subset/R5/download/sub-NDARAP785CTE/eeg/sub-NDARAP785CTE_task-RestingState_eeg.set,R5,sub-NDARAP785CTE,8.7157,24.0,2.0,542.002,test,8.5530424118042
/workspace/hbn_subset/R5/download/sub-NDARAP785CTE/eeg/sub-NDARAP785CTE_task-RestingState_eeg.set,R5,sub-NDARAP785CTE,8.7157,26.0,2.0,542.002,test,9.104935646057129
/workspace/hbn_subset/R5/download/sub-NDARAP785CTE/eeg/sub-NDARAP785CTE_task-RestingState_eeg.set,R5,sub-NDARAP785CTE,8.7157,28.0,2.0,542.002,test,8.947487831115723
/workspace/hbn_subset/R5/download/sub-NDARAP785CTE/eeg/sub-NDARAP785CTE_task-RestingState_eeg.set,R5,sub-NDARAP785CTE,8.7157,30.0,2.0,542.002,test,9.545514106750488
/workspace/hbn_subset/R5/download/sub-NDARAP785CTE/eeg/sub-NDARAP785CTE_task-RestingState_eeg.set,R5,sub-NDARAP785CTE,8.7157,32.0,2.0,542.002,test,8.749192237854004
/workspace/hbn_subset/R5/download/sub-NDARAP785CTE/eeg/sub-NDARAP785CTE_task-RestingState_eeg.set,R5,sub-NDARAP785CTE,8.7157,34.0,2.0,542.002,test,9.163775444030762
/workspace/hbn_subset/R5/download/sub-NDARAP785CTE/eeg/sub-NDARAP785CTE_task-RestingState_eeg.set,R5,sub-NDARAP785CTE,8.7157,36.0,2.0,542.002,test,8.608054161071777
/workspace/hbn_subset/R5/download/sub-NDARAP785CTE/eeg/sub-NDARAP785CTE_task-RestingState_eeg.set,R5,sub-NDARAP785CTE,8.7157,38.0,2.0,542.002,test,8.708728790283203
/workspace/hbn_subset/R5/download/sub-NDARAP785CTE/eeg/sub-NDARAP785CTE_task-RestingState_eeg.set,R5,sub-NDARAP785CTE,8.7157,40.0,2.0,542.002,test,7.938290119171143
/workspace/hbn_subset/R5/download/sub-NDARAP785CTE/eeg/sub-NDARAP785CTE_task-RestingState_eeg.set,R5,sub-NDARAP785CTE,8.7157,42.0,2.0,542.002,test,9.157842636108398
/workspace/hbn_subset/R5/download/sub-NDARAP785CTE/eeg/sub-NDARAP785CTE_task-RestingState_eeg.set,R5,sub-NDARAP785CTE,8.7157,44.0,2.0,542.002,test,10.474896430969238
/workspace/hbn_subset/R5/download/sub-NDARAP785CTE/eeg/sub-NDARAP785CTE_task-RestingState_eeg.set,R5,sub-NDARAP785CTE,8.7157,46.0,2.0,542.002,test,9.03878402709961
/workspace/hbn_subset/R5/download/sub-NDARAP785CTE/eeg/sub-NDARAP785CTE_task-RestingState_eeg.set,R5,sub-NDARAP785CTE,8.7157,48.0,2.0,542.002,test,8.994621276855469
/workspace/hbn_subset/R5/download/sub-NDARAP785CTE/eeg/sub-NDARAP785CTE_task-RestingState_eeg.set,R5,sub-NDARAP785CTE,8.7157,50.0,2.0,542.002,test,8.717549324035645
/workspace/hbn_subset/R5/download/sub-NDARAP785CTE/eeg/sub-NDARAP785CTE_task-RestingState_eeg.set,R5,sub-NDARAP785CTE,8.7157,52.0,2.0,542.002,test,7.596107006072998
/workspace/hbn_subset/R5/download/sub-NDARAP785CTE/eeg/sub-NDARAP785CTE_task-RestingState_eeg.set,R5,sub-NDARAP785CTE,8.7157,54.0,2.0,542.002,test,7.119904041290283
/workspace/hbn_subset/R5/download/sub-NDARAP785CTE/eeg/sub-NDARAP785CTE_task-RestingState_eeg.set,R5,sub-NDARAP785CTE,8.7157,56.0,2.0,542.002,test,10.306018829345703
/workspace/hbn_subset/R5/download/sub-NDARAP785CTE/eeg/sub-NDARAP785CTE_task-RestingState_eeg.set,R5,sub-NDARAP785CTE,8.7157,58.0,2.0,542.002,test,9.774611473083496
/workspace/hbn_subset/R5/download/sub-NDARAP785CTE/eeg/sub-NDARAP785CTE_task-RestingState_eeg.set,R5,sub-NDARAP785CTE,8.7157,60.0,2.0,542.002,test,8.810626029968262
/workspace/hbn_subset/R5/download/sub-NDARAP785CTE/eeg/sub-NDARAP785CTE_task-RestingState_eeg.set,R5,sub-NDARAP785CTE,8.7157,62.0,2.0,542.002,test,9.935275077819824
/workspace/hbn_subset/R5/download/sub-NDARAP785CTE/eeg/sub-NDARAP785CTE_task-RestingState_eeg.set,R5,sub-NDARAP785CTE,8.7157,64.0,2.0,542.002,test,10.72343635559082
/workspace/hbn_subset/R5/download/sub-NDARAP785CTE/eeg/sub-NDARAP785CTE_task-RestingState_eeg.set,R5,sub-NDARAP785CTE,8.7157,66.0,2.0,542.002,test,10.07739543914795
/workspace/hbn_subset/R5/download/sub-NDARAP785CTE/eeg/sub-NDARAP785CTE_task-RestingState_eeg.set,R5,sub-NDARAP785CTE,8.7157,68.0,2.0,542.002,test,8.967123985290527
/workspace/hbn_subset/R5/download/sub-NDARAP785CTE/eeg/sub-NDARAP785CTE_task-RestingState_eeg.set,R5,sub-NDARAP785CTE,8.7157,70.0,2.0,542.002,test,9.353468894958496
/workspace/hbn_subset/R5/download/sub-NDARAP785CTE/eeg/sub-NDARAP785CTE_task-RestingState_eeg.set,R5,sub-NDARAP785CTE,8.7157,72.0,2.0,542.002,test,10.54055404663086
/workspace/hbn_subset/R5/download/sub-NDARAP785CTE/eeg/sub-NDARAP785CTE_task-RestingState_eeg.set,R5,sub-NDARAP785CTE,8.7157,74.0,2.0,542.002,test,8.656150817871094
/workspace/hbn_subset/R5/download/sub-NDARAP785CTE/eeg/sub-NDARAP785CTE_task-RestingState_eeg.set,R5,sub-NDARAP785CTE,8.7157,76.0,2.0,542.002,test,8.4125394821167
/workspace/hbn_subset/R5/download/sub-NDARAP785CTE/eeg/sub-NDARAP785CTE_task-RestingState_eeg.set,R5,sub-NDARAP785CTE,8.7157,78.0,2.0,542.002,test,8.399104118347168
/workspace/hbn_subset/R5/download/sub-NDARAP785CTE/eeg/sub-NDARAP785CTE_task-RestingState_eeg.set,R5,sub-NDARAP785CTE,8.7157,80.0,2.0,542.002,test,7.398960590362549
/workspace/hbn_subset/R5/download/sub-NDARAP785CTE/eeg/sub-NDARAP785CTE_task-RestingState_eeg.set,R5,sub-NDARAP785CTE,8.7157,82.0,2.0,542.002,test,10.266951560974121
/workspace/hbn_subset/R5/download/sub-NDARAP785CTE/eeg/sub-NDARAP785CTE_task-RestingState_eeg.set,R5,sub-NDARAP785CTE,8.7157,84.0,2.0,542.002,test,8.030651092529297
/workspace/hbn_subset/R5/download/sub-NDARAP785CTE/eeg/sub-NDARAP785CTE_task-RestingState_eeg.set,R5,sub-NDARAP785CTE,8.7157,86.0,2.0,542.002,test,10.20443058013916
/workspace/hbn_subset/R5/download/sub-NDARAP785CTE/eeg/sub-NDARAP785CTE_task-RestingState_eeg.set,R5,sub-NDARAP785CTE,8.7157,88.0,2.0,542.002,test,8.444425582885742
/workspace/hbn_subset/R5/download/sub-NDARAP785CTE/eeg/sub-NDARAP785CTE_task-RestingState_eeg.set,R5,sub-NDARAP785CTE,8.7157,90.0,2.0,542.002,test,9.473295211791992
/workspace/hbn_subset/R5/download/sub-NDARAP785CTE/eeg/sub-NDARAP785CTE_task-RestingState_eeg.set,R5,sub-NDARAP785CTE,8.7157,92.0,2.0,542.002,test,9.919276237487793
/workspace/hbn_subset/R5/download/sub-NDARAP785CTE/eeg/sub-NDARAP785CTE_task-RestingState_eeg.set,R5,sub-NDARAP785CTE,8.7157,94.0,2.0,542.002,test,8.33043384552002
/workspace/hbn_subset/R5/download/sub-NDARAP785CTE/eeg/sub-NDARAP785CTE_task-RestingState_eeg.set,R5,sub-NDARAP785CTE,8.7157,96.0,2.0,542.002,test,8.724753379821777
/workspace/hbn_subset/R5/download/sub-NDARAP785CTE/eeg/sub-NDARAP785CTE_task-RestingState_eeg.set,R5,sub-NDARAP785CTE,8.7157,98.0,2.0,542.002,test,9.300275802612305
/workspace/hbn_subset/R5/download/sub-NDARAP785CTE/eeg/sub-NDARAP785CTE_task-RestingState_eeg.set,R5,sub-NDARAP785CTE,8.7157,100.0,2.0,542.002,test,10.23291015625
/workspace/hbn_subset/R5/download/sub-NDARAP785CTE/eeg/sub-NDARAP785CTE_task-RestingState_eeg.set,R5,sub-NDARAP785CTE,8.7157,102.0,2.0,542.002,test,12.23384952545166
/workspace/hbn_subset/R5/download/sub-NDARAP785CTE/eeg/sub-NDARAP785CTE_task-RestingState_eeg.set,R5,sub-NDARAP785CTE,8.7157,104.0,2.0,542.002,test,8.4385404586792
/workspace/hbn_subset/R5/download/sub-NDARAP785CTE/eeg/sub-NDARAP785CTE_task-RestingState_eeg.set,R5,sub-NDARAP785CTE,8.7157,106.0,2.0,542.002,test,9.477611541748047
/workspace/hbn_subset/R5/download/sub-NDARAP785CTE/eeg/sub-NDARAP785CTE_task-RestingState_eeg.set,R5,sub-NDARAP785CTE,8.7157,108.0,2.0,542.002,test,11.217615127563477
/workspace/hbn_subset/R5/download/sub-NDARAP785CTE/eeg/sub-NDARAP785CTE_task-RestingState_eeg.set,R5,sub-NDARAP785CTE,8.7157,110.0,2.0,542.002,test,11.907052993774414
/workspace/hbn_subset/R5/download/sub-NDARAP785CTE/eeg/sub-NDARAP785CTE_task-RestingState_eeg.set,R5,sub-NDARAP785CTE,8.7157,112.0,2.0,542.002,test,12.240199089050293
/workspace/hbn_subset/R5/download/sub-NDARAP785CTE/eeg/sub-NDARAP785CTE_task-RestingState_eeg.set,R5,sub-NDARAP785CTE,8.7157,114.0,2.0,542.002,test,7.352302074432373
/workspace/hbn_subset/R5/download/sub-NDARAP785CTE/eeg/sub-NDARAP785CTE_task-RestingState_eeg.set,R5,sub-NDARAP785CTE,8.7157,116.0,2.0,542.002,test,9.1200532913208
/workspace/hbn_subset/R5/download/sub-NDARAP785CTE/eeg/sub-NDARAP785CTE_task-RestingState_eeg.set,R5,sub-NDARAP785CTE,8.7157,118.0,2.0,542.002,test,9.30113410949707
/workspace/hbn_subset/R5/download/sub-NDARAT358XM9/eeg/sub-NDARAT358XM9_task-RestingState_eeg.set,R5,sub-NDARAT358XM9,9.1427,0.0,2.0,359.974,test,9.704136848449707
/workspace/hbn_subset/R5/download/sub-NDARAT358XM9/eeg/sub-NDARAT358XM9_task-RestingState_eeg.set,R5,sub-NDARAT358XM9,9.1427,2.0,2.0,359.974,test,10.236675262451172
/workspace/hbn_subset/R5/download/sub-NDARAT358XM9/eeg/sub-NDARAT358XM9_task-RestingState_eeg.set,R5,sub-NDARAT358XM9,9.1427,4.0,2.0,359.974,test,8.903730392456055
/workspace/hbn_subset/R5/download/sub-NDARAT358XM9/eeg/sub-NDARAT358XM9_task-RestingState_eeg.set,R5,sub-NDARAT358XM9,9.1427,6.0,2.0,359.974,test,8.751961708068848
/workspace/hbn_subset/R5/download/sub-NDARAT358XM9/eeg/sub-NDARAT358XM9_task-RestingState_eeg.set,R5,sub-NDARAT358XM9,9.1427,8.0,2.0,359.974,test,8.572951316833496
/workspace/hbn_subset/R5/download/sub-NDARAT358XM9/eeg/sub-NDARAT358XM9_task-RestingState_eeg.set,R5,sub-NDARAT358XM9,9.1427,10.0,2.0,359.974,test,8.320512771606445
/workspace/hbn_subset/R5/download/sub-NDARAT358XM9/eeg/sub-NDARAT358XM9_task-RestingState_eeg.set,R5,sub-NDARAT358XM9,9.1427,12.0,2.0,359.974,test,8.051936149597168
/workspace/hbn_subset/R5/download/sub-NDARAT358XM9/eeg/sub-NDARAT358XM9_task-RestingState_eeg.set,R5,sub-NDARAT358XM9,9.1427,14.0,2.0,359.974,test,7.783376216888428
/workspace/hbn_subset/R5/download/sub-NDARAT358XM9/eeg/sub-NDARAT358XM9_task-RestingState_eeg.set,R5,sub-NDARAT358XM9,9.1427,16.0,2.0,359.974,test,7.621362686157227
/workspace/hbn_subset/R5/download/sub-NDARAT358XM9/eeg/sub-NDARAT358XM9_task-RestingState_eeg.set,R5,sub-NDARAT358XM9,9.1427,18.0,2.0,359.974,test,7.513125896453857
/workspace/hbn_subset/R5/download/sub-NDARAT358XM9/eeg/sub-NDARAT358XM9_task-RestingState_eeg.set,R5,sub-NDARAT358XM9,9.1427,20.0,2.0,359.974,test,7.313124656677246
/workspace/hbn_subset/R5/download/sub-NDARAT358XM9/eeg/sub-NDARAT358XM9_task-RestingState_eeg.set,R5,sub-NDARAT358XM9,9.1427,22.0,2.0,359.974,test,7.405069828033447
/workspace/hbn_subset/R5/download/sub-NDARAT358XM9/eeg/sub-NDARAT358XM9_task-RestingState_eeg.set,R5,sub-NDARAT358XM9,9.1427,24.0,2.0,359.974,test,7.429505348205566
/workspace/hbn_subset/R5/download/sub-NDARAT358XM9/eeg/sub-NDARAT358XM9_task-RestingState_eeg.set,R5,sub-NDARAT358XM9,9.1427,26.0,2.0,359.974,test,7.263221740722656
/workspace/hbn_subset/R5/download/sub-NDARAT358XM9/eeg/sub-NDARAT358XM9_task-RestingState_eeg.set,R5,sub-NDARAT358XM9,9.1427,28.0,2.0,359.974,test,7.718785285949707
/workspace/hbn_subset/R5/download/sub-NDARAT358XM9/eeg/sub-NDARAT358XM9_task-RestingState_eeg.set,R5,sub-NDARAT358XM9,9.1427,30.0,2.0,359.974,test,7.633519172668457
/workspace/hbn_subset/R5/download/sub-NDARAT358XM9/eeg/sub-NDARAT358XM9_task-RestingState_eeg.set,R5,sub-NDARAT358XM9,9.1427,32.0,2.0,359.974,test,7.681356430053711
/workspace/hbn_subset/R5/download/sub-NDARAT358XM9/eeg/sub-NDARAT358XM9_task-RestingState_eeg.set,R5,sub-NDARAT358XM9,9.1427,34.0,2.0,359.974,test,7.598228454589844
/workspace/hbn_subset/R5/download/sub-NDARAT358XM9/eeg/sub-NDARAT358XM9_task-RestingState_eeg.set,R5,sub-NDARAT358XM9,9.1427,36.0,2.0,359.974,test,7.831925392150879
/workspace/hbn_subset/R5/download/sub-NDARAT358XM9/eeg/sub-NDARAT358XM9_task-RestingState_eeg.set,R5,sub-NDARAT358XM9,9.1427,38.0,2.0,359.974,test,7.954904556274414
/workspace/hbn_subset/R5/download/sub-NDARAT358XM9/eeg/sub-NDARAT358XM9_task-RestingState_eeg.set,R5,sub-NDARAT358XM9,9.1427,40.0,2.0,359.974,test,10.808916091918945
/workspace/hbn_subset/R5/download/sub-NDARAT358XM9/eeg/sub-NDARAT358XM9_task-RestingState_eeg.set,R5,sub-NDARAT358XM9,9.1427,42.0,2.0,359.974,test,7.490823745727539
/workspace/hbn_subset/R5/download/sub-NDARAT358XM9/eeg/sub-NDARAT358XM9_task-RestingState_eeg.set,R5,sub-NDARAT358XM9,9.1427,44.0,2.0,359.974,test,7.341427326202393
/workspace/hbn_subset/R5/download/sub-NDARAT358XM9/eeg/sub-NDARAT358XM9_task-RestingState_eeg.set,R5,sub-NDARAT358XM9,9.1427,46.0,2.0,359.974,test,7.431799411773682
/workspace/hbn_subset/R5/download/sub-NDARAT358XM9/eeg/sub-NDARAT358XM9_task-RestingState_eeg.set,R5,sub-NDARAT358XM9,9.1427,48.0,2.0,359.974,test,7.437341213226318
/workspace/hbn_subset/R5/download/sub-NDARAT358XM9/eeg/sub-NDARAT358XM9_task-RestingState_eeg.set,R5,sub-NDARAT358XM9,9.1427,50.0,2.0,359.974,test,7.4124345779418945
/workspace/hbn_subset/R5/download/sub-NDARAT358XM9/eeg/sub-NDARAT358XM9_task-RestingState_eeg.set,R5,sub-NDARAT358XM9,9.1427,52.0,2.0,359.974,test,7.394740581512451
/workspace/hbn_subset/R5/download/sub-NDARAT358XM9/eeg/sub-NDARAT358XM9_task-RestingState_eeg.set,R5,sub-NDARAT358XM9,9.1427,54.0,2.0,359.974,test,7.358803749084473
/workspace/hbn_subset/R5/download/sub-NDARAT358XM9/eeg/sub-NDARAT358XM9_task-RestingState_eeg.set,R5,sub-NDARAT358XM9,9.1427,56.0,2.0,359.974,test,7.405418872833252
/workspace/hbn_subset/R5/download/sub-NDARAT358XM9/eeg/sub-NDARAT358XM9_task-RestingState_eeg.set,R5,sub-NDARAT358XM9,9.1427,58.0,2.0,359.974,test,7.4123406410217285
/workspace/hbn_subset/R5/download/sub-NDARAT358XM9/eeg/sub-NDARAT358XM9_task-RestingState_eeg.set,R5,sub-NDARAT358XM9,9.1427,60.0,2.0,359.974,test,7.327938556671143
/workspace/hbn_subset/R5/download/sub-NDARAT358XM9/eeg/sub-NDARAT358XM9_task-RestingState_eeg.set,R5,sub-NDARAT358XM9,9.1427,62.0,2.0,359.974,test,7.346720218658447
/workspace/hbn_subset/R5/download/sub-NDARAT358XM9/eeg/sub-NDARAT358XM9_task-RestingState_eeg.set,R5,sub-NDARAT358XM9,9.1427,64.0,2.0,359.974,test,7.375372409820557
/workspace/hbn_subset/R5/download/sub-NDARAT358XM9/eeg/sub-NDARAT358XM9_task-RestingState_eeg.set,R5,sub-NDARAT358XM9,9.1427,66.0,2.0,359.974,test,7.325987339019775
/workspace/hbn_subset/R5/download/sub-NDARAT358XM9/eeg/sub-NDARAT358XM9_task-RestingState_eeg.set,R5,sub-NDARAT358XM9,9.1427,68.0,2.0,359.974,test,7.381262302398682
/workspace/hbn_subset/R5/download/sub-NDARAT358XM9/eeg/sub-NDARAT358XM9_task-RestingState_eeg.set,R5,sub-NDARAT358XM9,9.1427,70.0,2.0,359.974,test,7.372505187988281
/workspace/hbn_subset/R5/download/sub-NDARAT358XM9/eeg/sub-NDARAT358XM9_task-RestingState_eeg.set,R5,sub-NDARAT358XM9,9.1427,72.0,2.0,359.974,test,7.2878007888793945
/workspace/hbn_subset/R5/download/sub-NDARAT358XM9/eeg/sub-NDARAT358XM9_task-RestingState_eeg.set,R5,sub-NDARAT358XM9,9.1427,74.0,2.0,359.974,test,7.368875503540039
/workspace/hbn_subset/R5/download/sub-NDARAT358XM9/eeg/sub-NDARAT358XM9_task-RestingState_eeg.set,R5,sub-NDARAT358XM9,9.1427,76.0,2.0,359.974,test,7.192605972290039
/workspace/hbn_subset/R5/download/sub-NDARAT358XM9/eeg/sub-NDARAT358XM9_task-RestingState_eeg.set,R5,sub-NDARAT358XM9,9.1427,78.0,2.0,359.974,test,7.1501240730285645
/workspace/hbn_subset/R5/download/sub-NDARAT358XM9/eeg/sub-NDARAT358XM9_task-RestingState_eeg.set,R5,sub-NDARAT358XM9,9.1427,80.0,2.0,359.974,test,7.17241907119751
/workspace/hbn_subset/R5/download/sub-NDARAT358XM9/eeg/sub-NDARAT358XM9_task-RestingState_eeg.set,R5,sub-NDARAT358XM9,9.1427,82.0,2.0,359.974,test,7.283409595489502
/workspace/hbn_subset/R5/download/sub-NDARAT358XM9/eeg/sub-NDARAT358XM9_task-RestingState_eeg.set,R5,sub-NDARAT358XM9,9.1427,84.0,2.0,359.974,test,7.2476067543029785
/workspace/hbn_subset/R5/download/sub-NDARAT358XM9/eeg/sub-NDARAT358XM9_task-RestingState_eeg.set,R5,sub-NDARAT358XM9,9.1427,86.0,2.0,359.974,test,7.179049015045166
/workspace/hbn_subset/R5/download/sub-NDARAT358XM9/eeg/sub-NDARAT358XM9_task-RestingState_eeg.set,R5,sub-NDARAT358XM9,9.1427,88.0,2.0,359.974,test,7.377786159515381
/workspace/hbn_subset/R5/download/sub-NDARAT358XM9/eeg/sub-NDARAT358XM9_task-RestingState_eeg.set,R5,sub-NDARAT358XM9,9.1427,90.0,2.0,359.974,test,7.249412536621094
/workspace/hbn_subset/R5/download/sub-NDARAT358XM9/eeg/sub-NDARAT358XM9_task-RestingState_eeg.set,R5,sub-NDARAT358XM9,9.1427,92.0,2.0,359.974,test,7.302173137664795
/workspace/hbn_subset/R5/download/sub-NDARAT358XM9/eeg/sub-NDARAT358XM9_task-RestingState_eeg.set,R5,sub-NDARAT358XM9,9.1427,94.0,2.0,359.974,test,7.354248523712158
/workspace/hbn_subset/R5/download/sub-NDARAT358XM9/eeg/sub-NDARAT358XM9_task-RestingState_eeg.set,R5,sub-NDARAT358XM9,9.1427,96.0,2.0,359.974,test,7.3023152351379395
/workspace/hbn_subset/R5/download/sub-NDARAT358XM9/eeg/sub-NDARAT358XM9_task-RestingState_eeg.set,R5,sub-NDARAT358XM9,9.1427,98.0,2.0,359.974,test,7.2023444175720215
/workspace/hbn_subset/R5/download/sub-NDARAT358XM9/eeg/sub-NDARAT358XM9_task-RestingState_eeg.set,R5,sub-NDARAT358XM9,9.1427,100.0,2.0,359.974,test,7.032827854156494
/workspace/hbn_subset/R5/download/sub-NDARAT358XM9/eeg/sub-NDARAT358XM9_task-RestingState_eeg.set,R5,sub-NDARAT358XM9,9.1427,102.0,2.0,359.974,test,7.261044025421143
/workspace/hbn_subset/R5/download/sub-NDARAT358XM9/eeg/sub-NDARAT358XM9_task-RestingState_eeg.set,R5,sub-NDARAT358XM9,9.1427,104.0,2.0,359.974,test,7.28548002243042
/workspace/hbn_subset/R5/download/sub-NDARAT358XM9/eeg/sub-NDARAT358XM9_task-RestingState_eeg.set,R5,sub-NDARAT358XM9,9.1427,106.0,2.0,359.974,test,7.3573384284973145
/workspace/hbn_subset/R5/download/sub-NDARAT358XM9/eeg/sub-NDARAT358XM9_task-RestingState_eeg.set,R5,sub-NDARAT358XM9,9.1427,108.0,2.0,359.974,test,7.339416980743408
/workspace/hbn_subset/R5/download/sub-NDARAT358XM9/eeg/sub-NDARAT358XM9_task-RestingState_eeg.set,R5,sub-NDARAT358XM9,9.1427,110.0,2.0,359.974,test,7.37490701675415
/workspace/hbn_subset/R5/download/sub-NDARAT358XM9/eeg/sub-NDARAT358XM9_task-RestingState_eeg.set,R5,sub-NDARAT358XM9,9.1427,112.0,2.0,359.974,test,7.37570858001709
/workspace/hbn_subset/R5/download/sub-NDARAT358XM9/eeg/sub-NDARAT358XM9_task-RestingState_eeg.set,R5,sub-NDARAT358XM9,9.1427,114.0,2.0,359.974,test,7.26279878616333
/workspace/hbn_subset/R5/download/sub-NDARAT358XM9/eeg/sub-NDARAT358XM9_task-RestingState_eeg.set,R5,sub-NDARAT358XM9,9.1427,116.0,2.0,359.974,test,7.460496425628662
/workspace/hbn_subset/R5/download/sub-NDARAT358XM9/eeg/sub-NDARAT358XM9_task-RestingState_eeg.set,R5,sub-NDARAT358XM9,9.1427,118.0,2.0,359.974,test,7.230752468109131
/workspace/hbn_subset/R5/download/sub-NDARAU708TL8/eeg/sub-NDARAU708TL8_task-RestingState_eeg.set,R5,sub-NDARAU708TL8,12.0751,0.0,2.0,356.124,test,9.888809204101562
/workspace/hbn_subset/R5/download/sub-NDARAU708TL8/eeg/sub-NDARAU708TL8_task-RestingState_eeg.set,R5,sub-NDARAU708TL8,12.0751,2.0,2.0,356.124,test,10.414603233337402
/workspace/hbn_subset/R5/download/sub-NDARAU708TL8/eeg/sub-NDARAU708TL8_task-RestingState_eeg.set,R5,sub-NDARAU708TL8,12.0751,4.0,2.0,356.124,test,10.686360359191895
/workspace/hbn_subset/R5/download/sub-NDARAU708TL8/eeg/sub-NDARAU708TL8_task-RestingState_eeg.set,R5,sub-NDARAU708TL8,12.0751,6.0,2.0,356.124,test,9.852036476135254
/workspace/hbn_subset/R5/download/sub-NDARAU708TL8/eeg/sub-NDARAU708TL8_task-RestingState_eeg.set,R5,sub-NDARAU708TL8,12.0751,8.0,2.0,356.124,test,11.275128364562988
/workspace/hbn_subset/R5/download/sub-NDARAU708TL8/eeg/sub-NDARAU708TL8_task-RestingState_eeg.set,R5,sub-NDARAU708TL8,12.0751,10.0,2.0,356.124,test,9.722979545593262
/workspace/hbn_subset/R5/download/sub-NDARAU708TL8/eeg/sub-NDARAU708TL8_task-RestingState_eeg.set,R5,sub-NDARAU708TL8,12.0751,12.0,2.0,356.124,test,10.296124458312988
/workspace/hbn_subset/R5/download/sub-NDARAU708TL8/eeg/sub-NDARAU708TL8_task-RestingState_eeg.set,R5,sub-NDARAU708TL8,12.0751,14.0,2.0,356.124,test,10.596195220947266
/workspace/hbn_subset/R5/download/sub-NDARAU708TL8/eeg/sub-NDARAU708TL8_task-RestingState_eeg.set,R5,sub-NDARAU708TL8,12.0751,16.0,2.0,356.124,test,11.122855186462402
/workspace/hbn_subset/R5/download/sub-NDARAU708TL8/eeg/sub-NDARAU708TL8_task-RestingState_eeg.set,R5,sub-NDARAU708TL8,12.0751,18.0,2.0,356.124,test,10.53957462310791
/workspace/hbn_subset/R5/download/sub-NDARAU708TL8/eeg/sub-NDARAU708TL8_task-RestingState_eeg.set,R5,sub-NDARAU708TL8,12.0751,20.0,2.0,356.124,test,10.424056053161621
/workspace/hbn_subset/R5/download/sub-NDARAU708TL8/eeg/sub-NDARAU708TL8_task-RestingState_eeg.set,R5,sub-NDARAU708TL8,12.0751,22.0,2.0,356.124,test,10.551323890686035
/workspace/hbn_subset/R5/download/sub-NDARAU708TL8/eeg/sub-NDARAU708TL8_task-RestingState_eeg.set,R5,sub-NDARAU708TL8,12.0751,24.0,2.0,356.124,test,10.526566505432129
/workspace/hbn_subset/R5/download/sub-NDARAU708TL8/eeg/sub-NDARAU708TL8_task-RestingState_eeg.set,R5,sub-NDARAU708TL8,12.0751,26.0,2.0,356.124,test,10.69975757598877
/workspace/hbn_subset/R5/download/sub-NDARAU708TL8/eeg/sub-NDARAU708TL8_task-RestingState_eeg.set,R5,sub-NDARAU708TL8,12.0751,28.0,2.0,356.124,test,10.70398998260498
/workspace/hbn_subset/R5/download/sub-NDARAU708TL8/eeg/sub-NDARAU708TL8_task-RestingState_eeg.set,R5,sub-NDARAU708TL8,12.0751,30.0,2.0,356.124,test,10.988629341125488
/workspace/hbn_subset/R5/download/sub-NDARAU708TL8/eeg/sub-NDARAU708TL8_task-RestingState_eeg.set,R5,sub-NDARAU708TL8,12.0751,32.0,2.0,356.124,test,10.693953514099121
/workspace/hbn_subset/R5/download/sub-NDARAU708TL8/eeg/sub-NDARAU708TL8_task-RestingState_eeg.set,R5,sub-NDARAU708TL8,12.0751,34.0,2.0,356.124,test,10.437871932983398
/workspace/hbn_subset/R5/download/sub-NDARAU708TL8/eeg/sub-NDARAU708TL8_task-RestingState_eeg.set,R5,sub-NDARAU708TL8,12.0751,36.0,2.0,356.124,test,11.206562042236328
/workspace/hbn_subset/R5/download/sub-NDARAU708TL8/eeg/sub-NDARAU708TL8_task-RestingState_eeg.set,R5,sub-NDARAU708TL8,12.0751,38.0,2.0,356.124,test,10.677477836608887
/workspace/hbn_subset/R5/download/sub-NDARAU708TL8/eeg/sub-NDARAU708TL8_task-RestingState_eeg.set,R5,sub-NDARAU708TL8,12.0751,40.0,2.0,356.124,test,10.142193794250488
/workspace/hbn_subset/R5/download/sub-NDARAU708TL8/eeg/sub-NDARAU708TL8_task-RestingState_eeg.set,R5,sub-NDARAU708TL8,12.0751,42.0,2.0,356.124,test,10.368363380432129
/workspace/hbn_subset/R5/download/sub-NDARAU708TL8/eeg/sub-NDARAU708TL8_task-RestingState_eeg.set,R5,sub-NDARAU708TL8,12.0751,44.0,2.0,356.124,test,10.613813400268555
/workspace/hbn_subset/R5/download/sub-NDARAU708TL8/eeg/sub-NDARAU708TL8_task-RestingState_eeg.set,R5,sub-NDARAU708TL8,12.0751,46.0,2.0,356.124,test,10.80057430267334
/workspace/hbn_subset/R5/download/sub-NDARAU708TL8/eeg/sub-NDARAU708TL8_task-RestingState_eeg.set,R5,sub-NDARAU708TL8,12.0751,48.0,2.0,356.124,test,10.749491691589355
/workspace/hbn_subset/R5/download/sub-NDARAU708TL8/eeg/sub-NDARAU708TL8_task-RestingState_eeg.set,R5,sub-NDARAU708TL8,12.0751,50.0,2.0,356.124,test,9.866667747497559
/workspace/hbn_subset/R5/download/sub-NDARAU708TL8/eeg/sub-NDARAU708TL8_task-RestingState_eeg.set,R5,sub-NDARAU708TL8,12.0751,52.0,2.0,356.124,test,10.2035493850708
/workspace/hbn_subset/R5/download/sub-NDARAU708TL8/eeg/sub-NDARAU708TL8_task-RestingState_eeg.set,R5,sub-NDARAU708TL8,12.0751,54.0,2.0,356.124,test,10.769326210021973
/workspace/hbn_subset/R5/download/sub-NDARAU708TL8/eeg/sub-NDARAU708TL8_task-RestingState_eeg.set,R5,sub-NDARAU708TL8,12.0751,56.0,2.0,356.124,test,9.200172424316406
/workspace/hbn_subset/R5/download/sub-NDARAU708TL8/eeg/sub-NDARAU708TL8_task-RestingState_eeg.set,R5,sub-NDARAU708TL8,12.0751,58.0,2.0,356.124,test,10.04226016998291
/workspace/hbn_subset/R5/download/sub-NDARAU708TL8/eeg/sub-NDARAU708TL8_task-RestingState_eeg.set,R5,sub-NDARAU708TL8,12.0751,60.0,2.0,356.124,test,10.005894660949707
/workspace/hbn_subset/R5/download/sub-NDARAU708TL8/eeg/sub-NDARAU708TL8_task-RestingState_eeg.set,R5,sub-NDARAU708TL8,12.0751,62.0,2.0,356.124,test,10.203936576843262
/workspace/hbn_subset/R5/download/sub-NDARAU708TL8/eeg/sub-NDARAU708TL8_task-RestingState_eeg.set,R5,sub-NDARAU708TL8,12.0751,64.0,2.0,356.124,test,9.819941520690918
/workspace/hbn_subset/R5/download/sub-NDARAU708TL8/eeg/sub-NDARAU708TL8_task-RestingState_eeg.set,R5,sub-NDARAU708TL8,12.0751,66.0,2.0,356.124,test,9.476444244384766
/workspace/hbn_subset/R5/download/sub-NDARAU708TL8/eeg/sub-NDARAU708TL8_task-RestingState_eeg.set,R5,sub-NDARAU708TL8,12.0751,68.0,2.0,356.124,test,10.312321662902832
/workspace/hbn_subset/R5/download/sub-NDARAU708TL8/eeg/sub-NDARAU708TL8_task-RestingState_eeg.set,R5,sub-NDARAU708TL8,12.0751,70.0,2.0,356.124,test,9.752751350402832
/workspace/hbn_subset/R5/download/sub-NDARAU708TL8/eeg/sub-NDARAU708TL8_task-RestingState_eeg.set,R5,sub-NDARAU708TL8,12.0751,72.0,2.0,356.124,test,10.791523933410645
/workspace/hbn_subset/R5/download/sub-NDARAU708TL8/eeg/sub-NDARAU708TL8_task-RestingState_eeg.set,R5,sub-NDARAU708TL8,12.0751,74.0,2.0,356.124,test,11.53554916381836
/workspace/hbn_subset/R5/download/sub-NDARAU708TL8/eeg/sub-NDARAU708TL8_task-RestingState_eeg.set,R5,sub-NDARAU708TL8,12.0751,76.0,2.0,356.124,test,10.22201919555664
/workspace/hbn_subset/R5/download/sub-NDARAU708TL8/eeg/sub-NDARAU708TL8_task-RestingState_eeg.set,R5,sub-NDARAU708TL8,12.0751,78.0,2.0,356.124,test,10.097954750061035
/workspace/hbn_subset/R5/download/sub-NDARAU708TL8/eeg/sub-NDARAU708TL8_task-RestingState_eeg.set,R5,sub-NDARAU708TL8,12.0751,80.0,2.0,356.124,test,10.77120304107666
/workspace/hbn_subset/R5/download/sub-NDARAU708TL8/eeg/sub-NDARAU708TL8_task-RestingState_eeg.set,R5,sub-NDARAU708TL8,12.0751,82.0,2.0,356.124,test,10.209556579589844
/workspace/hbn_subset/R5/download/sub-NDARAU708TL8/eeg/sub-NDARAU708TL8_task-RestingState_eeg.set,R5,sub-NDARAU708TL8,12.0751,84.0,2.0,356.124,test,10.320003509521484
/workspace/hbn_subset/R5/download/sub-NDARAU708TL8/eeg/sub-NDARAU708TL8_task-RestingState_eeg.set,R5,sub-NDARAU708TL8,12.0751,86.0,2.0,356.124,test,10.90599536895752
/workspace/hbn_subset/R5/download/sub-NDARAU708TL8/eeg/sub-NDARAU708TL8_task-RestingState_eeg.set,R5,sub-NDARAU708TL8,12.0751,88.0,2.0,356.124,test,9.619747161865234
/workspace/hbn_subset/R5/download/sub-NDARAU708TL8/eeg/sub-NDARAU708TL8_task-RestingState_eeg.set,R5,sub-NDARAU708TL8,12.0751,90.0,2.0,356.124,test,10.231806755065918
/workspace/hbn_subset/R5/download/sub-NDARAU708TL8/eeg/sub-NDARAU708TL8_task-RestingState_eeg.set,R5,sub-NDARAU708TL8,12.0751,92.0,2.0,356.124,test,9.858983993530273
/workspace/hbn_subset/R5/download/sub-NDARAU708TL8/eeg/sub-NDARAU708TL8_task-RestingState_eeg.set,R5,sub-NDARAU708TL8,12.0751,94.0,2.0,356.124,test,9.741146087646484
/workspace/hbn_subset/R5/download/sub-NDARAU708TL8/eeg/sub-NDARAU708TL8_task-RestingState_eeg.set,R5,sub-NDARAU708TL8,12.0751,96.0,2.0,356.124,test,9.64618968963623
/workspace/hbn_subset/R5/download/sub-NDARAU708TL8/eeg/sub-NDARAU708TL8_task-RestingState_eeg.set,R5,sub-NDARAU708TL8,12.0751,98.0,2.0,356.124,test,10.037299156188965
/workspace/hbn_subset/R5/download/sub-NDARAU708TL8/eeg/sub-NDARAU708TL8_task-RestingState_eeg.set,R5,sub-NDARAU708TL8,12.0751,100.0,2.0,356.124,test,9.914590835571289
/workspace/hbn_subset/R5/download/sub-NDARAU708TL8/eeg/sub-NDARAU708TL8_task-RestingState_eeg.set,R5,sub-NDARAU708TL8,12.0751,102.0,2.0,356.124,test,10.551705360412598
/workspace/hbn_subset/R5/download/sub-NDARAU708TL8/eeg/sub-NDARAU708TL8_task-RestingState_eeg.set,R5,sub-NDARAU708TL8,12.0751,104.0,2.0,356.124,test,9.785401344299316
/workspace/hbn_subset/R5/download/sub-NDARAU708TL8/eeg/sub-NDARAU708TL8_task-RestingState_eeg.set,R5,sub-NDARAU708TL8,12.0751,106.0,2.0,356.124,test,10.083602905273438
/workspace/hbn_subset/R5/download/sub-NDARAU708TL8/eeg/sub-NDARAU708TL8_task-RestingState_eeg.set,R5,sub-NDARAU708TL8,12.0751,108.0,2.0,356.124,test,10.481802940368652
/workspace/hbn_subset/R5/download/sub-NDARAU708TL8/eeg/sub-NDARAU708TL8_task-RestingState_eeg.set,R5,sub-NDARAU708TL8,12.0751,110.0,2.0,356.124,test,9.758320808410645
/workspace/hbn_subset/R5/download/sub-NDARAU708TL8/eeg/sub-NDARAU708TL8_task-RestingState_eeg.set,R5,sub-NDARAU708TL8,12.0751,112.0,2.0,356.124,test,11.212301254272461
/workspace/hbn_subset/R5/download/sub-NDARAU708TL8/eeg/sub-NDARAU708TL8_task-RestingState_eeg.set,R5,sub-NDARAU708TL8,12.0751,114.0,2.0,356.124,test,10.48283863067627
/workspace/hbn_subset/R5/download/sub-NDARAU708TL8/eeg/sub-NDARAU708TL8_task-RestingState_eeg.set,R5,sub-NDARAU708TL8,12.0751,116.0,2.0,356.124,test,11.313990592956543
/workspace/hbn_subset/R5/download/sub-NDARAU708TL8/eeg/sub-NDARAU708TL8_task-RestingState_eeg.set,R5,sub-NDARAU708TL8,12.0751,118.0,2.0,356.124,test,9.533780097961426
/workspace/hbn_subset/R5/download/sub-NDARAV187GJ5/eeg/sub-NDARAV187GJ5_task-RestingState_eeg.set,R5,sub-NDARAV187GJ5,10.4548,0.0,2.0,469.358,test,6.103150844573975
/workspace/hbn_subset/R5/download/sub-NDARAV187GJ5/eeg/sub-NDARAV187GJ5_task-RestingState_eeg.set,R5,sub-NDARAV187GJ5,10.4548,2.0,2.0,469.358,test,7.910429000854492
/workspace/hbn_subset/R5/download/sub-NDARAV187GJ5/eeg/sub-NDARAV187GJ5_task-RestingState_eeg.set,R5,sub-NDARAV187GJ5,10.4548,4.0,2.0,469.358,test,6.6795654296875
/workspace/hbn_subset/R5/download/sub-NDARAV187GJ5/eeg/sub-NDARAV187GJ5_task-RestingState_eeg.set,R5,sub-NDARAV187GJ5,10.4548,6.0,2.0,469.358,test,5.810680866241455
/workspace/hbn_subset/R5/download/sub-NDARAV187GJ5/eeg/sub-NDARAV187GJ5_task-RestingState_eeg.set,R5,sub-NDARAV187GJ5,10.4548,8.0,2.0,469.358,test,6.9827985763549805
/workspace/hbn_subset/R5/download/sub-NDARAV187GJ5/eeg/sub-NDARAV187GJ5_task-RestingState_eeg.set,R5,sub-NDARAV187GJ5,10.4548,10.0,2.0,469.358,test,6.3056254386901855
/workspace/hbn_subset/R5/download/sub-NDARAV187GJ5/eeg/sub-NDARAV187GJ5_task-RestingState_eeg.set,R5,sub-NDARAV187GJ5,10.4548,12.0,2.0,469.358,test,7.195825576782227
/workspace/hbn_subset/R5/download/sub-NDARAV187GJ5/eeg/sub-NDARAV187GJ5_task-RestingState_eeg.set,R5,sub-NDARAV187GJ5,10.4548,14.0,2.0,469.358,test,6.063493251800537
/workspace/hbn_subset/R5/download/sub-NDARAV187GJ5/eeg/sub-NDARAV187GJ5_task-RestingState_eeg.set,R5,sub-NDARAV187GJ5,10.4548,16.0,2.0,469.358,test,6.520432472229004
/workspace/hbn_subset/R5/download/sub-NDARAV187GJ5/eeg/sub-NDARAV187GJ5_task-RestingState_eeg.set,R5,sub-NDARAV187GJ5,10.4548,18.0,2.0,469.358,test,5.83709716796875
/workspace/hbn_subset/R5/download/sub-NDARAV187GJ5/eeg/sub-NDARAV187GJ5_task-RestingState_eeg.set,R5,sub-NDARAV187GJ5,10.4548,20.0,2.0,469.358,test,5.835444450378418
/workspace/hbn_subset/R5/download/sub-NDARAV187GJ5/eeg/sub-NDARAV187GJ5_task-RestingState_eeg.set,R5,sub-NDARAV187GJ5,10.4548,22.0,2.0,469.358,test,7.330101490020752
/workspace/hbn_subset/R5/download/sub-NDARAV187GJ5/eeg/sub-NDARAV187GJ5_task-RestingState_eeg.set,R5,sub-NDARAV187GJ5,10.4548,24.0,2.0,469.358,test,7.664956092834473
/workspace/hbn_subset/R5/download/sub-NDARAV187GJ5/eeg/sub-NDARAV187GJ5_task-RestingState_eeg.set,R5,sub-NDARAV187GJ5,10.4548,26.0,2.0,469.358,test,7.450444221496582
/workspace/hbn_subset/R5/download/sub-NDARAV187GJ5/eeg/sub-NDARAV187GJ5_task-RestingState_eeg.set,R5,sub-NDARAV187GJ5,10.4548,28.0,2.0,469.358,test,6.405730724334717
/workspace/hbn_subset/R5/download/sub-NDARAV187GJ5/eeg/sub-NDARAV187GJ5_task-RestingState_eeg.set,R5,sub-NDARAV187GJ5,10.4548,30.0,2.0,469.358,test,7.014233112335205
/workspace/hbn_subset/R5/download/sub-NDARAV187GJ5/eeg/sub-NDARAV187GJ5_task-RestingState_eeg.set,R5,sub-NDARAV187GJ5,10.4548,32.0,2.0,469.358,test,6.875284671783447
/workspace/hbn_subset/R5/download/sub-NDARAV187GJ5/eeg/sub-NDARAV187GJ5_task-RestingState_eeg.set,R5,sub-NDARAV187GJ5,10.4548,34.0,2.0,469.358,test,7.256374835968018
/workspace/hbn_subset/R5/download/sub-NDARAV187GJ5/eeg/sub-NDARAV187GJ5_task-RestingState_eeg.set,R5,sub-NDARAV187GJ5,10.4548,36.0,2.0,469.358,test,7.4499030113220215
/workspace/hbn_subset/R5/download/sub-NDARAV187GJ5/eeg/sub-NDARAV187GJ5_task-RestingState_eeg.set,R5,sub-NDARAV187GJ5,10.4548,38.0,2.0,469.358,test,7.814672470092773
/workspace/hbn_subset/R5/download/sub-NDARAV187GJ5/eeg/sub-NDARAV187GJ5_task-RestingState_eeg.set,R5,sub-NDARAV187GJ5,10.4548,40.0,2.0,469.358,test,6.8919243812561035
/workspace/hbn_subset/R5/download/sub-NDARAV187GJ5/eeg/sub-NDARAV187GJ5_task-RestingState_eeg.set,R5,sub-NDARAV187GJ5,10.4548,42.0,2.0,469.358,test,6.743807792663574
/workspace/hbn_subset/R5/download/sub-NDARAV187GJ5/eeg/sub-NDARAV187GJ5_task-RestingState_eeg.set,R5,sub-NDARAV187GJ5,10.4548,44.0,2.0,469.358,test,7.229340553283691
/workspace/hbn_subset/R5/download/sub-NDARAV187GJ5/eeg/sub-NDARAV187GJ5_task-RestingState_eeg.set,R5,sub-NDARAV187GJ5,10.4548,46.0,2.0,469.358,test,8.1170015335083
/workspace/hbn_subset/R5/download/sub-NDARAV187GJ5/eeg/sub-NDARAV187GJ5_task-RestingState_eeg.set,R5,sub-NDARAV187GJ5,10.4548,48.0,2.0,469.358,test,7.389349937438965
/workspace/hbn_subset/R5/download/sub-NDARAV187GJ5/eeg/sub-NDARAV187GJ5_task-RestingState_eeg.set,R5,sub-NDARAV187GJ5,10.4548,50.0,2.0,469.358,test,8.189504623413086
/workspace/hbn_subset/R5/download/sub-NDARAV187GJ5/eeg/sub-NDARAV187GJ5_task-RestingState_eeg.set,R5,sub-NDARAV187GJ5,10.4548,52.0,2.0,469.358,test,8.365880966186523
/workspace/hbn_subset/R5/download/sub-NDARAV187GJ5/eeg/sub-NDARAV187GJ5_task-RestingState_eeg.set,R5,sub-NDARAV187GJ5,10.4548,54.0,2.0,469.358,test,7.888997554779053
/workspace/hbn_subset/R5/download/sub-NDARAV187GJ5/eeg/sub-NDARAV187GJ5_task-RestingState_eeg.set,R5,sub-NDARAV187GJ5,10.4548,56.0,2.0,469.358,test,6.946235179901123
/workspace/hbn_subset/R5/download/sub-NDARAV187GJ5/eeg/sub-NDARAV187GJ5_task-RestingState_eeg.set,R5,sub-NDARAV187GJ5,10.4548,58.0,2.0,469.358,test,6.461217403411865
/workspace/hbn_subset/R5/download/sub-NDARAV187GJ5/eeg/sub-NDARAV187GJ5_task-RestingState_eeg.set,R5,sub-NDARAV187GJ5,10.4548,60.0,2.0,469.358,test,6.5544114112854
/workspace/hbn_subset/R5/download/sub-NDARAV187GJ5/eeg/sub-NDARAV187GJ5_task-RestingState_eeg.set,R5,sub-NDARAV187GJ5,10.4548,62.0,2.0,469.358,test,6.876713275909424
/workspace/hbn_subset/R5/download/sub-NDARAV187GJ5/eeg/sub-NDARAV187GJ5_task-RestingState_eeg.set,R5,sub-NDARAV187GJ5,10.4548,64.0,2.0,469.358,test,7.906063079833984
/workspace/hbn_subset/R5/download/sub-NDARAV187GJ5/eeg/sub-NDARAV187GJ5_task-RestingState_eeg.set,R5,sub-NDARAV187GJ5,10.4548,66.0,2.0,469.358,test,8.95449447631836
/workspace/hbn_subset/R5/download/sub-NDARAV187GJ5/eeg/sub-NDARAV187GJ5_task-RestingState_eeg.set,R5,sub-NDARAV187GJ5,10.4548,68.0,2.0,469.358,test,8.189963340759277
/workspace/hbn_subset/R5/download/sub-NDARAV187GJ5/eeg/sub-NDARAV187GJ5_task-RestingState_eeg.set,R5,sub-NDARAV187GJ5,10.4548,70.0,2.0,469.358,test,7.886995792388916
/workspace/hbn_subset/R5/download/sub-NDARAV187GJ5/eeg/sub-NDARAV187GJ5_task-RestingState_eeg.set,R5,sub-NDARAV187GJ5,10.4548,72.0,2.0,469.358,test,8.802382469177246
/workspace/hbn_subset/R5/download/sub-NDARAV187GJ5/eeg/sub-NDARAV187GJ5_task-RestingState_eeg.set,R5,sub-NDARAV187GJ5,10.4548,74.0,2.0,469.358,test,8.014612197875977
/workspace/hbn_subset/R5/download/sub-NDARAV187GJ5/eeg/sub-NDARAV187GJ5_task-RestingState_eeg.set,R5,sub-NDARAV187GJ5,10.4548,76.0,2.0,469.358,test,7.261281967163086
/workspace/hbn_subset/R5/download/sub-NDARAV187GJ5/eeg/sub-NDARAV187GJ5_task-RestingState_eeg.set,R5,sub-NDARAV187GJ5,10.4548,78.0,2.0,469.358,test,7.614586353302002
/workspace/hbn_subset/R5/download/sub-NDARAV187GJ5/eeg/sub-NDARAV187GJ5_task-RestingState_eeg.set,R5,sub-NDARAV187GJ5,10.4548,80.0,2.0,469.358,test,7.07678747177124
/workspace/hbn_subset/R5/download/sub-NDARAV187GJ5/eeg/sub-NDARAV187GJ5_task-RestingState_eeg.set,R5,sub-NDARAV187GJ5,10.4548,82.0,2.0,469.358,test,8.103513717651367
/workspace/hbn_subset/R5/download/sub-NDARAV187GJ5/eeg/sub-NDARAV187GJ5_task-RestingState_eeg.set,R5,sub-NDARAV187GJ5,10.4548,84.0,2.0,469.358,test,6.789465427398682
/workspace/hbn_subset/R5/download/sub-NDARAV187GJ5/eeg/sub-NDARAV187GJ5_task-RestingState_eeg.set,R5,sub-NDARAV187GJ5,10.4548,86.0,2.0,469.358,test,6.370485782623291
/workspace/hbn_subset/R5/download/sub-NDARAV187GJ5/eeg/sub-NDARAV187GJ5_task-RestingState_eeg.set,R5,sub-NDARAV187GJ5,10.4548,88.0,2.0,469.358,test,6.471292495727539
/workspace/hbn_subset/R5/download/sub-NDARAV187GJ5/eeg/sub-NDARAV187GJ5_task-RestingState_eeg.set,R5,sub-NDARAV187GJ5,10.4548,90.0,2.0,469.358,test,7.280564785003662
/workspace/hbn_subset/R5/download/sub-NDARAV187GJ5/eeg/sub-NDARAV187GJ5_task-RestingState_eeg.set,R5,sub-NDARAV187GJ5,10.4548,92.0,2.0,469.358,test,6.66715669631958
/workspace/hbn_subset/R5/download/sub-NDARAV187GJ5/eeg/sub-NDARAV187GJ5_task-RestingState_eeg.set,R5,sub-NDARAV187GJ5,10.4548,94.0,2.0,469.358,test,6.24327278137207
/workspace/hbn_subset/R5/download/sub-NDARAV187GJ5/eeg/sub-NDARAV187GJ5_task-RestingState_eeg.set,R5,sub-NDARAV187GJ5,10.4548,96.0,2.0,469.358,test,6.698346138000488
/workspace/hbn_subset/R5/download/sub-NDARAV187GJ5/eeg/sub-NDARAV187GJ5_task-RestingState_eeg.set,R5,sub-NDARAV187GJ5,10.4548,98.0,2.0,469.358,test,7.2570481300354
/workspace/hbn_subset/R5/download/sub-NDARAV187GJ5/eeg/sub-NDARAV187GJ5_task-RestingState_eeg.set,R5,sub-NDARAV187GJ5,10.4548,100.0,2.0,469.358,test,7.376391887664795
/workspace/hbn_subset/R5/download/sub-NDARAV187GJ5/eeg/sub-NDARAV187GJ5_task-RestingState_eeg.set,R5,sub-NDARAV187GJ5,10.4548,102.0,2.0,469.358,test,6.6715407371521
/workspace/hbn_subset/R5/download/sub-NDARAV187GJ5/eeg/sub-NDARAV187GJ5_task-RestingState_eeg.set,R5,sub-NDARAV187GJ5,10.4548,104.0,2.0,469.358,test,6.628261566162109
/workspace/hbn_subset/R5/download/sub-NDARAV187GJ5/eeg/sub-NDARAV187GJ5_task-RestingState_eeg.set,R5,sub-NDARAV187GJ5,10.4548,106.0,2.0,469.358,test,6.665656566619873
/workspace/hbn_subset/R5/download/sub-NDARAV187GJ5/eeg/sub-NDARAV187GJ5_task-RestingState_eeg.set,R5,sub-NDARAV187GJ5,10.4548,108.0,2.0,469.358,test,5.985893726348877
/workspace/hbn_subset/R5/download/sub-NDARAV187GJ5/eeg/sub-NDARAV187GJ5_task-RestingState_eeg.set,R5,sub-NDARAV187GJ5,10.4548,110.0,2.0,469.358,test,6.004091262817383
/workspace/hbn_subset/R5/download/sub-NDARAV187GJ5/eeg/sub-NDARAV187GJ5_task-RestingState_eeg.set,R5,sub-NDARAV187GJ5,10.4548,112.0,2.0,469.358,test,6.319204807281494
/workspace/hbn_subset/R5/download/sub-NDARAV187GJ5/eeg/sub-NDARAV187GJ5_task-RestingState_eeg.set,R5,sub-NDARAV187GJ5,10.4548,114.0,2.0,469.358,test,6.375192165374756
/workspace/hbn_subset/R5/download/sub-NDARAV187GJ5/eeg/sub-NDARAV187GJ5_task-RestingState_eeg.set,R5,sub-NDARAV187GJ5,10.4548,116.0,2.0,469.358,test,6.562080383300781
/workspace/hbn_subset/R5/download/sub-NDARAV187GJ5/eeg/sub-NDARAV187GJ5_task-RestingState_eeg.set,R5,sub-NDARAV187GJ5,10.4548,118.0,2.0,469.358,test,6.230469226837158
/workspace/hbn_subset/R5/download/sub-NDARAX358NB5/eeg/sub-NDARAX358NB5_task-RestingState_eeg.set,R5,sub-NDARAX358NB5,8.1304,0.0,2.0,350.874,test,9.528706550598145
/workspace/hbn_subset/R5/download/sub-NDARAX358NB5/eeg/sub-NDARAX358NB5_task-RestingState_eeg.set,R5,sub-NDARAX358NB5,8.1304,2.0,2.0,350.874,test,9.469361305236816
/workspace/hbn_subset/R5/download/sub-NDARAX358NB5/eeg/sub-NDARAX358NB5_task-RestingState_eeg.set,R5,sub-NDARAX358NB5,8.1304,4.0,2.0,350.874,test,9.81024169921875
/workspace/hbn_subset/R5/download/sub-NDARAX358NB5/eeg/sub-NDARAX358NB5_task-RestingState_eeg.set,R5,sub-NDARAX358NB5,8.1304,6.0,2.0,350.874,test,10.92954158782959
/workspace/hbn_subset/R5/download/sub-NDARAX358NB5/eeg/sub-NDARAX358NB5_task-RestingState_eeg.set,R5,sub-NDARAX358NB5,8.1304,8.0,2.0,350.874,test,10.515349388122559
/workspace/hbn_subset/R5/download/sub-NDARAX358NB5/eeg/sub-NDARAX358NB5_task-RestingState_eeg.set,R5,sub-NDARAX358NB5,8.1304,10.0,2.0,350.874,test,9.797834396362305
/workspace/hbn_subset/R5/download/sub-NDARAX358NB5/eeg/sub-NDARAX358NB5_task-RestingState_eeg.set,R5,sub-NDARAX358NB5,8.1304,12.0,2.0,350.874,test,11.977446556091309
/workspace/hbn_subset/R5/download/sub-NDARAX358NB5/eeg/sub-NDARAX358NB5_task-RestingState_eeg.set,R5,sub-NDARAX358NB5,8.1304,14.0,2.0,350.874,test,9.351180076599121
/workspace/hbn_subset/R5/download/sub-NDARAX358NB5/eeg/sub-NDARAX358NB5_task-RestingState_eeg.set,R5,sub-NDARAX358NB5,8.1304,16.0,2.0,350.874,test,10.900495529174805
/workspace/hbn_subset/R5/download/sub-NDARAX358NB5/eeg/sub-NDARAX358NB5_task-RestingState_eeg.set,R5,sub-NDARAX358NB5,8.1304,18.0,2.0,350.874,test,9.097012519836426
/workspace/hbn_subset/R5/download/sub-NDARAX358NB5/eeg/sub-NDARAX358NB5_task-RestingState_eeg.set,R5,sub-NDARAX358NB5,8.1304,20.0,2.0,350.874,test,8.798859596252441
/workspace/hbn_subset/R5/download/sub-NDARAX358NB5/eeg/sub-NDARAX358NB5_task-RestingState_eeg.set,R5,sub-NDARAX358NB5,8.1304,22.0,2.0,350.874,test,9.82210922241211
/workspace/hbn_subset/R5/download/sub-NDARAX358NB5/eeg/sub-NDARAX358NB5_task-RestingState_eeg.set,R5,sub-NDARAX358NB5,8.1304,24.0,2.0,350.874,test,9.548088073730469
/workspace/hbn_subset/R5/download/sub-NDARAX358NB5/eeg/sub-NDARAX358NB5_task-RestingState_eeg.set,R5,sub-NDARAX358NB5,8.1304,26.0,2.0,350.874,test,10.17288589477539
/workspace/hbn_subset/R5/download/sub-NDARAX358NB5/eeg/sub-NDARAX358NB5_task-RestingState_eeg.set,R5,sub-NDARAX358NB5,8.1304,28.0,2.0,350.874,test,10.368041038513184
/workspace/hbn_subset/R5/download/sub-NDARAX358NB5/eeg/sub-NDARAX358NB5_task-RestingState_eeg.set,R5,sub-NDARAX358NB5,8.1304,30.0,2.0,350.874,test,9.649550437927246
/workspace/hbn_subset/R5/download/sub-NDARAX358NB5/eeg/sub-NDARAX358NB5_task-RestingState_eeg.set,R5,sub-NDARAX358NB5,8.1304,32.0,2.0,350.874,test,9.693038940429688
/workspace/hbn_subset/R5/download/sub-NDARAX358NB5/eeg/sub-NDARAX358NB5_task-RestingState_eeg.set,R5,sub-NDARAX358NB5,8.1304,34.0,2.0,350.874,test,9.521306991577148
/workspace/hbn_subset/R5/download/sub-NDARAX358NB5/eeg/sub-NDARAX358NB5_task-RestingState_eeg.set,R5,sub-NDARAX358NB5,8.1304,36.0,2.0,350.874,test,8.774256706237793
/workspace/hbn_subset/R5/download/sub-NDARAX358NB5/eeg/sub-NDARAX358NB5_task-RestingState_eeg.set,R5,sub-NDARAX358NB5,8.1304,38.0,2.0,350.874,test,9.316389083862305
/workspace/hbn_subset/R5/download/sub-NDARAX358NB5/eeg/sub-NDARAX358NB5_task-RestingState_eeg.set,R5,sub-NDARAX358NB5,8.1304,40.0,2.0,350.874,test,9.752523422241211
/workspace/hbn_subset/R5/download/sub-NDARAX358NB5/eeg/sub-NDARAX358NB5_task-RestingState_eeg.set,R5,sub-NDARAX358NB5,8.1304,42.0,2.0,350.874,test,10.434727668762207
/workspace/hbn_subset/R5/download/sub-NDARAX358NB5/eeg/sub-NDARAX358NB5_task-RestingState_eeg.set,R5,sub-NDARAX358NB5,8.1304,44.0,2.0,350.874,test,9.014227867126465
/workspace/hbn_subset/R5/download/sub-NDARAX358NB5/eeg/sub-NDARAX358NB5_task-RestingState_eeg.set,R5,sub-NDARAX358NB5,8.1304,46.0,2.0,350.874,test,8.525931358337402
/workspace/hbn_subset/R5/download/sub-NDARAX358NB5/eeg/sub-NDARAX358NB5_task-RestingState_eeg.set,R5,sub-NDARAX358NB5,8.1304,48.0,2.0,350.874,test,9.263594627380371
/workspace/hbn_subset/R5/download/sub-NDARAX358NB5/eeg/sub-NDARAX358NB5_task-RestingState_eeg.set,R5,sub-NDARAX358NB5,8.1304,50.0,2.0,350.874,test,9.93820571899414
/workspace/hbn_subset/R5/download/sub-NDARAX358NB5/eeg/sub-NDARAX358NB5_task-RestingState_eeg.set,R5,sub-NDARAX358NB5,8.1304,52.0,2.0,350.874,test,9.598116874694824
/workspace/hbn_subset/R5/download/sub-NDARAX358NB5/eeg/sub-NDARAX358NB5_task-RestingState_eeg.set,R5,sub-NDARAX358NB5,8.1304,54.0,2.0,350.874,test,9.749056816101074
/workspace/hbn_subset/R5/download/sub-NDARAX358NB5/eeg/sub-NDARAX358NB5_task-RestingState_eeg.set,R5,sub-NDARAX358NB5,8.1304,56.0,2.0,350.874,test,9.037237167358398
/workspace/hbn_subset/R5/download/sub-NDARAX358NB5/eeg/sub-NDARAX358NB5_task-RestingState_eeg.set,R5,sub-NDARAX358NB5,8.1304,58.0,2.0,350.874,test,10.171595573425293
/workspace/hbn_subset/R5/download/sub-NDARAX358NB5/eeg/sub-NDARAX358NB5_task-RestingState_eeg.set,R5,sub-NDARAX358NB5,8.1304,60.0,2.0,350.874,test,9.252941131591797
/workspace/hbn_subset/R5/download/sub-NDARAX358NB5/eeg/sub-NDARAX358NB5_task-RestingState_eeg.set,R5,sub-NDARAX358NB5,8.1304,62.0,2.0,350.874,test,9.505545616149902
/workspace/hbn_subset/R5/download/sub-NDARAX358NB5/eeg/sub-NDARAX358NB5_task-RestingState_eeg.set,R5,sub-NDARAX358NB5,8.1304,64.0,2.0,350.874,test,9.575542449951172
/workspace/hbn_subset/R5/download/sub-NDARAX358NB5/eeg/sub-NDARAX358NB5_task-RestingState_eeg.set,R5,sub-NDARAX358NB5,8.1304,66.0,2.0,350.874,test,8.841031074523926
/workspace/hbn_subset/R5/download/sub-NDARAX358NB5/eeg/sub-NDARAX358NB5_task-RestingState_eeg.set,R5,sub-NDARAX358NB5,8.1304,68.0,2.0,350.874,test,9.259034156799316
/workspace/hbn_subset/R5/download/sub-NDARAX358NB5/eeg/sub-NDARAX358NB5_task-RestingState_eeg.set,R5,sub-NDARAX358NB5,8.1304,70.0,2.0,350.874,test,9.463129043579102
/workspace/hbn_subset/R5/download/sub-NDARAX358NB5/eeg/sub-NDARAX358NB5_task-RestingState_eeg.set,R5,sub-NDARAX358NB5,8.1304,72.0,2.0,350.874,test,9.285690307617188
/workspace/hbn_subset/R5/download/sub-NDARAX358NB5/eeg/sub-NDARAX358NB5_task-RestingState_eeg.set,R5,sub-NDARAX358NB5,8.1304,74.0,2.0,350.874,test,10.259359359741211
/workspace/hbn_subset/R5/download/sub-NDARAX358NB5/eeg/sub-NDARAX358NB5_task-RestingState_eeg.set,R5,sub-NDARAX358NB5,8.1304,76.0,2.0,350.874,test,8.260966300964355
/workspace/hbn_subset/R5/download/sub-NDARAX358NB5/eeg/sub-NDARAX358NB5_task-RestingState_eeg.set,R5,sub-NDARAX358NB5,8.1304,78.0,2.0,350.874,test,9.676789283752441
/workspace/hbn_subset/R5/download/sub-NDARAX358NB5/eeg/sub-NDARAX358NB5_task-RestingState_eeg.set,R5,sub-NDARAX358NB5,8.1304,80.0,2.0,350.874,test,10.298826217651367
/workspace/hbn_subset/R5/download/sub-NDARAX358NB5/eeg/sub-NDARAX358NB5_task-RestingState_eeg.set,R5,sub-NDARAX358NB5,8.1304,82.0,2.0,350.874,test,9.518465042114258
/workspace/hbn_subset/R5/download/sub-NDARAX358NB5/eeg/sub-NDARAX358NB5_task-RestingState_eeg.set,R5,sub-NDARAX358NB5,8.1304,84.0,2.0,350.874,test,10.261395454406738
/workspace/hbn_subset/R5/download/sub-NDARAX358NB5/eeg/sub-NDARAX358NB5_task-RestingState_eeg.set,R5,sub-NDARAX358NB5,8.1304,86.0,2.0,350.874,test,10.077364921569824
/workspace/hbn_subset/R5/download/sub-NDARAX358NB5/eeg/sub-NDARAX358NB5_task-RestingState_eeg.set,R5,sub-NDARAX358NB5,8.1304,88.0,2.0,350.874,test,10.707748413085938
/workspace/hbn_subset/R5/download/sub-NDARAX358NB5/eeg/sub-NDARAX358NB5_task-RestingState_eeg.set,R5,sub-NDARAX358NB5,8.1304,90.0,2.0,350.874,test,9.286478042602539
/workspace/hbn_subset/R5/download/sub-NDARAX358NB5/eeg/sub-NDARAX358NB5_task-RestingState_eeg.set,R5,sub-NDARAX358NB5,8.1304,92.0,2.0,350.874,test,9.739416122436523
/workspace/hbn_subset/R5/download/sub-NDARAX358NB5/eeg/sub-NDARAX358NB5_task-RestingState_eeg.set,R5,sub-NDARAX358NB5,8.1304,94.0,2.0,350.874,test,9.723849296569824
/workspace/hbn_subset/R5/download/sub-NDARAX358NB5/eeg/sub-NDARAX358NB5_task-RestingState_eeg.set,R5,sub-NDARAX358NB5,8.1304,96.0,2.0,350.874,test,10.186150550842285
/workspace/hbn_subset/R5/download/sub-NDARAX358NB5/eeg/sub-NDARAX358NB5_task-RestingState_eeg.set,R5,sub-NDARAX358NB5,8.1304,98.0,2.0,350.874,test,9.403207778930664
/workspace/hbn_subset/R5/download/sub-NDARAX358NB5/eeg/sub-NDARAX358NB5_task-RestingState_eeg.set,R5,sub-NDARAX358NB5,8.1304,100.0,2.0,350.874,test,9.936888694763184
/workspace/hbn_subset/R5/download/sub-NDARAX358NB5/eeg/sub-NDARAX358NB5_task-RestingState_eeg.set,R5,sub-NDARAX358NB5,8.1304,102.0,2.0,350.874,test,9.621450424194336
/workspace/hbn_subset/R5/download/sub-NDARAX358NB5/eeg/sub-NDARAX358NB5_task-RestingState_eeg.set,R5,sub-NDARAX358NB5,8.1304,104.0,2.0,350.874,test,9.62416934967041
/workspace/hbn_subset/R5/download/sub-NDARAX358NB5/eeg/sub-NDARAX358NB5_task-RestingState_eeg.set,R5,sub-NDARAX358NB5,8.1304,106.0,2.0,350.874,test,9.140149116516113
/workspace/hbn_subset/R5/download/sub-NDARAX358NB5/eeg/sub-NDARAX358NB5_task-RestingState_eeg.set,R5,sub-NDARAX358NB5,8.1304,108.0,2.0,350.874,test,9.57179069519043
/workspace/hbn_subset/R5/download/sub-NDARAX358NB5/eeg/sub-NDARAX358NB5_task-RestingState_eeg.set,R5,sub-NDARAX358NB5,8.1304,110.0,2.0,350.874,test,10.552726745605469
/workspace/hbn_subset/R5/download/sub-NDARAX358NB5/eeg/sub-NDARAX358NB5_task-RestingState_eeg.set,R5,sub-NDARAX358NB5,8.1304,112.0,2.0,350.874,test,9.898195266723633
/workspace/hbn_subset/R5/download/sub-NDARAX358NB5/eeg/sub-NDARAX358NB5_task-RestingState_eeg.set,R5,sub-NDARAX358NB5,8.1304,114.0,2.0,350.874,test,9.88066577911377
/workspace/hbn_subset/R5/download/sub-NDARAX358NB5/eeg/sub-NDARAX358NB5_task-RestingState_eeg.set,R5,sub-NDARAX358NB5,8.1304,116.0,2.0,350.874,test,9.326029777526855
/workspace/hbn_subset/R5/download/sub-NDARAX358NB5/eeg/sub-NDARAX358NB5_task-RestingState_eeg.set,R5,sub-NDARAX358NB5,8.1304,118.0,2.0,350.874,test,10.772196769714355
/workspace/hbn_subset/R5/download/sub-NDARBC240LNC/eeg/sub-NDARBC240LNC_task-RestingState_eeg.set,R5,sub-NDARBC240LNC,13.6963,0.0,2.0,350.476,test,10.866145133972168
/workspace/hbn_subset/R5/download/sub-NDARBC240LNC/eeg/sub-NDARBC240LNC_task-RestingState_eeg.set,R5,sub-NDARBC240LNC,13.6963,2.0,2.0,350.476,test,12.876544952392578
/workspace/hbn_subset/R5/download/sub-NDARBC240LNC/eeg/sub-NDARBC240LNC_task-RestingState_eeg.set,R5,sub-NDARBC240LNC,13.6963,4.0,2.0,350.476,test,10.481708526611328
/workspace/hbn_subset/R5/download/sub-NDARBC240LNC/eeg/sub-NDARBC240LNC_task-RestingState_eeg.set,R5,sub-NDARBC240LNC,13.6963,6.0,2.0,350.476,test,11.289009094238281
/workspace/hbn_subset/R5/download/sub-NDARBC240LNC/eeg/sub-NDARBC240LNC_task-RestingState_eeg.set,R5,sub-NDARBC240LNC,13.6963,8.0,2.0,350.476,test,11.248616218566895
/workspace/hbn_subset/R5/download/sub-NDARBC240LNC/eeg/sub-NDARBC240LNC_task-RestingState_eeg.set,R5,sub-NDARBC240LNC,13.6963,10.0,2.0,350.476,test,10.948295593261719
/workspace/hbn_subset/R5/download/sub-NDARBC240LNC/eeg/sub-NDARBC240LNC_task-RestingState_eeg.set,R5,sub-NDARBC240LNC,13.6963,12.0,2.0,350.476,test,10.848057746887207
/workspace/hbn_subset/R5/download/sub-NDARBC240LNC/eeg/sub-NDARBC240LNC_task-RestingState_eeg.set,R5,sub-NDARBC240LNC,13.6963,14.0,2.0,350.476,test,10.16214370727539
/workspace/hbn_subset/R5/download/sub-NDARBC240LNC/eeg/sub-NDARBC240LNC_task-RestingState_eeg.set,R5,sub-NDARBC240LNC,13.6963,16.0,2.0,350.476,test,10.455377578735352
/workspace/hbn_subset/R5/download/sub-NDARBC240LNC/eeg/sub-NDARBC240LNC_task-RestingState_eeg.set,R5,sub-NDARBC240LNC,13.6963,18.0,2.0,350.476,test,10.232708930969238
/workspace/hbn_subset/R5/download/sub-NDARBC240LNC/eeg/sub-NDARBC240LNC_task-RestingState_eeg.set,R5,sub-NDARBC240LNC,13.6963,20.0,2.0,350.476,test,10.480243682861328
/workspace/hbn_subset/R5/download/sub-NDARBC240LNC/eeg/sub-NDARBC240LNC_task-RestingState_eeg.set,R5,sub-NDARBC240LNC,13.6963,22.0,2.0,350.476,test,10.627791404724121
/workspace/hbn_subset/R5/download/sub-NDARBC240LNC/eeg/sub-NDARBC240LNC_task-RestingState_eeg.set,R5,sub-NDARBC240LNC,13.6963,24.0,2.0,350.476,test,9.841286659240723
/workspace/hbn_subset/R5/download/sub-NDARBC240LNC/eeg/sub-NDARBC240LNC_task-RestingState_eeg.set,R5,sub-NDARBC240LNC,13.6963,26.0,2.0,350.476,test,10.151881217956543
/workspace/hbn_subset/R5/download/sub-NDARBC240LNC/eeg/sub-NDARBC240LNC_task-RestingState_eeg.set,R5,sub-NDARBC240LNC,13.6963,28.0,2.0,350.476,test,10.666056632995605
/workspace/hbn_subset/R5/download/sub-NDARBC240LNC/eeg/sub-NDARBC240LNC_task-RestingState_eeg.set,R5,sub-NDARBC240LNC,13.6963,30.0,2.0,350.476,test,11.225045204162598
/workspace/hbn_subset/R5/download/sub-NDARBC240LNC/eeg/sub-NDARBC240LNC_task-RestingState_eeg.set,R5,sub-NDARBC240LNC,13.6963,32.0,2.0,350.476,test,10.464089393615723
/workspace/hbn_subset/R5/download/sub-NDARBC240LNC/eeg/sub-NDARBC240LNC_task-RestingState_eeg.set,R5,sub-NDARBC240LNC,13.6963,34.0,2.0,350.476,test,11.773626327514648
/workspace/hbn_subset/R5/download/sub-NDARBC240LNC/eeg/sub-NDARBC240LNC_task-RestingState_eeg.set,R5,sub-NDARBC240LNC,13.6963,36.0,2.0,350.476,test,10.27983570098877
/workspace/hbn_subset/R5/download/sub-NDARBC240LNC/eeg/sub-NDARBC240LNC_task-RestingState_eeg.set,R5,sub-NDARBC240LNC,13.6963,38.0,2.0,350.476,test,10.483915328979492
/workspace/hbn_subset/R5/download/sub-NDARBC240LNC/eeg/sub-NDARBC240LNC_task-RestingState_eeg.set,R5,sub-NDARBC240LNC,13.6963,40.0,2.0,350.476,test,9.842755317687988
/workspace/hbn_subset/R5/download/sub-NDARBC240LNC/eeg/sub-NDARBC240LNC_task-RestingState_eeg.set,R5,sub-NDARBC240LNC,13.6963,42.0,2.0,350.476,test,10.438788414001465
/workspace/hbn_subset/R5/download/sub-NDARBC240LNC/eeg/sub-NDARBC240LNC_task-RestingState_eeg.set,R5,sub-NDARBC240LNC,13.6963,44.0,2.0,350.476,test,10.591849327087402
/workspace/hbn_subset/R5/download/sub-NDARBC240LNC/eeg/sub-NDARBC240LNC_task-RestingState_eeg.set,R5,sub-NDARBC240LNC,13.6963,46.0,2.0,350.476,test,10.46976089477539
/workspace/hbn_subset/R5/download/sub-NDARBC240LNC/eeg/sub-NDARBC240LNC_task-RestingState_eeg.set,R5,sub-NDARBC240LNC,13.6963,48.0,2.0,350.476,test,10.050309181213379
/workspace/hbn_subset/R5/download/sub-NDARBC240LNC/eeg/sub-NDARBC240LNC_task-RestingState_eeg.set,R5,sub-NDARBC240LNC,13.6963,50.0,2.0,350.476,test,10.496603012084961
/workspace/hbn_subset/R5/download/sub-NDARBC240LNC/eeg/sub-NDARBC240LNC_task-RestingState_eeg.set,R5,sub-NDARBC240LNC,13.6963,52.0,2.0,350.476,test,10.506080627441406
/workspace/hbn_subset/R5/download/sub-NDARBC240LNC/eeg/sub-NDARBC240LNC_task-RestingState_eeg.set,R5,sub-NDARBC240LNC,13.6963,54.0,2.0,350.476,test,9.839957237243652
/workspace/hbn_subset/R5/download/sub-NDARBC240LNC/eeg/sub-NDARBC240LNC_task-RestingState_eeg.set,R5,sub-NDARBC240LNC,13.6963,56.0,2.0,350.476,test,10.717358589172363
/workspace/hbn_subset/R5/download/sub-NDARBC240LNC/eeg/sub-NDARBC240LNC_task-RestingState_eeg.set,R5,sub-NDARBC240LNC,13.6963,58.0,2.0,350.476,test,10.512360572814941
/workspace/hbn_subset/R5/download/sub-NDARBC240LNC/eeg/sub-NDARBC240LNC_task-RestingState_eeg.set,R5,sub-NDARBC240LNC,13.6963,60.0,2.0,350.476,test,10.95158863067627
/workspace/hbn_subset/R5/download/sub-NDARBC240LNC/eeg/sub-NDARBC240LNC_task-RestingState_eeg.set,R5,sub-NDARBC240LNC,13.6963,62.0,2.0,350.476,test,10.628491401672363
/workspace/hbn_subset/R5/download/sub-NDARBC240LNC/eeg/sub-NDARBC240LNC_task-RestingState_eeg.set,R5,sub-NDARBC240LNC,13.6963,64.0,2.0,350.476,test,10.56728744506836
/workspace/hbn_subset/R5/download/sub-NDARBC240LNC/eeg/sub-NDARBC240LNC_task-RestingState_eeg.set,R5,sub-NDARBC240LNC,13.6963,66.0,2.0,350.476,test,11.442959785461426
/workspace/hbn_subset/R5/download/sub-NDARBC240LNC/eeg/sub-NDARBC240LNC_task-RestingState_eeg.set,R5,sub-NDARBC240LNC,13.6963,68.0,2.0,350.476,test,11.122912406921387
/workspace/hbn_subset/R5/download/sub-NDARBC240LNC/eeg/sub-NDARBC240LNC_task-RestingState_eeg.set,R5,sub-NDARBC240LNC,13.6963,70.0,2.0,350.476,test,10.462129592895508
/workspace/hbn_subset/R5/download/sub-NDARBC240LNC/eeg/sub-NDARBC240LNC_task-RestingState_eeg.set,R5,sub-NDARBC240LNC,13.6963,72.0,2.0,350.476,test,11.088006019592285
/workspace/hbn_subset/R5/download/sub-NDARBC240LNC/eeg/sub-NDARBC240LNC_task-RestingState_eeg.set,R5,sub-NDARBC240LNC,13.6963,74.0,2.0,350.476,test,10.571429252624512
/workspace/hbn_subset/R5/download/sub-NDARBC240LNC/eeg/sub-NDARBC240LNC_task-RestingState_eeg.set,R5,sub-NDARBC240LNC,13.6963,76.0,2.0,350.476,test,10.268662452697754
/workspace/hbn_subset/R5/download/sub-NDARBC240LNC/eeg/sub-NDARBC240LNC_task-RestingState_eeg.set,R5,sub-NDARBC240LNC,13.6963,78.0,2.0,350.476,test,10.308249473571777
/workspace/hbn_subset/R5/download/sub-NDARBC240LNC/eeg/sub-NDARBC240LNC_task-RestingState_eeg.set,R5,sub-NDARBC240LNC,13.6963,80.0,2.0,350.476,test,10.723665237426758
/workspace/hbn_subset/R5/download/sub-NDARBC240LNC/eeg/sub-NDARBC240LNC_task-RestingState_eeg.set,R5,sub-NDARBC240LNC,13.6963,82.0,2.0,350.476,test,10.290532112121582
/workspace/hbn_subset/R5/download/sub-NDARBC240LNC/eeg/sub-NDARBC240LNC_task-RestingState_eeg.set,R5,sub-NDARBC240LNC,13.6963,84.0,2.0,350.476,test,10.065117835998535
/workspace/hbn_subset/R5/download/sub-NDARBC240LNC/eeg/sub-NDARBC240LNC_task-RestingState_eeg.set,R5,sub-NDARBC240LNC,13.6963,86.0,2.0,350.476,test,9.625887870788574
/workspace/hbn_subset/R5/download/sub-NDARBC240LNC/eeg/sub-NDARBC240LNC_task-RestingState_eeg.set,R5,sub-NDARBC240LNC,13.6963,88.0,2.0,350.476,test,10.244176864624023
/workspace/hbn_subset/R5/download/sub-NDARBC240LNC/eeg/sub-NDARBC240LNC_task-RestingState_eeg.set,R5,sub-NDARBC240LNC,13.6963,90.0,2.0,350.476,test,10.811014175415039
/workspace/hbn_subset/R5/download/sub-NDARBC240LNC/eeg/sub-NDARBC240LNC_task-RestingState_eeg.set,R5,sub-NDARBC240LNC,13.6963,92.0,2.0,350.476,test,10.382791519165039
/workspace/hbn_subset/R5/download/sub-NDARBC240LNC/eeg/sub-NDARBC240LNC_task-RestingState_eeg.set,R5,sub-NDARBC240LNC,13.6963,94.0,2.0,350.476,test,10.782986640930176
/workspace/hbn_subset/R5/download/sub-NDARBC240LNC/eeg/sub-NDARBC240LNC_task-RestingState_eeg.set,R5,sub-NDARBC240LNC,13.6963,96.0,2.0,350.476,test,10.191437721252441
/workspace/hbn_subset/R5/download/sub-NDARBC240LNC/eeg/sub-NDARBC240LNC_task-RestingState_eeg.set,R5,sub-NDARBC240LNC,13.6963,98.0,2.0,350.476,test,13.602143287658691
/workspace/hbn_subset/R5/download/sub-NDARBC240LNC/eeg/sub-NDARBC240LNC_task-RestingState_eeg.set,R5,sub-NDARBC240LNC,13.6963,100.0,2.0,350.476,test,11.4608736038208
/workspace/hbn_subset/R5/download/sub-NDARBC240LNC/eeg/sub-NDARBC240LNC_task-RestingState_eeg.set,R5,sub-NDARBC240LNC,13.6963,102.0,2.0,350.476,test,10.59084415435791
/workspace/hbn_subset/R5/download/sub-NDARBC240LNC/eeg/sub-NDARBC240LNC_task-RestingState_eeg.set,R5,sub-NDARBC240LNC,13.6963,104.0,2.0,350.476,test,10.557259559631348
/workspace/hbn_subset/R5/download/sub-NDARBC240LNC/eeg/sub-NDARBC240LNC_task-RestingState_eeg.set,R5,sub-NDARBC240LNC,13.6963,106.0,2.0,350.476,test,10.561958312988281
/workspace/hbn_subset/R5/download/sub-NDARBC240LNC/eeg/sub-NDARBC240LNC_task-RestingState_eeg.set,R5,sub-NDARBC240LNC,13.6963,108.0,2.0,350.476,test,11.122218132019043
/workspace/hbn_subset/R5/download/sub-NDARBC240LNC/eeg/sub-NDARBC240LNC_task-RestingState_eeg.set,R5,sub-NDARBC240LNC,13.6963,110.0,2.0,350.476,test,10.906022071838379
/workspace/hbn_subset/R5/download/sub-NDARBC240LNC/eeg/sub-NDARBC240LNC_task-RestingState_eeg.set,R5,sub-NDARBC240LNC,13.6963,112.0,2.0,350.476,test,11.458126068115234
/workspace/hbn_subset/R5/download/sub-NDARBC240LNC/eeg/sub-NDARBC240LNC_task-RestingState_eeg.set,R5,sub-NDARBC240LNC,13.6963,114.0,2.0,350.476,test,10.743033409118652
/workspace/hbn_subset/R5/download/sub-NDARBC240LNC/eeg/sub-NDARBC240LNC_task-RestingState_eeg.set,R5,sub-NDARBC240LNC,13.6963,116.0,2.0,350.476,test,11.139874458312988
/workspace/hbn_subset/R5/download/sub-NDARBC240LNC/eeg/sub-NDARBC240LNC_task-RestingState_eeg.set,R5,sub-NDARBC240LNC,13.6963,118.0,2.0,350.476,test,10.797284126281738
/workspace/hbn_subset/R5/download/sub-NDARBE091BGD/eeg/sub-NDARBE091BGD_task-RestingState_eeg.set,R5,sub-NDARBE091BGD,7.4098,0.0,2.0,359.528,test,9.425009727478027
/workspace/hbn_subset/R5/download/sub-NDARBE091BGD/eeg/sub-NDARBE091BGD_task-RestingState_eeg.set,R5,sub-NDARBE091BGD,7.4098,2.0,2.0,359.528,test,9.383075714111328
/workspace/hbn_subset/R5/download/sub-NDARBE091BGD/eeg/sub-NDARBE091BGD_task-RestingState_eeg.set,R5,sub-NDARBE091BGD,7.4098,4.0,2.0,359.528,test,8.704261779785156
/workspace/hbn_subset/R5/download/sub-NDARBE091BGD/eeg/sub-NDARBE091BGD_task-RestingState_eeg.set,R5,sub-NDARBE091BGD,7.4098,6.0,2.0,359.528,test,8.433663368225098
/workspace/hbn_subset/R5/download/sub-NDARBE091BGD/eeg/sub-NDARBE091BGD_task-RestingState_eeg.set,R5,sub-NDARBE091BGD,7.4098,8.0,2.0,359.528,test,9.071274757385254
/workspace/hbn_subset/R5/download/sub-NDARBE091BGD/eeg/sub-NDARBE091BGD_task-RestingState_eeg.set,R5,sub-NDARBE091BGD,7.4098,10.0,2.0,359.528,test,9.127960205078125
/workspace/hbn_subset/R5/download/sub-NDARBE091BGD/eeg/sub-NDARBE091BGD_task-RestingState_eeg.set,R5,sub-NDARBE091BGD,7.4098,12.0,2.0,359.528,test,9.728588104248047
/workspace/hbn_subset/R5/download/sub-NDARBE091BGD/eeg/sub-NDARBE091BGD_task-RestingState_eeg.set,R5,sub-NDARBE091BGD,7.4098,14.0,2.0,359.528,test,9.303174018859863
/workspace/hbn_subset/R5/download/sub-NDARBE091BGD/eeg/sub-NDARBE091BGD_task-RestingState_eeg.set,R5,sub-NDARBE091BGD,7.4098,16.0,2.0,359.528,test,9.61947250366211
/workspace/hbn_subset/R5/download/sub-NDARBE091BGD/eeg/sub-NDARBE091BGD_task-RestingState_eeg.set,R5,sub-NDARBE091BGD,7.4098,18.0,2.0,359.528,test,10.798168182373047
/workspace/hbn_subset/R5/download/sub-NDARBE091BGD/eeg/sub-NDARBE091BGD_task-RestingState_eeg.set,R5,sub-NDARBE091BGD,7.4098,20.0,2.0,359.528,test,10.006793975830078
/workspace/hbn_subset/R5/download/sub-NDARBE091BGD/eeg/sub-NDARBE091BGD_task-RestingState_eeg.set,R5,sub-NDARBE091BGD,7.4098,22.0,2.0,359.528,test,10.54349422454834
/workspace/hbn_subset/R5/download/sub-NDARBE091BGD/eeg/sub-NDARBE091BGD_task-RestingState_eeg.set,R5,sub-NDARBE091BGD,7.4098,24.0,2.0,359.528,test,9.853436470031738
/workspace/hbn_subset/R5/download/sub-NDARBE091BGD/eeg/sub-NDARBE091BGD_task-RestingState_eeg.set,R5,sub-NDARBE091BGD,7.4098,26.0,2.0,359.528,test,9.094415664672852
/workspace/hbn_subset/R5/download/sub-NDARBE091BGD/eeg/sub-NDARBE091BGD_task-RestingState_eeg.set,R5,sub-NDARBE091BGD,7.4098,28.0,2.0,359.528,test,9.359376907348633
/workspace/hbn_subset/R5/download/sub-NDARBE091BGD/eeg/sub-NDARBE091BGD_task-RestingState_eeg.set,R5,sub-NDARBE091BGD,7.4098,30.0,2.0,359.528,test,9.2401762008667
/workspace/hbn_subset/R5/download/sub-NDARBE091BGD/eeg/sub-NDARBE091BGD_task-RestingState_eeg.set,R5,sub-NDARBE091BGD,7.4098,32.0,2.0,359.528,test,9.865504264831543
/workspace/hbn_subset/R5/download/sub-NDARBE091BGD/eeg/sub-NDARBE091BGD_task-RestingState_eeg.set,R5,sub-NDARBE091BGD,7.4098,34.0,2.0,359.528,test,9.530743598937988
/workspace/hbn_subset/R5/download/sub-NDARBE091BGD/eeg/sub-NDARBE091BGD_task-RestingState_eeg.set,R5,sub-NDARBE091BGD,7.4098,36.0,2.0,359.528,test,8.656944274902344
/workspace/hbn_subset/R5/download/sub-NDARBE091BGD/eeg/sub-NDARBE091BGD_task-RestingState_eeg.set,R5,sub-NDARBE091BGD,7.4098,38.0,2.0,359.528,test,9.629958152770996
/workspace/hbn_subset/R5/download/sub-NDARBE091BGD/eeg/sub-NDARBE091BGD_task-RestingState_eeg.set,R5,sub-NDARBE091BGD,7.4098,40.0,2.0,359.528,test,9.851995468139648
/workspace/hbn_subset/R5/download/sub-NDARBE091BGD/eeg/sub-NDARBE091BGD_task-RestingState_eeg.set,R5,sub-NDARBE091BGD,7.4098,42.0,2.0,359.528,test,9.4000244140625
/workspace/hbn_subset/R5/download/sub-NDARBE091BGD/eeg/sub-NDARBE091BGD_task-RestingState_eeg.set,R5,sub-NDARBE091BGD,7.4098,44.0,2.0,359.528,test,10.562005043029785
/workspace/hbn_subset/R5/download/sub-NDARBE091BGD/eeg/sub-NDARBE091BGD_task-RestingState_eeg.set,R5,sub-NDARBE091BGD,7.4098,46.0,2.0,359.528,test,8.848139762878418
/workspace/hbn_subset/R5/download/sub-NDARBE091BGD/eeg/sub-NDARBE091BGD_task-RestingState_eeg.set,R5,sub-NDARBE091BGD,7.4098,48.0,2.0,359.528,test,9.564153671264648
/workspace/hbn_subset/R5/download/sub-NDARBE091BGD/eeg/sub-NDARBE091BGD_task-RestingState_eeg.set,R5,sub-NDARBE091BGD,7.4098,50.0,2.0,359.528,test,10.07988166809082
/workspace/hbn_subset/R5/download/sub-NDARBE091BGD/eeg/sub-NDARBE091BGD_task-RestingState_eeg.set,R5,sub-NDARBE091BGD,7.4098,52.0,2.0,359.528,test,9.451125144958496
/workspace/hbn_subset/R5/download/sub-NDARBE091BGD/eeg/sub-NDARBE091BGD_task-RestingState_eeg.set,R5,sub-NDARBE091BGD,7.4098,54.0,2.0,359.528,test,9.347382545471191
/workspace/hbn_subset/R5/download/sub-NDARBE091BGD/eeg/sub-NDARBE091BGD_task-RestingState_eeg.set,R5,sub-NDARBE091BGD,7.4098,56.0,2.0,359.528,test,9.084848403930664
/workspace/hbn_subset/R5/download/sub-NDARBE091BGD/eeg/sub-NDARBE091BGD_task-RestingState_eeg.set,R5,sub-NDARBE091BGD,7.4098,58.0,2.0,359.528,test,8.776400566101074
/workspace/hbn_subset/R5/download/sub-NDARBE091BGD/eeg/sub-NDARBE091BGD_task-RestingState_eeg.set,R5,sub-NDARBE091BGD,7.4098,60.0,2.0,359.528,test,9.175116539001465
/workspace/hbn_subset/R5/download/sub-NDARBE091BGD/eeg/sub-NDARBE091BGD_task-RestingState_eeg.set,R5,sub-NDARBE091BGD,7.4098,62.0,2.0,359.528,test,9.466475486755371
/workspace/hbn_subset/R5/download/sub-NDARBE091BGD/eeg/sub-NDARBE091BGD_task-RestingState_eeg.set,R5,sub-NDARBE091BGD,7.4098,64.0,2.0,359.528,test,8.990906715393066
/workspace/hbn_subset/R5/download/sub-NDARBE091BGD/eeg/sub-NDARBE091BGD_task-RestingState_eeg.set,R5,sub-NDARBE091BGD,7.4098,66.0,2.0,359.528,test,8.936095237731934
/workspace/hbn_subset/R5/download/sub-NDARBE091BGD/eeg/sub-NDARBE091BGD_task-RestingState_eeg.set,R5,sub-NDARBE091BGD,7.4098,68.0,2.0,359.528,test,9.80142593383789
/workspace/hbn_subset/R5/download/sub-NDARBE091BGD/eeg/sub-NDARBE091BGD_task-RestingState_eeg.set,R5,sub-NDARBE091BGD,7.4098,70.0,2.0,359.528,test,8.602835655212402
/workspace/hbn_subset/R5/download/sub-NDARBE091BGD/eeg/sub-NDARBE091BGD_task-RestingState_eeg.set,R5,sub-NDARBE091BGD,7.4098,72.0,2.0,359.528,test,8.745429039001465
/workspace/hbn_subset/R5/download/sub-NDARBE091BGD/eeg/sub-NDARBE091BGD_task-RestingState_eeg.set,R5,sub-NDARBE091BGD,7.4098,74.0,2.0,359.528,test,8.93892765045166
/workspace/hbn_subset/R5/download/sub-NDARBE091BGD/eeg/sub-NDARBE091BGD_task-RestingState_eeg.set,R5,sub-NDARBE091BGD,7.4098,76.0,2.0,359.528,test,10.325909614562988
/workspace/hbn_subset/R5/download/sub-NDARBE091BGD/eeg/sub-NDARBE091BGD_task-RestingState_eeg.set,R5,sub-NDARBE091BGD,7.4098,78.0,2.0,359.528,test,9.71542739868164
/workspace/hbn_subset/R5/download/sub-NDARBE091BGD/eeg/sub-NDARBE091BGD_task-RestingState_eeg.set,R5,sub-NDARBE091BGD,7.4098,80.0,2.0,359.528,test,9.159077644348145
/workspace/hbn_subset/R5/download/sub-NDARBE091BGD/eeg/sub-NDARBE091BGD_task-RestingState_eeg.set,R5,sub-NDARBE091BGD,7.4098,82.0,2.0,359.528,test,11.48792552947998
/workspace/hbn_subset/R5/download/sub-NDARBE091BGD/eeg/sub-NDARBE091BGD_task-RestingState_eeg.set,R5,sub-NDARBE091BGD,7.4098,84.0,2.0,359.528,test,10.606732368469238
/workspace/hbn_subset/R5/download/sub-NDARBE091BGD/eeg/sub-NDARBE091BGD_task-RestingState_eeg.set,R5,sub-NDARBE091BGD,7.4098,86.0,2.0,359.528,test,9.558608055114746
/workspace/hbn_subset/R5/download/sub-NDARBE091BGD/eeg/sub-NDARBE091BGD_task-RestingState_eeg.set,R5,sub-NDARBE091BGD,7.4098,88.0,2.0,359.528,test,9.207056999206543
/workspace/hbn_subset/R5/download/sub-NDARBE091BGD/eeg/sub-NDARBE091BGD_task-RestingState_eeg.set,R5,sub-NDARBE091BGD,7.4098,90.0,2.0,359.528,test,10.090676307678223
/workspace/hbn_subset/R5/download/sub-NDARBE091BGD/eeg/sub-NDARBE091BGD_task-RestingState_eeg.set,R5,sub-NDARBE091BGD,7.4098,92.0,2.0,359.528,test,9.090866088867188
/workspace/hbn_subset/R5/download/sub-NDARBE091BGD/eeg/sub-NDARBE091BGD_task-RestingState_eeg.set,R5,sub-NDARBE091BGD,7.4098,94.0,2.0,359.528,test,9.998459815979004
/workspace/hbn_subset/R5/download/sub-NDARBE091BGD/eeg/sub-NDARBE091BGD_task-RestingState_eeg.set,R5,sub-NDARBE091BGD,7.4098,96.0,2.0,359.528,test,9.115299224853516
/workspace/hbn_subset/R5/download/sub-NDARBE091BGD/eeg/sub-NDARBE091BGD_task-RestingState_eeg.set,R5,sub-NDARBE091BGD,7.4098,98.0,2.0,359.528,test,9.521061897277832
/workspace/hbn_subset/R5/download/sub-NDARBE091BGD/eeg/sub-NDARBE091BGD_task-RestingState_eeg.set,R5,sub-NDARBE091BGD,7.4098,100.0,2.0,359.528,test,9.520275115966797
/workspace/hbn_subset/R5/download/sub-NDARBE091BGD/eeg/sub-NDARBE091BGD_task-RestingState_eeg.set,R5,sub-NDARBE091BGD,7.4098,102.0,2.0,359.528,test,11.231669425964355
/workspace/hbn_subset/R5/download/sub-NDARBE091BGD/eeg/sub-NDARBE091BGD_task-RestingState_eeg.set,R5,sub-NDARBE091BGD,7.4098,104.0,2.0,359.528,test,9.046393394470215
/workspace/hbn_subset/R5/download/sub-NDARBE091BGD/eeg/sub-NDARBE091BGD_task-RestingState_eeg.set,R5,sub-NDARBE091BGD,7.4098,106.0,2.0,359.528,test,9.272625923156738
/workspace/hbn_subset/R5/download/sub-NDARBE091BGD/eeg/sub-NDARBE091BGD_task-RestingState_eeg.set,R5,sub-NDARBE091BGD,7.4098,108.0,2.0,359.528,test,10.56458568572998
/workspace/hbn_subset/R5/download/sub-NDARBE091BGD/eeg/sub-NDARBE091BGD_task-RestingState_eeg.set,R5,sub-NDARBE091BGD,7.4098,110.0,2.0,359.528,test,9.443132400512695
/workspace/hbn_subset/R5/download/sub-NDARBE091BGD/eeg/sub-NDARBE091BGD_task-RestingState_eeg.set,R5,sub-NDARBE091BGD,7.4098,112.0,2.0,359.528,test,8.9033842086792
/workspace/hbn_subset/R5/download/sub-NDARBE091BGD/eeg/sub-NDARBE091BGD_task-RestingState_eeg.set,R5,sub-NDARBE091BGD,7.4098,114.0,2.0,359.528,test,9.439407348632812
/workspace/hbn_subset/R5/download/sub-NDARBE091BGD/eeg/sub-NDARBE091BGD_task-RestingState_eeg.set,R5,sub-NDARBE091BGD,7.4098,116.0,2.0,359.528,test,9.680208206176758
/workspace/hbn_subset/R5/download/sub-NDARBE091BGD/eeg/sub-NDARBE091BGD_task-RestingState_eeg.set,R5,sub-NDARBE091BGD,7.4098,118.0,2.0,359.528,test,9.956252098083496
/workspace/hbn_subset/R5/download/sub-NDARBE103DHM/eeg/sub-NDARBE103DHM_task-RestingState_eeg.set,R5,sub-NDARBE103DHM,16.5657,0.0,2.0,379.572,test,10.194321632385254
/workspace/hbn_subset/R5/download/sub-NDARBE103DHM/eeg/sub-NDARBE103DHM_task-RestingState_eeg.set,R5,sub-NDARBE103DHM,16.5657,2.0,2.0,379.572,test,14.889789581298828
/workspace/hbn_subset/R5/download/sub-NDARBE103DHM/eeg/sub-NDARBE103DHM_task-RestingState_eeg.set,R5,sub-NDARBE103DHM,16.5657,4.0,2.0,379.572,test,9.906868934631348
/workspace/hbn_subset/R5/download/sub-NDARBE103DHM/eeg/sub-NDARBE103DHM_task-RestingState_eeg.set,R5,sub-NDARBE103DHM,16.5657,6.0,2.0,379.572,test,11.635185241699219
/workspace/hbn_subset/R5/download/sub-NDARBE103DHM/eeg/sub-NDARBE103DHM_task-RestingState_eeg.set,R5,sub-NDARBE103DHM,16.5657,8.0,2.0,379.572,test,11.33300495147705
/workspace/hbn_subset/R5/download/sub-NDARBE103DHM/eeg/sub-NDARBE103DHM_task-RestingState_eeg.set,R5,sub-NDARBE103DHM,16.5657,10.0,2.0,379.572,test,13.426119804382324
/workspace/hbn_subset/R5/download/sub-NDARBE103DHM/eeg/sub-NDARBE103DHM_task-RestingState_eeg.set,R5,sub-NDARBE103DHM,16.5657,12.0,2.0,379.572,test,10.548544883728027
/workspace/hbn_subset/R5/download/sub-NDARBE103DHM/eeg/sub-NDARBE103DHM_task-RestingState_eeg.set,R5,sub-NDARBE103DHM,16.5657,14.0,2.0,379.572,test,11.38569450378418
/workspace/hbn_subset/R5/download/sub-NDARBE103DHM/eeg/sub-NDARBE103DHM_task-RestingState_eeg.set,R5,sub-NDARBE103DHM,16.5657,16.0,2.0,379.572,test,11.372689247131348
/workspace/hbn_subset/R5/download/sub-NDARBE103DHM/eeg/sub-NDARBE103DHM_task-RestingState_eeg.set,R5,sub-NDARBE103DHM,16.5657,18.0,2.0,379.572,test,12.39853286743164
/workspace/hbn_subset/R5/download/sub-NDARBE103DHM/eeg/sub-NDARBE103DHM_task-RestingState_eeg.set,R5,sub-NDARBE103DHM,16.5657,20.0,2.0,379.572,test,9.944828033447266
/workspace/hbn_subset/R5/download/sub-NDARBE103DHM/eeg/sub-NDARBE103DHM_task-RestingState_eeg.set,R5,sub-NDARBE103DHM,16.5657,22.0,2.0,379.572,test,10.575581550598145
/workspace/hbn_subset/R5/download/sub-NDARBE103DHM/eeg/sub-NDARBE103DHM_task-RestingState_eeg.set,R5,sub-NDARBE103DHM,16.5657,24.0,2.0,379.572,test,13.5301513671875
/workspace/hbn_subset/R5/download/sub-NDARBE103DHM/eeg/sub-NDARBE103DHM_task-RestingState_eeg.set,R5,sub-NDARBE103DHM,16.5657,26.0,2.0,379.572,test,13.392899513244629
/workspace/hbn_subset/R5/download/sub-NDARBE103DHM/eeg/sub-NDARBE103DHM_task-RestingState_eeg.set,R5,sub-NDARBE103DHM,16.5657,28.0,2.0,379.572,test,10.842961311340332
/workspace/hbn_subset/R5/download/sub-NDARBE103DHM/eeg/sub-NDARBE103DHM_task-RestingState_eeg.set,R5,sub-NDARBE103DHM,16.5657,30.0,2.0,379.572,test,11.874791145324707
/workspace/hbn_subset/R5/download/sub-NDARBE103DHM/eeg/sub-NDARBE103DHM_task-RestingState_eeg.set,R5,sub-NDARBE103DHM,16.5657,32.0,2.0,379.572,test,13.054244995117188
/workspace/hbn_subset/R5/download/sub-NDARBE103DHM/eeg/sub-NDARBE103DHM_task-RestingState_eeg.set,R5,sub-NDARBE103DHM,16.5657,34.0,2.0,379.572,test,12.996724128723145
/workspace/hbn_subset/R5/download/sub-NDARBE103DHM/eeg/sub-NDARBE103DHM_task-RestingState_eeg.set,R5,sub-NDARBE103DHM,16.5657,36.0,2.0,379.572,test,13.223714828491211
/workspace/hbn_subset/R5/download/sub-NDARBE103DHM/eeg/sub-NDARBE103DHM_task-RestingState_eeg.set,R5,sub-NDARBE103DHM,16.5657,38.0,2.0,379.572,test,12.449077606201172
/workspace/hbn_subset/R5/download/sub-NDARBE103DHM/eeg/sub-NDARBE103DHM_task-RestingState_eeg.set,R5,sub-NDARBE103DHM,16.5657,40.0,2.0,379.572,test,14.26496410369873
/workspace/hbn_subset/R5/download/sub-NDARBE103DHM/eeg/sub-NDARBE103DHM_task-RestingState_eeg.set,R5,sub-NDARBE103DHM,16.5657,42.0,2.0,379.572,test,10.766100883483887
/workspace/hbn_subset/R5/download/sub-NDARBE103DHM/eeg/sub-NDARBE103DHM_task-RestingState_eeg.set,R5,sub-NDARBE103DHM,16.5657,44.0,2.0,379.572,test,10.31971263885498
/workspace/hbn_subset/R5/download/sub-NDARBE103DHM/eeg/sub-NDARBE103DHM_task-RestingState_eeg.set,R5,sub-NDARBE103DHM,16.5657,46.0,2.0,379.572,test,11.376325607299805
/workspace/hbn_subset/R5/download/sub-NDARBE103DHM/eeg/sub-NDARBE103DHM_task-RestingState_eeg.set,R5,sub-NDARBE103DHM,16.5657,48.0,2.0,379.572,test,12.198966979980469
/workspace/hbn_subset/R5/download/sub-NDARBE103DHM/eeg/sub-NDARBE103DHM_task-RestingState_eeg.set,R5,sub-NDARBE103DHM,16.5657,50.0,2.0,379.572,test,11.389033317565918
/workspace/hbn_subset/R5/download/sub-NDARBE103DHM/eeg/sub-NDARBE103DHM_task-RestingState_eeg.set,R5,sub-NDARBE103DHM,16.5657,52.0,2.0,379.572,test,9.544126510620117
/workspace/hbn_subset/R5/download/sub-NDARBE103DHM/eeg/sub-NDARBE103DHM_task-RestingState_eeg.set,R5,sub-NDARBE103DHM,16.5657,54.0,2.0,379.572,test,11.604265213012695
/workspace/hbn_subset/R5/download/sub-NDARBE103DHM/eeg/sub-NDARBE103DHM_task-RestingState_eeg.set,R5,sub-NDARBE103DHM,16.5657,56.0,2.0,379.572,test,11.911446571350098
/workspace/hbn_subset/R5/download/sub-NDARBE103DHM/eeg/sub-NDARBE103DHM_task-RestingState_eeg.set,R5,sub-NDARBE103DHM,16.5657,58.0,2.0,379.572,test,9.133112907409668
/workspace/hbn_subset/R5/download/sub-NDARBE103DHM/eeg/sub-NDARBE103DHM_task-RestingState_eeg.set,R5,sub-NDARBE103DHM,16.5657,60.0,2.0,379.572,test,10.087383270263672
/workspace/hbn_subset/R5/download/sub-NDARBE103DHM/eeg/sub-NDARBE103DHM_task-RestingState_eeg.set,R5,sub-NDARBE103DHM,16.5657,62.0,2.0,379.572,test,9.599574089050293
/workspace/hbn_subset/R5/download/sub-NDARBE103DHM/eeg/sub-NDARBE103DHM_task-RestingState_eeg.set,R5,sub-NDARBE103DHM,16.5657,64.0,2.0,379.572,test,10.121238708496094
/workspace/hbn_subset/R5/download/sub-NDARBE103DHM/eeg/sub-NDARBE103DHM_task-RestingState_eeg.set,R5,sub-NDARBE103DHM,16.5657,66.0,2.0,379.572,test,13.035359382629395
/workspace/hbn_subset/R5/download/sub-NDARBE103DHM/eeg/sub-NDARBE103DHM_task-RestingState_eeg.set,R5,sub-NDARBE103DHM,16.5657,68.0,2.0,379.572,test,11.78860855102539
/workspace/hbn_subset/R5/download/sub-NDARBE103DHM/eeg/sub-NDARBE103DHM_task-RestingState_eeg.set,R5,sub-NDARBE103DHM,16.5657,70.0,2.0,379.572,test,13.681692123413086
/workspace/hbn_subset/R5/download/sub-NDARBE103DHM/eeg/sub-NDARBE103DHM_task-RestingState_eeg.set,R5,sub-NDARBE103DHM,16.5657,72.0,2.0,379.572,test,10.475016593933105
/workspace/hbn_subset/R5/download/sub-NDARBE103DHM/eeg/sub-NDARBE103DHM_task-RestingState_eeg.set,R5,sub-NDARBE103DHM,16.5657,74.0,2.0,379.572,test,9.656360626220703
/workspace/hbn_subset/R5/download/sub-NDARBE103DHM/eeg/sub-NDARBE103DHM_task-RestingState_eeg.set,R5,sub-NDARBE103DHM,16.5657,76.0,2.0,379.572,test,13.806909561157227
/workspace/hbn_subset/R5/download/sub-NDARBE103DHM/eeg/sub-NDARBE103DHM_task-RestingState_eeg.set,R5,sub-NDARBE103DHM,16.5657,78.0,2.0,379.572,test,10.360591888427734
/workspace/hbn_subset/R5/download/sub-NDARBE103DHM/eeg/sub-NDARBE103DHM_task-RestingState_eeg.set,R5,sub-NDARBE103DHM,16.5657,80.0,2.0,379.572,test,11.761603355407715
/workspace/hbn_subset/R5/download/sub-NDARBE103DHM/eeg/sub-NDARBE103DHM_task-RestingState_eeg.set,R5,sub-NDARBE103DHM,16.5657,82.0,2.0,379.572,test,9.599458694458008
/workspace/hbn_subset/R5/download/sub-NDARBE103DHM/eeg/sub-NDARBE103DHM_task-RestingState_eeg.set,R5,sub-NDARBE103DHM,16.5657,84.0,2.0,379.572,test,12.17776107788086
/workspace/hbn_subset/R5/download/sub-NDARBE103DHM/eeg/sub-NDARBE103DHM_task-RestingState_eeg.set,R5,sub-NDARBE103DHM,16.5657,86.0,2.0,379.572,test,8.561782836914062
/workspace/hbn_subset/R5/download/sub-NDARBE103DHM/eeg/sub-NDARBE103DHM_task-RestingState_eeg.set,R5,sub-NDARBE103DHM,16.5657,88.0,2.0,379.572,test,9.943883895874023
/workspace/hbn_subset/R5/download/sub-NDARBE103DHM/eeg/sub-NDARBE103DHM_task-RestingState_eeg.set,R5,sub-NDARBE103DHM,16.5657,90.0,2.0,379.572,test,10.409480094909668
/workspace/hbn_subset/R5/download/sub-NDARBE103DHM/eeg/sub-NDARBE103DHM_task-RestingState_eeg.set,R5,sub-NDARBE103DHM,16.5657,92.0,2.0,379.572,test,12.007062911987305
/workspace/hbn_subset/R5/download/sub-NDARBE103DHM/eeg/sub-NDARBE103DHM_task-RestingState_eeg.set,R5,sub-NDARBE103DHM,16.5657,94.0,2.0,379.572,test,10.341570854187012
/workspace/hbn_subset/R5/download/sub-NDARBE103DHM/eeg/sub-NDARBE103DHM_task-RestingState_eeg.set,R5,sub-NDARBE103DHM,16.5657,96.0,2.0,379.572,test,12.050701141357422
/workspace/hbn_subset/R5/download/sub-NDARBE103DHM/eeg/sub-NDARBE103DHM_task-RestingState_eeg.set,R5,sub-NDARBE103DHM,16.5657,98.0,2.0,379.572,test,10.140554428100586
/workspace/hbn_subset/R5/download/sub-NDARBE103DHM/eeg/sub-NDARBE103DHM_task-RestingState_eeg.set,R5,sub-NDARBE103DHM,16.5657,100.0,2.0,379.572,test,10.379138946533203
/workspace/hbn_subset/R5/download/sub-NDARBE103DHM/eeg/sub-NDARBE103DHM_task-RestingState_eeg.set,R5,sub-NDARBE103DHM,16.5657,102.0,2.0,379.572,test,10.522717475891113
/workspace/hbn_subset/R5/download/sub-NDARBE103DHM/eeg/sub-NDARBE103DHM_task-RestingState_eeg.set,R5,sub-NDARBE103DHM,16.5657,104.0,2.0,379.572,test,12.149405479431152
/workspace/hbn_subset/R5/download/sub-NDARBE103DHM/eeg/sub-NDARBE103DHM_task-RestingState_eeg.set,R5,sub-NDARBE103DHM,16.5657,106.0,2.0,379.572,test,9.670906066894531
/workspace/hbn_subset/R5/download/sub-NDARBE103DHM/eeg/sub-NDARBE103DHM_task-RestingState_eeg.set,R5,sub-NDARBE103DHM,16.5657,108.0,2.0,379.572,test,11.592808723449707
/workspace/hbn_subset/R5/download/sub-NDARBE103DHM/eeg/sub-NDARBE103DHM_task-RestingState_eeg.set,R5,sub-NDARBE103DHM,16.5657,110.0,2.0,379.572,test,11.633687019348145
/workspace/hbn_subset/R5/download/sub-NDARBE103DHM/eeg/sub-NDARBE103DHM_task-RestingState_eeg.set,R5,sub-NDARBE103DHM,16.5657,112.0,2.0,379.572,test,9.816361427307129
/workspace/hbn_subset/R5/download/sub-NDARBE103DHM/eeg/sub-NDARBE103DHM_task-RestingState_eeg.set,R5,sub-NDARBE103DHM,16.5657,114.0,2.0,379.572,test,9.965298652648926
/workspace/hbn_subset/R5/download/sub-NDARBE103DHM/eeg/sub-NDARBE103DHM_task-RestingState_eeg.set,R5,sub-NDARBE103DHM,16.5657,116.0,2.0,379.572,test,10.895549774169922
/workspace/hbn_subset/R5/download/sub-NDARBE103DHM/eeg/sub-NDARBE103DHM_task-RestingState_eeg.set,R5,sub-NDARBE103DHM,16.5657,118.0,2.0,379.572,test,9.097769737243652
/workspace/hbn_subset/R5/download/sub-NDARBF851NH6/eeg/sub-NDARBF851NH6_task-RestingState_eeg.set,R5,sub-NDARBF851NH6,18.8954,0.0,2.0,359.356,test,17.440988540649414
/workspace/hbn_subset/R5/download/sub-NDARBF851NH6/eeg/sub-NDARBF851NH6_task-RestingState_eeg.set,R5,sub-NDARBF851NH6,18.8954,2.0,2.0,359.356,test,17.88793182373047
/workspace/hbn_subset/R5/download/sub-NDARBF851NH6/eeg/sub-NDARBF851NH6_task-RestingState_eeg.set,R5,sub-NDARBF851NH6,18.8954,4.0,2.0,359.356,test,18.059947967529297
/workspace/hbn_subset/R5/download/sub-NDARBF851NH6/eeg/sub-NDARBF851NH6_task-RestingState_eeg.set,R5,sub-NDARBF851NH6,18.8954,6.0,2.0,359.356,test,17.462871551513672
/workspace/hbn_subset/R5/download/sub-NDARBF851NH6/eeg/sub-NDARBF851NH6_task-RestingState_eeg.set,R5,sub-NDARBF851NH6,18.8954,8.0,2.0,359.356,test,17.433256149291992
/workspace/hbn_subset/R5/download/sub-NDARBF851NH6/eeg/sub-NDARBF851NH6_task-RestingState_eeg.set,R5,sub-NDARBF851NH6,18.8954,10.0,2.0,359.356,test,17.474964141845703
/workspace/hbn_subset/R5/download/sub-NDARBF851NH6/eeg/sub-NDARBF851NH6_task-RestingState_eeg.set,R5,sub-NDARBF851NH6,18.8954,12.0,2.0,359.356,test,17.34908103942871
/workspace/hbn_subset/R5/download/sub-NDARBF851NH6/eeg/sub-NDARBF851NH6_task-RestingState_eeg.set,R5,sub-NDARBF851NH6,18.8954,14.0,2.0,359.356,test,17.43326187133789
/workspace/hbn_subset/R5/download/sub-NDARBF851NH6/eeg/sub-NDARBF851NH6_task-RestingState_eeg.set,R5,sub-NDARBF851NH6,18.8954,16.0,2.0,359.356,test,18.057802200317383
/workspace/hbn_subset/R5/download/sub-NDARBF851NH6/eeg/sub-NDARBF851NH6_task-RestingState_eeg.set,R5,sub-NDARBF851NH6,18.8954,18.0,2.0,359.356,test,17.862878799438477
/workspace/hbn_subset/R5/download/sub-NDARBF851NH6/eeg/sub-NDARBF851NH6_task-RestingState_eeg.set,R5,sub-NDARBF851NH6,18.8954,20.0,2.0,359.356,test,18.444555282592773
/workspace/hbn_subset/R5/download/sub-NDARBF851NH6/eeg/sub-NDARBF851NH6_task-RestingState_eeg.set,R5,sub-NDARBF851NH6,18.8954,22.0,2.0,359.356,test,18.14088249206543
/workspace/hbn_subset/R5/download/sub-NDARBF851NH6/eeg/sub-NDARBF851NH6_task-RestingState_eeg.set,R5,sub-NDARBF851NH6,18.8954,24.0,2.0,359.356,test,17.3421573638916
/workspace/hbn_subset/R5/download/sub-NDARBF851NH6/eeg/sub-NDARBF851NH6_task-RestingState_eeg.set,R5,sub-NDARBF851NH6,18.8954,26.0,2.0,359.356,test,18.232467651367188
/workspace/hbn_subset/R5/download/sub-NDARBF851NH6/eeg/sub-NDARBF851NH6_task-RestingState_eeg.set,R5,sub-NDARBF851NH6,18.8954,28.0,2.0,359.356,test,17.487567901611328
/workspace/hbn_subset/R5/download/sub-NDARBF851NH6/eeg/sub-NDARBF851NH6_task-RestingState_eeg.set,R5,sub-NDARBF851NH6,18.8954,30.0,2.0,359.356,test,18.041099548339844
/workspace/hbn_subset/R5/download/sub-NDARBF851NH6/eeg/sub-NDARBF851NH6_task-RestingState_eeg.set,R5,sub-NDARBF851NH6,18.8954,32.0,2.0,359.356,test,18.051855087280273
/workspace/hbn_subset/R5/download/sub-NDARBF851NH6/eeg/sub-NDARBF851NH6_task-RestingState_eeg.set,R5,sub-NDARBF851NH6,18.8954,34.0,2.0,359.356,test,17.765439987182617
/workspace/hbn_subset/R5/download/sub-NDARBF851NH6/eeg/sub-NDARBF851NH6_task-RestingState_eeg.set,R5,sub-NDARBF851NH6,18.8954,36.0,2.0,359.356,test,18.351318359375
/workspace/hbn_subset/R5/download/sub-NDARBF851NH6/eeg/sub-NDARBF851NH6_task-RestingState_eeg.set,R5,sub-NDARBF851NH6,18.8954,38.0,2.0,359.356,test,18.28688621520996
/workspace/hbn_subset/R5/download/sub-NDARBF851NH6/eeg/sub-NDARBF851NH6_task-RestingState_eeg.set,R5,sub-NDARBF851NH6,18.8954,40.0,2.0,359.356,test,17.767061233520508
/workspace/hbn_subset/R5/download/sub-NDARBF851NH6/eeg/sub-NDARBF851NH6_task-RestingState_eeg.set,R5,sub-NDARBF851NH6,18.8954,42.0,2.0,359.356,test,18.38494300842285
/workspace/hbn_subset/R5/download/sub-NDARBF851NH6/eeg/sub-NDARBF851NH6_task-RestingState_eeg.set,R5,sub-NDARBF851NH6,18.8954,44.0,2.0,359.356,test,18.250064849853516
/workspace/hbn_subset/R5/download/sub-NDARBF851NH6/eeg/sub-NDARBF851NH6_task-RestingState_eeg.set,R5,sub-NDARBF851NH6,18.8954,46.0,2.0,359.356,test,17.762939453125
/workspace/hbn_subset/R5/download/sub-NDARBF851NH6/eeg/sub-NDARBF851NH6_task-RestingState_eeg.set,R5,sub-NDARBF851NH6,18.8954,48.0,2.0,359.356,test,18.684329986572266
/workspace/hbn_subset/R5/download/sub-NDARBF851NH6/eeg/sub-NDARBF851NH6_task-RestingState_eeg.set,R5,sub-NDARBF851NH6,18.8954,50.0,2.0,359.356,test,18.882644653320312
/workspace/hbn_subset/R5/download/sub-NDARBF851NH6/eeg/sub-NDARBF851NH6_task-RestingState_eeg.set,R5,sub-NDARBF851NH6,18.8954,52.0,2.0,359.356,test,17.542818069458008
/workspace/hbn_subset/R5/download/sub-NDARBF851NH6/eeg/sub-NDARBF851NH6_task-RestingState_eeg.set,R5,sub-NDARBF851NH6,18.8954,54.0,2.0,359.356,test,18.605199813842773
/workspace/hbn_subset/R5/download/sub-NDARBF851NH6/eeg/sub-NDARBF851NH6_task-RestingState_eeg.set,R5,sub-NDARBF851NH6,18.8954,56.0,2.0,359.356,test,17.49395179748535
/workspace/hbn_subset/R5/download/sub-NDARBF851NH6/eeg/sub-NDARBF851NH6_task-RestingState_eeg.set,R5,sub-NDARBF851NH6,18.8954,58.0,2.0,359.356,test,17.844526290893555
/workspace/hbn_subset/R5/download/sub-NDARBF851NH6/eeg/sub-NDARBF851NH6_task-RestingState_eeg.set,R5,sub-NDARBF851NH6,18.8954,60.0,2.0,359.356,test,17.892684936523438
/workspace/hbn_subset/R5/download/sub-NDARBF851NH6/eeg/sub-NDARBF851NH6_task-RestingState_eeg.set,R5,sub-NDARBF851NH6,18.8954,62.0,2.0,359.356,test,17.717681884765625
/workspace/hbn_subset/R5/download/sub-NDARBF851NH6/eeg/sub-NDARBF851NH6_task-RestingState_eeg.set,R5,sub-NDARBF851NH6,18.8954,64.0,2.0,359.356,test,18.0439453125
/workspace/hbn_subset/R5/download/sub-NDARBF851NH6/eeg/sub-NDARBF851NH6_task-RestingState_eeg.set,R5,sub-NDARBF851NH6,18.8954,66.0,2.0,359.356,test,17.985231399536133
/workspace/hbn_subset/R5/download/sub-NDARBF851NH6/eeg/sub-NDARBF851NH6_task-RestingState_eeg.set,R5,sub-NDARBF851NH6,18.8954,68.0,2.0,359.356,test,17.456438064575195
/workspace/hbn_subset/R5/download/sub-NDARBF851NH6/eeg/sub-NDARBF851NH6_task-RestingState_eeg.set,R5,sub-NDARBF851NH6,18.8954,70.0,2.0,359.356,test,17.950912475585938
/workspace/hbn_subset/R5/download/sub-NDARBF851NH6/eeg/sub-NDARBF851NH6_task-RestingState_eeg.set,R5,sub-NDARBF851NH6,18.8954,72.0,2.0,359.356,test,18.12618064880371
/workspace/hbn_subset/R5/download/sub-NDARBF851NH6/eeg/sub-NDARBF851NH6_task-RestingState_eeg.set,R5,sub-NDARBF851NH6,18.8954,74.0,2.0,359.356,test,17.732465744018555
/workspace/hbn_subset/R5/download/sub-NDARBF851NH6/eeg/sub-NDARBF851NH6_task-RestingState_eeg.set,R5,sub-NDARBF851NH6,18.8954,76.0,2.0,359.356,test,18.656036376953125
/workspace/hbn_subset/R5/download/sub-NDARBF851NH6/eeg/sub-NDARBF851NH6_task-RestingState_eeg.set,R5,sub-NDARBF851NH6,18.8954,78.0,2.0,359.356,test,17.918380737304688
/workspace/hbn_subset/R5/download/sub-NDARBF851NH6/eeg/sub-NDARBF851NH6_task-RestingState_eeg.set,R5,sub-NDARBF851NH6,18.8954,80.0,2.0,359.356,test,18.232229232788086
/workspace/hbn_subset/R5/download/sub-NDARBF851NH6/eeg/sub-NDARBF851NH6_task-RestingState_eeg.set,R5,sub-NDARBF851NH6,18.8954,82.0,2.0,359.356,test,18.2791748046875
/workspace/hbn_subset/R5/download/sub-NDARBF851NH6/eeg/sub-NDARBF851NH6_task-RestingState_eeg.set,R5,sub-NDARBF851NH6,18.8954,84.0,2.0,359.356,test,17.566692352294922
/workspace/hbn_subset/R5/download/sub-NDARBF851NH6/eeg/sub-NDARBF851NH6_task-RestingState_eeg.set,R5,sub-NDARBF851NH6,18.8954,86.0,2.0,359.356,test,18.288877487182617
/workspace/hbn_subset/R5/download/sub-NDARBF851NH6/eeg/sub-NDARBF851NH6_task-RestingState_eeg.set,R5,sub-NDARBF851NH6,18.8954,88.0,2.0,359.356,test,18.667964935302734
/workspace/hbn_subset/R5/download/sub-NDARBF851NH6/eeg/sub-NDARBF851NH6_task-RestingState_eeg.set,R5,sub-NDARBF851NH6,18.8954,90.0,2.0,359.356,test,18.425657272338867
/workspace/hbn_subset/R5/download/sub-NDARBF851NH6/eeg/sub-NDARBF851NH6_task-RestingState_eeg.set,R5,sub-NDARBF851NH6,18.8954,92.0,2.0,359.356,test,17.725627899169922
/workspace/hbn_subset/R5/download/sub-NDARBF851NH6/eeg/sub-NDARBF851NH6_task-RestingState_eeg.set,R5,sub-NDARBF851NH6,18.8954,94.0,2.0,359.356,test,18.654966354370117
/workspace/hbn_subset/R5/download/sub-NDARBF851NH6/eeg/sub-NDARBF851NH6_task-RestingState_eeg.set,R5,sub-NDARBF851NH6,18.8954,96.0,2.0,359.356,test,17.728395462036133
/workspace/hbn_subset/R5/download/sub-NDARBF851NH6/eeg/sub-NDARBF851NH6_task-RestingState_eeg.set,R5,sub-NDARBF851NH6,18.8954,98.0,2.0,359.356,test,18.919395446777344
/workspace/hbn_subset/R5/download/sub-NDARBF851NH6/eeg/sub-NDARBF851NH6_task-RestingState_eeg.set,R5,sub-NDARBF851NH6,18.8954,100.0,2.0,359.356,test,18.43745994567871
/workspace/hbn_subset/R5/download/sub-NDARBF851NH6/eeg/sub-NDARBF851NH6_task-RestingState_eeg.set,R5,sub-NDARBF851NH6,18.8954,102.0,2.0,359.356,test,18.793350219726562
/workspace/hbn_subset/R5/download/sub-NDARBF851NH6/eeg/sub-NDARBF851NH6_task-RestingState_eeg.set,R5,sub-NDARBF851NH6,18.8954,104.0,2.0,359.356,test,17.964744567871094
/workspace/hbn_subset/R5/download/sub-NDARBF851NH6/eeg/sub-NDARBF851NH6_task-RestingState_eeg.set,R5,sub-NDARBF851NH6,18.8954,106.0,2.0,359.356,test,17.714643478393555
/workspace/hbn_subset/R5/download/sub-NDARBF851NH6/eeg/sub-NDARBF851NH6_task-RestingState_eeg.set,R5,sub-NDARBF851NH6,18.8954,108.0,2.0,359.356,test,18.302845001220703
/workspace/hbn_subset/R5/download/sub-NDARBF851NH6/eeg/sub-NDARBF851NH6_task-RestingState_eeg.set,R5,sub-NDARBF851NH6,18.8954,110.0,2.0,359.356,test,18.106353759765625
/workspace/hbn_subset/R5/download/sub-NDARBF851NH6/eeg/sub-NDARBF851NH6_task-RestingState_eeg.set,R5,sub-NDARBF851NH6,18.8954,112.0,2.0,359.356,test,17.461467742919922
/workspace/hbn_subset/R5/download/sub-NDARBF851NH6/eeg/sub-NDARBF851NH6_task-RestingState_eeg.set,R5,sub-NDARBF851NH6,18.8954,114.0,2.0,359.356,test,17.93277931213379
/workspace/hbn_subset/R5/download/sub-NDARBF851NH6/eeg/sub-NDARBF851NH6_task-RestingState_eeg.set,R5,sub-NDARBF851NH6,18.8954,116.0,2.0,359.356,test,17.525074005126953
/workspace/hbn_subset/R5/download/sub-NDARBF851NH6/eeg/sub-NDARBF851NH6_task-RestingState_eeg.set,R5,sub-NDARBF851NH6,18.8954,118.0,2.0,359.356,test,17.306785583496094
/workspace/hbn_subset/R5/download/sub-NDARBG188RA5/eeg/sub-NDARBG188RA5_task-RestingState_eeg.set,R5,sub-NDARBG188RA5,12.8663,0.0,2.0,384.204,test,14.028495788574219
/workspace/hbn_subset/R5/download/sub-NDARBG188RA5/eeg/sub-NDARBG188RA5_task-RestingState_eeg.set,R5,sub-NDARBG188RA5,12.8663,2.0,2.0,384.204,test,13.794615745544434
/workspace/hbn_subset/R5/download/sub-NDARBG188RA5/eeg/sub-NDARBG188RA5_task-RestingState_eeg.set,R5,sub-NDARBG188RA5,12.8663,4.0,2.0,384.204,test,14.196949005126953
/workspace/hbn_subset/R5/download/sub-NDARBG188RA5/eeg/sub-NDARBG188RA5_task-RestingState_eeg.set,R5,sub-NDARBG188RA5,12.8663,6.0,2.0,384.204,test,13.566858291625977
/workspace/hbn_subset/R5/download/sub-NDARBG188RA5/eeg/sub-NDARBG188RA5_task-RestingState_eeg.set,R5,sub-NDARBG188RA5,12.8663,8.0,2.0,384.204,test,13.070608139038086
/workspace/hbn_subset/R5/download/sub-NDARBG188RA5/eeg/sub-NDARBG188RA5_task-RestingState_eeg.set,R5,sub-NDARBG188RA5,12.8663,10.0,2.0,384.204,test,13.147099494934082
/workspace/hbn_subset/R5/download/sub-NDARBG188RA5/eeg/sub-NDARBG188RA5_task-RestingState_eeg.set,R5,sub-NDARBG188RA5,12.8663,12.0,2.0,384.204,test,13.343768119812012
/workspace/hbn_subset/R5/download/sub-NDARBG188RA5/eeg/sub-NDARBG188RA5_task-RestingState_eeg.set,R5,sub-NDARBG188RA5,12.8663,14.0,2.0,384.204,test,13.288586616516113
/workspace/hbn_subset/R5/download/sub-NDARBG188RA5/eeg/sub-NDARBG188RA5_task-RestingState_eeg.set,R5,sub-NDARBG188RA5,12.8663,16.0,2.0,384.204,test,14.423787117004395
/workspace/hbn_subset/R5/download/sub-NDARBG188RA5/eeg/sub-NDARBG188RA5_task-RestingState_eeg.set,R5,sub-NDARBG188RA5,12.8663,18.0,2.0,384.204,test,13.613654136657715
/workspace/hbn_subset/R5/download/sub-NDARBG188RA5/eeg/sub-NDARBG188RA5_task-RestingState_eeg.set,R5,sub-NDARBG188RA5,12.8663,20.0,2.0,384.204,test,12.794974327087402
/workspace/hbn_subset/R5/download/sub-NDARBG188RA5/eeg/sub-NDARBG188RA5_task-RestingState_eeg.set,R5,sub-NDARBG188RA5,12.8663,22.0,2.0,384.204,test,13.303252220153809
/workspace/hbn_subset/R5/download/sub-NDARBG188RA5/eeg/sub-NDARBG188RA5_task-RestingState_eeg.set,R5,sub-NDARBG188RA5,12.8663,24.0,2.0,384.204,test,13.41269588470459
/workspace/hbn_subset/R5/download/sub-NDARBG188RA5/eeg/sub-NDARBG188RA5_task-RestingState_eeg.set,R5,sub-NDARBG188RA5,12.8663,26.0,2.0,384.204,test,12.924278259277344
/workspace/hbn_subset/R5/download/sub-NDARBG188RA5/eeg/sub-NDARBG188RA5_task-RestingState_eeg.set,R5,sub-NDARBG188RA5,12.8663,28.0,2.0,384.204,test,12.936826705932617
/workspace/hbn_subset/R5/download/sub-NDARBG188RA5/eeg/sub-NDARBG188RA5_task-RestingState_eeg.set,R5,sub-NDARBG188RA5,12.8663,30.0,2.0,384.204,test,12.38217544555664
/workspace/hbn_subset/R5/download/sub-NDARBG188RA5/eeg/sub-NDARBG188RA5_task-RestingState_eeg.set,R5,sub-NDARBG188RA5,12.8663,32.0,2.0,384.204,test,12.841025352478027
/workspace/hbn_subset/R5/download/sub-NDARBG188RA5/eeg/sub-NDARBG188RA5_task-RestingState_eeg.set,R5,sub-NDARBG188RA5,12.8663,34.0,2.0,384.204,test,14.46322250366211
/workspace/hbn_subset/R5/download/sub-NDARBG188RA5/eeg/sub-NDARBG188RA5_task-RestingState_eeg.set,R5,sub-NDARBG188RA5,12.8663,36.0,2.0,384.204,test,14.063712120056152
/workspace/hbn_subset/R5/download/sub-NDARBG188RA5/eeg/sub-NDARBG188RA5_task-RestingState_eeg.set,R5,sub-NDARBG188RA5,12.8663,38.0,2.0,384.204,test,14.376714706420898
/workspace/hbn_subset/R5/download/sub-NDARBG188RA5/eeg/sub-NDARBG188RA5_task-RestingState_eeg.set,R5,sub-NDARBG188RA5,12.8663,40.0,2.0,384.204,test,14.79001235961914
/workspace/hbn_subset/R5/download/sub-NDARBG188RA5/eeg/sub-NDARBG188RA5_task-RestingState_eeg.set,R5,sub-NDARBG188RA5,12.8663,42.0,2.0,384.204,test,14.071422576904297
/workspace/hbn_subset/R5/download/sub-NDARBG188RA5/eeg/sub-NDARBG188RA5_task-RestingState_eeg.set,R5,sub-NDARBG188RA5,12.8663,44.0,2.0,384.204,test,14.57602310180664
/workspace/hbn_subset/R5/download/sub-NDARBG188RA5/eeg/sub-NDARBG188RA5_task-RestingState_eeg.set,R5,sub-NDARBG188RA5,12.8663,46.0,2.0,384.204,test,14.714908599853516
/workspace/hbn_subset/R5/download/sub-NDARBG188RA5/eeg/sub-NDARBG188RA5_task-RestingState_eeg.set,R5,sub-NDARBG188RA5,12.8663,48.0,2.0,384.204,test,14.9227876663208
/workspace/hbn_subset/R5/download/sub-NDARBG188RA5/eeg/sub-NDARBG188RA5_task-RestingState_eeg.set,R5,sub-NDARBG188RA5,12.8663,50.0,2.0,384.204,test,15.179304122924805
/workspace/hbn_subset/R5/download/sub-NDARBG188RA5/eeg/sub-NDARBG188RA5_task-RestingState_eeg.set,R5,sub-NDARBG188RA5,12.8663,52.0,2.0,384.204,test,15.292632102966309
/workspace/hbn_subset/R5/download/sub-NDARBG188RA5/eeg/sub-NDARBG188RA5_task-RestingState_eeg.set,R5,sub-NDARBG188RA5,12.8663,54.0,2.0,384.204,test,15.164342880249023
/workspace/hbn_subset/R5/download/sub-NDARBG188RA5/eeg/sub-NDARBG188RA5_task-RestingState_eeg.set,R5,sub-NDARBG188RA5,12.8663,56.0,2.0,384.204,test,13.939899444580078
/workspace/hbn_subset/R5/download/sub-NDARBG188RA5/eeg/sub-NDARBG188RA5_task-RestingState_eeg.set,R5,sub-NDARBG188RA5,12.8663,58.0,2.0,384.204,test,14.318819999694824
/workspace/hbn_subset/R5/download/sub-NDARBG188RA5/eeg/sub-NDARBG188RA5_task-RestingState_eeg.set,R5,sub-NDARBG188RA5,12.8663,60.0,2.0,384.204,test,15.059700965881348
/workspace/hbn_subset/R5/download/sub-NDARBG188RA5/eeg/sub-NDARBG188RA5_task-RestingState_eeg.set,R5,sub-NDARBG188RA5,12.8663,62.0,2.0,384.204,test,13.31612491607666
/workspace/hbn_subset/R5/download/sub-NDARBG188RA5/eeg/sub-NDARBG188RA5_task-RestingState_eeg.set,R5,sub-NDARBG188RA5,12.8663,64.0,2.0,384.204,test,12.252392768859863
/workspace/hbn_subset/R5/download/sub-NDARBG188RA5/eeg/sub-NDARBG188RA5_task-RestingState_eeg.set,R5,sub-NDARBG188RA5,12.8663,66.0,2.0,384.204,test,14.363752365112305
/workspace/hbn_subset/R5/download/sub-NDARBG188RA5/eeg/sub-NDARBG188RA5_task-RestingState_eeg.set,R5,sub-NDARBG188RA5,12.8663,68.0,2.0,384.204,test,13.205501556396484
/workspace/hbn_subset/R5/download/sub-NDARBG188RA5/eeg/sub-NDARBG188RA5_task-RestingState_eeg.set,R5,sub-NDARBG188RA5,12.8663,70.0,2.0,384.204,test,13.912181854248047
/workspace/hbn_subset/R5/download/sub-NDARBG188RA5/eeg/sub-NDARBG188RA5_task-RestingState_eeg.set,R5,sub-NDARBG188RA5,12.8663,72.0,2.0,384.204,test,13.484594345092773
/workspace/hbn_subset/R5/download/sub-NDARBG188RA5/eeg/sub-NDARBG188RA5_task-RestingState_eeg.set,R5,sub-NDARBG188RA5,12.8663,74.0,2.0,384.204,test,13.540816307067871
/workspace/hbn_subset/R5/download/sub-NDARBG188RA5/eeg/sub-NDARBG188RA5_task-RestingState_eeg.set,R5,sub-NDARBG188RA5,12.8663,76.0,2.0,384.204,test,12.409126281738281
/workspace/hbn_subset/R5/download/sub-NDARBG188RA5/eeg/sub-NDARBG188RA5_task-RestingState_eeg.set,R5,sub-NDARBG188RA5,12.8663,78.0,2.0,384.204,test,14.039894104003906
/workspace/hbn_subset/R5/download/sub-NDARBG188RA5/eeg/sub-NDARBG188RA5_task-RestingState_eeg.set,R5,sub-NDARBG188RA5,12.8663,80.0,2.0,384.204,test,12.66956615447998
/workspace/hbn_subset/R5/download/sub-NDARBG188RA5/eeg/sub-NDARBG188RA5_task-RestingState_eeg.set,R5,sub-NDARBG188RA5,12.8663,82.0,2.0,384.204,test,13.68319034576416
/workspace/hbn_subset/R5/download/sub-NDARBG188RA5/eeg/sub-NDARBG188RA5_task-RestingState_eeg.set,R5,sub-NDARBG188RA5,12.8663,84.0,2.0,384.204,test,12.754303932189941
/workspace/hbn_subset/R5/download/sub-NDARBG188RA5/eeg/sub-NDARBG188RA5_task-RestingState_eeg.set,R5,sub-NDARBG188RA5,12.8663,86.0,2.0,384.204,test,12.872408866882324
/workspace/hbn_subset/R5/download/sub-NDARBG188RA5/eeg/sub-NDARBG188RA5_task-RestingState_eeg.set,R5,sub-NDARBG188RA5,12.8663,88.0,2.0,384.204,test,12.898761749267578
/workspace/hbn_subset/R5/download/sub-NDARBG188RA5/eeg/sub-NDARBG188RA5_task-RestingState_eeg.set,R5,sub-NDARBG188RA5,12.8663,90.0,2.0,384.204,test,12.354687690734863
/workspace/hbn_subset/R5/download/sub-NDARBG188RA5/eeg/sub-NDARBG188RA5_task-RestingState_eeg.set,R5,sub-NDARBG188RA5,12.8663,92.0,2.0,384.204,test,12.311185836791992
/workspace/hbn_subset/R5/download/sub-NDARBG188RA5/eeg/sub-NDARBG188RA5_task-RestingState_eeg.set,R5,sub-NDARBG188RA5,12.8663,94.0,2.0,384.204,test,13.209080696105957
/workspace/hbn_subset/R5/download/sub-NDARBG188RA5/eeg/sub-NDARBG188RA5_task-RestingState_eeg.set,R5,sub-NDARBG188RA5,12.8663,96.0,2.0,384.204,test,12.22712516784668
/workspace/hbn_subset/R5/download/sub-NDARBG188RA5/eeg/sub-NDARBG188RA5_task-RestingState_eeg.set,R5,sub-NDARBG188RA5,12.8663,98.0,2.0,384.204,test,13.629430770874023
/workspace/hbn_subset/R5/download/sub-NDARBG188RA5/eeg/sub-NDARBG188RA5_task-RestingState_eeg.set,R5,sub-NDARBG188RA5,12.8663,100.0,2.0,384.204,test,13.807552337646484
/workspace/hbn_subset/R5/download/sub-NDARBG188RA5/eeg/sub-NDARBG188RA5_task-RestingState_eeg.set,R5,sub-NDARBG188RA5,12.8663,102.0,2.0,384.204,test,14.066733360290527
/workspace/hbn_subset/R5/download/sub-NDARBG188RA5/eeg/sub-NDARBG188RA5_task-RestingState_eeg.set,R5,sub-NDARBG188RA5,12.8663,104.0,2.0,384.204,test,14.615740776062012
/workspace/hbn_subset/R5/download/sub-NDARBG188RA5/eeg/sub-NDARBG188RA5_task-RestingState_eeg.set,R5,sub-NDARBG188RA5,12.8663,106.0,2.0,384.204,test,15.328157424926758
/workspace/hbn_subset/R5/download/sub-NDARBG188RA5/eeg/sub-NDARBG188RA5_task-RestingState_eeg.set,R5,sub-NDARBG188RA5,12.8663,108.0,2.0,384.204,test,14.16162395477295
/workspace/hbn_subset/R5/download/sub-NDARBG188RA5/eeg/sub-NDARBG188RA5_task-RestingState_eeg.set,R5,sub-NDARBG188RA5,12.8663,110.0,2.0,384.204,test,15.137165069580078
/workspace/hbn_subset/R5/download/sub-NDARBG188RA5/eeg/sub-NDARBG188RA5_task-RestingState_eeg.set,R5,sub-NDARBG188RA5,12.8663,112.0,2.0,384.204,test,13.88633918762207
/workspace/hbn_subset/R5/download/sub-NDARBG188RA5/eeg/sub-NDARBG188RA5_task-RestingState_eeg.set,R5,sub-NDARBG188RA5,12.8663,114.0,2.0,384.204,test,15.25832462310791
/workspace/hbn_subset/R5/download/sub-NDARBG188RA5/eeg/sub-NDARBG188RA5_task-RestingState_eeg.set,R5,sub-NDARBG188RA5,12.8663,116.0,2.0,384.204,test,15.089446067810059
/workspace/hbn_subset/R5/download/sub-NDARBG188RA5/eeg/sub-NDARBG188RA5_task-RestingState_eeg.set,R5,sub-NDARBG188RA5,12.8663,118.0,2.0,384.204,test,14.358152389526367
/workspace/hbn_subset/R5/download/sub-NDARBH228RDW/eeg/sub-NDARBH228RDW_task-RestingState_eeg.set,R5,sub-NDARBH228RDW,8.8285,0.0,2.0,354.026,test,10.321256637573242
/workspace/hbn_subset/R5/download/sub-NDARBH228RDW/eeg/sub-NDARBH228RDW_task-RestingState_eeg.set,R5,sub-NDARBH228RDW,8.8285,2.0,2.0,354.026,test,10.801340103149414
/workspace/hbn_subset/R5/download/sub-NDARBH228RDW/eeg/sub-NDARBH228RDW_task-RestingState_eeg.set,R5,sub-NDARBH228RDW,8.8285,4.0,2.0,354.026,test,12.020318031311035
/workspace/hbn_subset/R5/download/sub-NDARBH228RDW/eeg/sub-NDARBH228RDW_task-RestingState_eeg.set,R5,sub-NDARBH228RDW,8.8285,6.0,2.0,354.026,test,10.518216133117676
/workspace/hbn_subset/R5/download/sub-NDARBH228RDW/eeg/sub-NDARBH228RDW_task-RestingState_eeg.set,R5,sub-NDARBH228RDW,8.8285,8.0,2.0,354.026,test,10.87161636352539
/workspace/hbn_subset/R5/download/sub-NDARBH228RDW/eeg/sub-NDARBH228RDW_task-RestingState_eeg.set,R5,sub-NDARBH228RDW,8.8285,10.0,2.0,354.026,test,11.111410140991211
/workspace/hbn_subset/R5/download/sub-NDARBH228RDW/eeg/sub-NDARBH228RDW_task-RestingState_eeg.set,R5,sub-NDARBH228RDW,8.8285,12.0,2.0,354.026,test,12.818507194519043
/workspace/hbn_subset/R5/download/sub-NDARBH228RDW/eeg/sub-NDARBH228RDW_task-RestingState_eeg.set,R5,sub-NDARBH228RDW,8.8285,14.0,2.0,354.026,test,10.980765342712402
/workspace/hbn_subset/R5/download/sub-NDARBH228RDW/eeg/sub-NDARBH228RDW_task-RestingState_eeg.set,R5,sub-NDARBH228RDW,8.8285,16.0,2.0,354.026,test,10.106703758239746
/workspace/hbn_subset/R5/download/sub-NDARBH228RDW/eeg/sub-NDARBH228RDW_task-RestingState_eeg.set,R5,sub-NDARBH228RDW,8.8285,18.0,2.0,354.026,test,11.316718101501465
/workspace/hbn_subset/R5/download/sub-NDARBH228RDW/eeg/sub-NDARBH228RDW_task-RestingState_eeg.set,R5,sub-NDARBH228RDW,8.8285,20.0,2.0,354.026,test,11.50158977508545
/workspace/hbn_subset/R5/download/sub-NDARBH228RDW/eeg/sub-NDARBH228RDW_task-RestingState_eeg.set,R5,sub-NDARBH228RDW,8.8285,22.0,2.0,354.026,test,11.771849632263184
/workspace/hbn_subset/R5/download/sub-NDARBH228RDW/eeg/sub-NDARBH228RDW_task-RestingState_eeg.set,R5,sub-NDARBH228RDW,8.8285,24.0,2.0,354.026,test,11.59496784210205
/workspace/hbn_subset/R5/download/sub-NDARBH228RDW/eeg/sub-NDARBH228RDW_task-RestingState_eeg.set,R5,sub-NDARBH228RDW,8.8285,26.0,2.0,354.026,test,12.284092903137207
/workspace/hbn_subset/R5/download/sub-NDARBH228RDW/eeg/sub-NDARBH228RDW_task-RestingState_eeg.set,R5,sub-NDARBH228RDW,8.8285,28.0,2.0,354.026,test,10.276596069335938
/workspace/hbn_subset/R5/download/sub-NDARBH228RDW/eeg/sub-NDARBH228RDW_task-RestingState_eeg.set,R5,sub-NDARBH228RDW,8.8285,30.0,2.0,354.026,test,11.21434211730957
/workspace/hbn_subset/R5/download/sub-NDARBH228RDW/eeg/sub-NDARBH228RDW_task-RestingState_eeg.set,R5,sub-NDARBH228RDW,8.8285,32.0,2.0,354.026,test,12.91275691986084
/workspace/hbn_subset/R5/download/sub-NDARBH228RDW/eeg/sub-NDARBH228RDW_task-RestingState_eeg.set,R5,sub-NDARBH228RDW,8.8285,34.0,2.0,354.026,test,11.701242446899414
/workspace/hbn_subset/R5/download/sub-NDARBH228RDW/eeg/sub-NDARBH228RDW_task-RestingState_eeg.set,R5,sub-NDARBH228RDW,8.8285,36.0,2.0,354.026,test,9.450596809387207
/workspace/hbn_subset/R5/download/sub-NDARBH228RDW/eeg/sub-NDARBH228RDW_task-RestingState_eeg.set,R5,sub-NDARBH228RDW,8.8285,38.0,2.0,354.026,test,9.086344718933105
/workspace/hbn_subset/R5/download/sub-NDARBH228RDW/eeg/sub-NDARBH228RDW_task-RestingState_eeg.set,R5,sub-NDARBH228RDW,8.8285,40.0,2.0,354.026,test,8.825501441955566
/workspace/hbn_subset/R5/download/sub-NDARBH228RDW/eeg/sub-NDARBH228RDW_task-RestingState_eeg.set,R5,sub-NDARBH228RDW,8.8285,42.0,2.0,354.026,test,9.85743236541748
/workspace/hbn_subset/R5/download/sub-NDARBH228RDW/eeg/sub-NDARBH228RDW_task-RestingState_eeg.set,R5,sub-NDARBH228RDW,8.8285,44.0,2.0,354.026,test,10.109455108642578
/workspace/hbn_subset/R5/download/sub-NDARBH228RDW/eeg/sub-NDARBH228RDW_task-RestingState_eeg.set,R5,sub-NDARBH228RDW,8.8285,46.0,2.0,354.026,test,11.639662742614746
/workspace/hbn_subset/R5/download/sub-NDARBH228RDW/eeg/sub-NDARBH228RDW_task-RestingState_eeg.set,R5,sub-NDARBH228RDW,8.8285,48.0,2.0,354.026,test,11.267016410827637
/workspace/hbn_subset/R5/download/sub-NDARBH228RDW/eeg/sub-NDARBH228RDW_task-RestingState_eeg.set,R5,sub-NDARBH228RDW,8.8285,50.0,2.0,354.026,test,13.2135648727417
/workspace/hbn_subset/R5/download/sub-NDARBH228RDW/eeg/sub-NDARBH228RDW_task-RestingState_eeg.set,R5,sub-NDARBH228RDW,8.8285,52.0,2.0,354.026,test,11.024260520935059
/workspace/hbn_subset/R5/download/sub-NDARBH228RDW/eeg/sub-NDARBH228RDW_task-RestingState_eeg.set,R5,sub-NDARBH228RDW,8.8285,54.0,2.0,354.026,test,11.415358543395996
/workspace/hbn_subset/R5/download/sub-NDARBH228RDW/eeg/sub-NDARBH228RDW_task-RestingState_eeg.set,R5,sub-NDARBH228RDW,8.8285,56.0,2.0,354.026,test,13.176409721374512
/workspace/hbn_subset/R5/download/sub-NDARBH228RDW/eeg/sub-NDARBH228RDW_task-RestingState_eeg.set,R5,sub-NDARBH228RDW,8.8285,58.0,2.0,354.026,test,10.821136474609375
/workspace/hbn_subset/R5/download/sub-NDARBH228RDW/eeg/sub-NDARBH228RDW_task-RestingState_eeg.set,R5,sub-NDARBH228RDW,8.8285,60.0,2.0,354.026,test,9.786705017089844
/workspace/hbn_subset/R5/download/sub-NDARBH228RDW/eeg/sub-NDARBH228RDW_task-RestingState_eeg.set,R5,sub-NDARBH228RDW,8.8285,62.0,2.0,354.026,test,11.564678192138672
/workspace/hbn_subset/R5/download/sub-NDARBH228RDW/eeg/sub-NDARBH228RDW_task-RestingState_eeg.set,R5,sub-NDARBH228RDW,8.8285,64.0,2.0,354.026,test,10.661481857299805
/workspace/hbn_subset/R5/download/sub-NDARBH228RDW/eeg/sub-NDARBH228RDW_task-RestingState_eeg.set,R5,sub-NDARBH228RDW,8.8285,66.0,2.0,354.026,test,11.613714218139648
/workspace/hbn_subset/R5/download/sub-NDARBH228RDW/eeg/sub-NDARBH228RDW_task-RestingState_eeg.set,R5,sub-NDARBH228RDW,8.8285,68.0,2.0,354.026,test,9.647842407226562
/workspace/hbn_subset/R5/download/sub-NDARBH228RDW/eeg/sub-NDARBH228RDW_task-RestingState_eeg.set,R5,sub-NDARBH228RDW,8.8285,70.0,2.0,354.026,test,8.824532508850098
/workspace/hbn_subset/R5/download/sub-NDARBH228RDW/eeg/sub-NDARBH228RDW_task-RestingState_eeg.set,R5,sub-NDARBH228RDW,8.8285,72.0,2.0,354.026,test,10.130924224853516
/workspace/hbn_subset/R5/download/sub-NDARBH228RDW/eeg/sub-NDARBH228RDW_task-RestingState_eeg.set,R5,sub-NDARBH228RDW,8.8285,74.0,2.0,354.026,test,9.025918960571289
/workspace/hbn_subset/R5/download/sub-NDARBH228RDW/eeg/sub-NDARBH228RDW_task-RestingState_eeg.set,R5,sub-NDARBH228RDW,8.8285,76.0,2.0,354.026,test,11.265873908996582
/workspace/hbn_subset/R5/download/sub-NDARBH228RDW/eeg/sub-NDARBH228RDW_task-RestingState_eeg.set,R5,sub-NDARBH228RDW,8.8285,78.0,2.0,354.026,test,10.401087760925293
/workspace/hbn_subset/R5/download/sub-NDARBH228RDW/eeg/sub-NDARBH228RDW_task-RestingState_eeg.set,R5,sub-NDARBH228RDW,8.8285,80.0,2.0,354.026,test,10.062965393066406
/workspace/hbn_subset/R5/download/sub-NDARBH228RDW/eeg/sub-NDARBH228RDW_task-RestingState_eeg.set,R5,sub-NDARBH228RDW,8.8285,82.0,2.0,354.026,test,10.980131149291992
/workspace/hbn_subset/R5/download/sub-NDARBH228RDW/eeg/sub-NDARBH228RDW_task-RestingState_eeg.set,R5,sub-NDARBH228RDW,8.8285,84.0,2.0,354.026,test,11.709614753723145
/workspace/hbn_subset/R5/download/sub-NDARBH228RDW/eeg/sub-NDARBH228RDW_task-RestingState_eeg.set,R5,sub-NDARBH228RDW,8.8285,86.0,2.0,354.026,test,11.741451263427734
/workspace/hbn_subset/R5/download/sub-NDARBH228RDW/eeg/sub-NDARBH228RDW_task-RestingState_eeg.set,R5,sub-NDARBH228RDW,8.8285,88.0,2.0,354.026,test,11.431665420532227
/workspace/hbn_subset/R5/download/sub-NDARBH228RDW/eeg/sub-NDARBH228RDW_task-RestingState_eeg.set,R5,sub-NDARBH228RDW,8.8285,90.0,2.0,354.026,test,10.407779693603516
/workspace/hbn_subset/R5/download/sub-NDARBH228RDW/eeg/sub-NDARBH228RDW_task-RestingState_eeg.set,R5,sub-NDARBH228RDW,8.8285,92.0,2.0,354.026,test,10.092222213745117
/workspace/hbn_subset/R5/download/sub-NDARBH228RDW/eeg/sub-NDARBH228RDW_task-RestingState_eeg.set,R5,sub-NDARBH228RDW,8.8285,94.0,2.0,354.026,test,9.340412139892578
/workspace/hbn_subset/R5/download/sub-NDARBH228RDW/eeg/sub-NDARBH228RDW_task-RestingState_eeg.set,R5,sub-NDARBH228RDW,8.8285,96.0,2.0,354.026,test,8.718064308166504
/workspace/hbn_subset/R5/download/sub-NDARBH228RDW/eeg/sub-NDARBH228RDW_task-RestingState_eeg.set,R5,sub-NDARBH228RDW,8.8285,98.0,2.0,354.026,test,9.49636459350586
/workspace/hbn_subset/R5/download/sub-NDARBH228RDW/eeg/sub-NDARBH228RDW_task-RestingState_eeg.set,R5,sub-NDARBH228RDW,8.8285,100.0,2.0,354.026,test,11.01620101928711
/workspace/hbn_subset/R5/download/sub-NDARBH228RDW/eeg/sub-NDARBH228RDW_task-RestingState_eeg.set,R5,sub-NDARBH228RDW,8.8285,102.0,2.0,354.026,test,10.494029998779297
/workspace/hbn_subset/R5/download/sub-NDARBH228RDW/eeg/sub-NDARBH228RDW_task-RestingState_eeg.set,R5,sub-NDARBH228RDW,8.8285,104.0,2.0,354.026,test,10.048615455627441
/workspace/hbn_subset/R5/download/sub-NDARBH228RDW/eeg/sub-NDARBH228RDW_task-RestingState_eeg.set,R5,sub-NDARBH228RDW,8.8285,106.0,2.0,354.026,test,11.000641822814941
/workspace/hbn_subset/R5/download/sub-NDARBH228RDW/eeg/sub-NDARBH228RDW_task-RestingState_eeg.set,R5,sub-NDARBH228RDW,8.8285,108.0,2.0,354.026,test,11.982711791992188
/workspace/hbn_subset/R5/download/sub-NDARBH228RDW/eeg/sub-NDARBH228RDW_task-RestingState_eeg.set,R5,sub-NDARBH228RDW,8.8285,110.0,2.0,354.026,test,12.325767517089844
/workspace/hbn_subset/R5/download/sub-NDARBH228RDW/eeg/sub-NDARBH228RDW_task-RestingState_eeg.set,R5,sub-NDARBH228RDW,8.8285,112.0,2.0,354.026,test,12.269336700439453
/workspace/hbn_subset/R5/download/sub-NDARBH228RDW/eeg/sub-NDARBH228RDW_task-RestingState_eeg.set,R5,sub-NDARBH228RDW,8.8285,114.0,2.0,354.026,test,9.435694694519043
/workspace/hbn_subset/R5/download/sub-NDARBH228RDW/eeg/sub-NDARBH228RDW_task-RestingState_eeg.set,R5,sub-NDARBH228RDW,8.8285,116.0,2.0,354.026,test,11.816669464111328
/workspace/hbn_subset/R5/download/sub-NDARBH228RDW/eeg/sub-NDARBH228RDW_task-RestingState_eeg.set,R5,sub-NDARBH228RDW,8.8285,118.0,2.0,354.026,test,8.664369583129883
/workspace/hbn_subset/R5/download/sub-NDARBH992ARB/eeg/sub-NDARBH992ARB_task-RestingState_eeg.set,R5,sub-NDARBH992ARB,11.4076,0.0,2.0,344.916,test,15.188475608825684
/workspace/hbn_subset/R5/download/sub-NDARBH992ARB/eeg/sub-NDARBH992ARB_task-RestingState_eeg.set,R5,sub-NDARBH992ARB,11.4076,2.0,2.0,344.916,test,15.599602699279785
/workspace/hbn_subset/R5/download/sub-NDARBH992ARB/eeg/sub-NDARBH992ARB_task-RestingState_eeg.set,R5,sub-NDARBH992ARB,11.4076,4.0,2.0,344.916,test,14.758159637451172
/workspace/hbn_subset/R5/download/sub-NDARBH992ARB/eeg/sub-NDARBH992ARB_task-RestingState_eeg.set,R5,sub-NDARBH992ARB,11.4076,6.0,2.0,344.916,test,14.908281326293945
/workspace/hbn_subset/R5/download/sub-NDARBH992ARB/eeg/sub-NDARBH992ARB_task-RestingState_eeg.set,R5,sub-NDARBH992ARB,11.4076,8.0,2.0,344.916,test,14.099599838256836
/workspace/hbn_subset/R5/download/sub-NDARBH992ARB/eeg/sub-NDARBH992ARB_task-RestingState_eeg.set,R5,sub-NDARBH992ARB,11.4076,10.0,2.0,344.916,test,13.683069229125977
/workspace/hbn_subset/R5/download/sub-NDARBH992ARB/eeg/sub-NDARBH992ARB_task-RestingState_eeg.set,R5,sub-NDARBH992ARB,11.4076,12.0,2.0,344.916,test,12.717229843139648
/workspace/hbn_subset/R5/download/sub-NDARBH992ARB/eeg/sub-NDARBH992ARB_task-RestingState_eeg.set,R5,sub-NDARBH992ARB,11.4076,14.0,2.0,344.916,test,12.88625431060791
/workspace/hbn_subset/R5/download/sub-NDARBH992ARB/eeg/sub-NDARBH992ARB_task-RestingState_eeg.set,R5,sub-NDARBH992ARB,11.4076,16.0,2.0,344.916,test,12.237277030944824
/workspace/hbn_subset/R5/download/sub-NDARBH992ARB/eeg/sub-NDARBH992ARB_task-RestingState_eeg.set,R5,sub-NDARBH992ARB,11.4076,18.0,2.0,344.916,test,11.36266803741455
/workspace/hbn_subset/R5/download/sub-NDARBH992ARB/eeg/sub-NDARBH992ARB_task-RestingState_eeg.set,R5,sub-NDARBH992ARB,11.4076,20.0,2.0,344.916,test,11.675484657287598
/workspace/hbn_subset/R5/download/sub-NDARBH992ARB/eeg/sub-NDARBH992ARB_task-RestingState_eeg.set,R5,sub-NDARBH992ARB,11.4076,22.0,2.0,344.916,test,11.945414543151855
/workspace/hbn_subset/R5/download/sub-NDARBH992ARB/eeg/sub-NDARBH992ARB_task-RestingState_eeg.set,R5,sub-NDARBH992ARB,11.4076,24.0,2.0,344.916,test,13.570365905761719
/workspace/hbn_subset/R5/download/sub-NDARBH992ARB/eeg/sub-NDARBH992ARB_task-RestingState_eeg.set,R5,sub-NDARBH992ARB,11.4076,26.0,2.0,344.916,test,13.167097091674805
/workspace/hbn_subset/R5/download/sub-NDARBH992ARB/eeg/sub-NDARBH992ARB_task-RestingState_eeg.set,R5,sub-NDARBH992ARB,11.4076,28.0,2.0,344.916,test,13.585025787353516
/workspace/hbn_subset/R5/download/sub-NDARBH992ARB/eeg/sub-NDARBH992ARB_task-RestingState_eeg.set,R5,sub-NDARBH992ARB,11.4076,30.0,2.0,344.916,test,14.632181167602539
/workspace/hbn_subset/R5/download/sub-NDARBH992ARB/eeg/sub-NDARBH992ARB_task-RestingState_eeg.set,R5,sub-NDARBH992ARB,11.4076,32.0,2.0,344.916,test,12.790779113769531
/workspace/hbn_subset/R5/download/sub-NDARBH992ARB/eeg/sub-NDARBH992ARB_task-RestingState_eeg.set,R5,sub-NDARBH992ARB,11.4076,34.0,2.0,344.916,test,14.08924388885498
/workspace/hbn_subset/R5/download/sub-NDARBH992ARB/eeg/sub-NDARBH992ARB_task-RestingState_eeg.set,R5,sub-NDARBH992ARB,11.4076,36.0,2.0,344.916,test,12.579345703125
/workspace/hbn_subset/R5/download/sub-NDARBH992ARB/eeg/sub-NDARBH992ARB_task-RestingState_eeg.set,R5,sub-NDARBH992ARB,11.4076,38.0,2.0,344.916,test,13.449810981750488
/workspace/hbn_subset/R5/download/sub-NDARBH992ARB/eeg/sub-NDARBH992ARB_task-RestingState_eeg.set,R5,sub-NDARBH992ARB,11.4076,40.0,2.0,344.916,test,12.720730781555176
/workspace/hbn_subset/R5/download/sub-NDARBH992ARB/eeg/sub-NDARBH992ARB_task-RestingState_eeg.set,R5,sub-NDARBH992ARB,11.4076,42.0,2.0,344.916,test,13.318962097167969
/workspace/hbn_subset/R5/download/sub-NDARBH992ARB/eeg/sub-NDARBH992ARB_task-RestingState_eeg.set,R5,sub-NDARBH992ARB,11.4076,44.0,2.0,344.916,test,11.858236312866211
/workspace/hbn_subset/R5/download/sub-NDARBH992ARB/eeg/sub-NDARBH992ARB_task-RestingState_eeg.set,R5,sub-NDARBH992ARB,11.4076,46.0,2.0,344.916,test,13.370351791381836
/workspace/hbn_subset/R5/download/sub-NDARBH992ARB/eeg/sub-NDARBH992ARB_task-RestingState_eeg.set,R5,sub-NDARBH992ARB,11.4076,48.0,2.0,344.916,test,12.698722839355469
/workspace/hbn_subset/R5/download/sub-NDARBH992ARB/eeg/sub-NDARBH992ARB_task-RestingState_eeg.set,R5,sub-NDARBH992ARB,11.4076,50.0,2.0,344.916,test,13.249224662780762
/workspace/hbn_subset/R5/download/sub-NDARBH992ARB/eeg/sub-NDARBH992ARB_task-RestingState_eeg.set,R5,sub-NDARBH992ARB,11.4076,52.0,2.0,344.916,test,12.74199390411377
/workspace/hbn_subset/R5/download/sub-NDARBH992ARB/eeg/sub-NDARBH992ARB_task-RestingState_eeg.set,R5,sub-NDARBH992ARB,11.4076,54.0,2.0,344.916,test,12.715373992919922
/workspace/hbn_subset/R5/download/sub-NDARBH992ARB/eeg/sub-NDARBH992ARB_task-RestingState_eeg.set,R5,sub-NDARBH992ARB,11.4076,56.0,2.0,344.916,test,13.56689453125
/workspace/hbn_subset/R5/download/sub-NDARBH992ARB/eeg/sub-NDARBH992ARB_task-RestingState_eeg.set,R5,sub-NDARBH992ARB,11.4076,58.0,2.0,344.916,test,14.626519203186035
/workspace/hbn_subset/R5/download/sub-NDARBH992ARB/eeg/sub-NDARBH992ARB_task-RestingState_eeg.set,R5,sub-NDARBH992ARB,11.4076,60.0,2.0,344.916,test,13.694275856018066
/workspace/hbn_subset/R5/download/sub-NDARBH992ARB/eeg/sub-NDARBH992ARB_task-RestingState_eeg.set,R5,sub-NDARBH992ARB,11.4076,62.0,2.0,344.916,test,14.76817512512207
/workspace/hbn_subset/R5/download/sub-NDARBH992ARB/eeg/sub-NDARBH992ARB_task-RestingState_eeg.set,R5,sub-NDARBH992ARB,11.4076,64.0,2.0,344.916,test,13.671270370483398
/workspace/hbn_subset/R5/download/sub-NDARBH992ARB/eeg/sub-NDARBH992ARB_task-RestingState_eeg.set,R5,sub-NDARBH992ARB,11.4076,66.0,2.0,344.916,test,15.906587600708008
/workspace/hbn_subset/R5/download/sub-NDARBH992ARB/eeg/sub-NDARBH992ARB_task-RestingState_eeg.set,R5,sub-NDARBH992ARB,11.4076,68.0,2.0,344.916,test,14.108528137207031
/workspace/hbn_subset/R5/download/sub-NDARBH992ARB/eeg/sub-NDARBH992ARB_task-RestingState_eeg.set,R5,sub-NDARBH992ARB,11.4076,70.0,2.0,344.916,test,14.351963996887207
/workspace/hbn_subset/R5/download/sub-NDARBH992ARB/eeg/sub-NDARBH992ARB_task-RestingState_eeg.set,R5,sub-NDARBH992ARB,11.4076,72.0,2.0,344.916,test,14.719654083251953
/workspace/hbn_subset/R5/download/sub-NDARBH992ARB/eeg/sub-NDARBH992ARB_task-RestingState_eeg.set,R5,sub-NDARBH992ARB,11.4076,74.0,2.0,344.916,test,14.225068092346191
/workspace/hbn_subset/R5/download/sub-NDARBH992ARB/eeg/sub-NDARBH992ARB_task-RestingState_eeg.set,R5,sub-NDARBH992ARB,11.4076,76.0,2.0,344.916,test,13.50639820098877
/workspace/hbn_subset/R5/download/sub-NDARBH992ARB/eeg/sub-NDARBH992ARB_task-RestingState_eeg.set,R5,sub-NDARBH992ARB,11.4076,78.0,2.0,344.916,test,13.161356925964355
/workspace/hbn_subset/R5/download/sub-NDARBH992ARB/eeg/sub-NDARBH992ARB_task-RestingState_eeg.set,R5,sub-NDARBH992ARB,11.4076,80.0,2.0,344.916,test,14.270743370056152
/workspace/hbn_subset/R5/download/sub-NDARBH992ARB/eeg/sub-NDARBH992ARB_task-RestingState_eeg.set,R5,sub-NDARBH992ARB,11.4076,82.0,2.0,344.916,test,14.161858558654785
/workspace/hbn_subset/R5/download/sub-NDARBH992ARB/eeg/sub-NDARBH992ARB_task-RestingState_eeg.set,R5,sub-NDARBH992ARB,11.4076,84.0,2.0,344.916,test,13.782383918762207
/workspace/hbn_subset/R5/download/sub-NDARBH992ARB/eeg/sub-NDARBH992ARB_task-RestingState_eeg.set,R5,sub-NDARBH992ARB,11.4076,86.0,2.0,344.916,test,14.410696983337402
/workspace/hbn_subset/R5/download/sub-NDARBH992ARB/eeg/sub-NDARBH992ARB_task-RestingState_eeg.set,R5,sub-NDARBH992ARB,11.4076,88.0,2.0,344.916,test,15.244450569152832
/workspace/hbn_subset/R5/download/sub-NDARBH992ARB/eeg/sub-NDARBH992ARB_task-RestingState_eeg.set,R5,sub-NDARBH992ARB,11.4076,90.0,2.0,344.916,test,15.098162651062012
/workspace/hbn_subset/R5/download/sub-NDARBH992ARB/eeg/sub-NDARBH992ARB_task-RestingState_eeg.set,R5,sub-NDARBH992ARB,11.4076,92.0,2.0,344.916,test,13.07968807220459
/workspace/hbn_subset/R5/download/sub-NDARBH992ARB/eeg/sub-NDARBH992ARB_task-RestingState_eeg.set,R5,sub-NDARBH992ARB,11.4076,94.0,2.0,344.916,test,12.916438102722168
/workspace/hbn_subset/R5/download/sub-NDARBH992ARB/eeg/sub-NDARBH992ARB_task-RestingState_eeg.set,R5,sub-NDARBH992ARB,11.4076,96.0,2.0,344.916,test,14.795808792114258
/workspace/hbn_subset/R5/download/sub-NDARBH992ARB/eeg/sub-NDARBH992ARB_task-RestingState_eeg.set,R5,sub-NDARBH992ARB,11.4076,98.0,2.0,344.916,test,15.274566650390625
/workspace/hbn_subset/R5/download/sub-NDARBH992ARB/eeg/sub-NDARBH992ARB_task-RestingState_eeg.set,R5,sub-NDARBH992ARB,11.4076,100.0,2.0,344.916,test,15.150471687316895
/workspace/hbn_subset/R5/download/sub-NDARBH992ARB/eeg/sub-NDARBH992ARB_task-RestingState_eeg.set,R5,sub-NDARBH992ARB,11.4076,102.0,2.0,344.916,test,14.888880729675293
/workspace/hbn_subset/R5/download/sub-NDARBH992ARB/eeg/sub-NDARBH992ARB_task-RestingState_eeg.set,R5,sub-NDARBH992ARB,11.4076,104.0,2.0,344.916,test,13.805908203125
/workspace/hbn_subset/R5/download/sub-NDARBH992ARB/eeg/sub-NDARBH992ARB_task-RestingState_eeg.set,R5,sub-NDARBH992ARB,11.4076,106.0,2.0,344.916,test,13.059774398803711
/workspace/hbn_subset/R5/download/sub-NDARBH992ARB/eeg/sub-NDARBH992ARB_task-RestingState_eeg.set,R5,sub-NDARBH992ARB,11.4076,108.0,2.0,344.916,test,13.121275901794434
/workspace/hbn_subset/R5/download/sub-NDARBH992ARB/eeg/sub-NDARBH992ARB_task-RestingState_eeg.set,R5,sub-NDARBH992ARB,11.4076,110.0,2.0,344.916,test,13.565508842468262
/workspace/hbn_subset/R5/download/sub-NDARBH992ARB/eeg/sub-NDARBH992ARB_task-RestingState_eeg.set,R5,sub-NDARBH992ARB,11.4076,112.0,2.0,344.916,test,13.626921653747559
/workspace/hbn_subset/R5/download/sub-NDARBH992ARB/eeg/sub-NDARBH992ARB_task-RestingState_eeg.set,R5,sub-NDARBH992ARB,11.4076,114.0,2.0,344.916,test,12.57454776763916
/workspace/hbn_subset/R5/download/sub-NDARBH992ARB/eeg/sub-NDARBH992ARB_task-RestingState_eeg.set,R5,sub-NDARBH992ARB,11.4076,116.0,2.0,344.916,test,13.04477310180664
/workspace/hbn_subset/R5/download/sub-NDARBH992ARB/eeg/sub-NDARBH992ARB_task-RestingState_eeg.set,R5,sub-NDARBH992ARB,11.4076,118.0,2.0,344.916,test,15.032968521118164
/workspace/hbn_subset/R5/download/sub-NDARBJ674TVU/eeg/sub-NDARBJ674TVU_task-RestingState_eeg.set,R5,sub-NDARBJ674TVU,8.2262,0.0,2.0,347.474,test,11.115301132202148
/workspace/hbn_subset/R5/download/sub-NDARBJ674TVU/eeg/sub-NDARBJ674TVU_task-RestingState_eeg.set,R5,sub-NDARBJ674TVU,8.2262,2.0,2.0,347.474,test,9.332375526428223
/workspace/hbn_subset/R5/download/sub-NDARBJ674TVU/eeg/sub-NDARBJ674TVU_task-RestingState_eeg.set,R5,sub-NDARBJ674TVU,8.2262,4.0,2.0,347.474,test,10.06202507019043
/workspace/hbn_subset/R5/download/sub-NDARBJ674TVU/eeg/sub-NDARBJ674TVU_task-RestingState_eeg.set,R5,sub-NDARBJ674TVU,8.2262,6.0,2.0,347.474,test,9.509969711303711
/workspace/hbn_subset/R5/download/sub-NDARBJ674TVU/eeg/sub-NDARBJ674TVU_task-RestingState_eeg.set,R5,sub-NDARBJ674TVU,8.2262,8.0,2.0,347.474,test,9.39733600616455
/workspace/hbn_subset/R5/download/sub-NDARBJ674TVU/eeg/sub-NDARBJ674TVU_task-RestingState_eeg.set,R5,sub-NDARBJ674TVU,8.2262,10.0,2.0,347.474,test,9.245819091796875
/workspace/hbn_subset/R5/download/sub-NDARBJ674TVU/eeg/sub-NDARBJ674TVU_task-RestingState_eeg.set,R5,sub-NDARBJ674TVU,8.2262,12.0,2.0,347.474,test,9.71457576751709
/workspace/hbn_subset/R5/download/sub-NDARBJ674TVU/eeg/sub-NDARBJ674TVU_task-RestingState_eeg.set,R5,sub-NDARBJ674TVU,8.2262,14.0,2.0,347.474,test,9.218379974365234
/workspace/hbn_subset/R5/download/sub-NDARBJ674TVU/eeg/sub-NDARBJ674TVU_task-RestingState_eeg.set,R5,sub-NDARBJ674TVU,8.2262,16.0,2.0,347.474,test,8.000232696533203
/workspace/hbn_subset/R5/download/sub-NDARBJ674TVU/eeg/sub-NDARBJ674TVU_task-RestingState_eeg.set,R5,sub-NDARBJ674TVU,8.2262,18.0,2.0,347.474,test,8.502494812011719
/workspace/hbn_subset/R5/download/sub-NDARBJ674TVU/eeg/sub-NDARBJ674TVU_task-RestingState_eeg.set,R5,sub-NDARBJ674TVU,8.2262,20.0,2.0,347.474,test,8.461573600769043
/workspace/hbn_subset/R5/download/sub-NDARBJ674TVU/eeg/sub-NDARBJ674TVU_task-RestingState_eeg.set,R5,sub-NDARBJ674TVU,8.2262,22.0,2.0,347.474,test,8.961684226989746
/workspace/hbn_subset/R5/download/sub-NDARBJ674TVU/eeg/sub-NDARBJ674TVU_task-RestingState_eeg.set,R5,sub-NDARBJ674TVU,8.2262,24.0,2.0,347.474,test,7.818497180938721
/workspace/hbn_subset/R5/download/sub-NDARBJ674TVU/eeg/sub-NDARBJ674TVU_task-RestingState_eeg.set,R5,sub-NDARBJ674TVU,8.2262,26.0,2.0,347.474,test,9.266762733459473
/workspace/hbn_subset/R5/download/sub-NDARBJ674TVU/eeg/sub-NDARBJ674TVU_task-RestingState_eeg.set,R5,sub-NDARBJ674TVU,8.2262,28.0,2.0,347.474,test,8.322464942932129
/workspace/hbn_subset/R5/download/sub-NDARBJ674TVU/eeg/sub-NDARBJ674TVU_task-RestingState_eeg.set,R5,sub-NDARBJ674TVU,8.2262,30.0,2.0,347.474,test,8.985956192016602
/workspace/hbn_subset/R5/download/sub-NDARBJ674TVU/eeg/sub-NDARBJ674TVU_task-RestingState_eeg.set,R5,sub-NDARBJ674TVU,8.2262,32.0,2.0,347.474,test,8.690707206726074
/workspace/hbn_subset/R5/download/sub-NDARBJ674TVU/eeg/sub-NDARBJ674TVU_task-RestingState_eeg.set,R5,sub-NDARBJ674TVU,8.2262,34.0,2.0,347.474,test,9.294894218444824
/workspace/hbn_subset/R5/download/sub-NDARBJ674TVU/eeg/sub-NDARBJ674TVU_task-RestingState_eeg.set,R5,sub-NDARBJ674TVU,8.2262,36.0,2.0,347.474,test,9.820673942565918
/workspace/hbn_subset/R5/download/sub-NDARBJ674TVU/eeg/sub-NDARBJ674TVU_task-RestingState_eeg.set,R5,sub-NDARBJ674TVU,8.2262,38.0,2.0,347.474,test,8.007044792175293
/workspace/hbn_subset/R5/download/sub-NDARBJ674TVU/eeg/sub-NDARBJ674TVU_task-RestingState_eeg.set,R5,sub-NDARBJ674TVU,8.2262,40.0,2.0,347.474,test,9.054693222045898
/workspace/hbn_subset/R5/download/sub-NDARBJ674TVU/eeg/sub-NDARBJ674TVU_task-RestingState_eeg.set,R5,sub-NDARBJ674TVU,8.2262,42.0,2.0,347.474,test,9.607358932495117
/workspace/hbn_subset/R5/download/sub-NDARBJ674TVU/eeg/sub-NDARBJ674TVU_task-RestingState_eeg.set,R5,sub-NDARBJ674TVU,8.2262,44.0,2.0,347.474,test,9.283747673034668
/workspace/hbn_subset/R5/download/sub-NDARBJ674TVU/eeg/sub-NDARBJ674TVU_task-RestingState_eeg.set,R5,sub-NDARBJ674TVU,8.2262,46.0,2.0,347.474,test,9.500248908996582
/workspace/hbn_subset/R5/download/sub-NDARBJ674TVU/eeg/sub-NDARBJ674TVU_task-RestingState_eeg.set,R5,sub-NDARBJ674TVU,8.2262,48.0,2.0,347.474,test,9.18526554107666
/workspace/hbn_subset/R5/download/sub-NDARBJ674TVU/eeg/sub-NDARBJ674TVU_task-RestingState_eeg.set,R5,sub-NDARBJ674TVU,8.2262,50.0,2.0,347.474,test,9.320048332214355
/workspace/hbn_subset/R5/download/sub-NDARBJ674TVU/eeg/sub-NDARBJ674TVU_task-RestingState_eeg.set,R5,sub-NDARBJ674TVU,8.2262,52.0,2.0,347.474,test,8.475741386413574
/workspace/hbn_subset/R5/download/sub-NDARBJ674TVU/eeg/sub-NDARBJ674TVU_task-RestingState_eeg.set,R5,sub-NDARBJ674TVU,8.2262,54.0,2.0,347.474,test,9.186507225036621
/workspace/hbn_subset/R5/download/sub-NDARBJ674TVU/eeg/sub-NDARBJ674TVU_task-RestingState_eeg.set,R5,sub-NDARBJ674TVU,8.2262,56.0,2.0,347.474,test,8.603866577148438
/workspace/hbn_subset/R5/download/sub-NDARBJ674TVU/eeg/sub-NDARBJ674TVU_task-RestingState_eeg.set,R5,sub-NDARBJ674TVU,8.2262,58.0,2.0,347.474,test,9.969504356384277
/workspace/hbn_subset/R5/download/sub-NDARBJ674TVU/eeg/sub-NDARBJ674TVU_task-RestingState_eeg.set,R5,sub-NDARBJ674TVU,8.2262,60.0,2.0,347.474,test,8.72943115234375
/workspace/hbn_subset/R5/download/sub-NDARBJ674TVU/eeg/sub-NDARBJ674TVU_task-RestingState_eeg.set,R5,sub-NDARBJ674TVU,8.2262,62.0,2.0,347.474,test,8.530704498291016
/workspace/hbn_subset/R5/download/sub-NDARBJ674TVU/eeg/sub-NDARBJ674TVU_task-RestingState_eeg.set,R5,sub-NDARBJ674TVU,8.2262,64.0,2.0,347.474,test,17.096664428710938
/workspace/hbn_subset/R5/download/sub-NDARBJ674TVU/eeg/sub-NDARBJ674TVU_task-RestingState_eeg.set,R5,sub-NDARBJ674TVU,8.2262,66.0,2.0,347.474,test,8.735480308532715
/workspace/hbn_subset/R5/download/sub-NDARBJ674TVU/eeg/sub-NDARBJ674TVU_task-RestingState_eeg.set,R5,sub-NDARBJ674TVU,8.2262,68.0,2.0,347.474,test,7.744335651397705
/workspace/hbn_subset/R5/download/sub-NDARBJ674TVU/eeg/sub-NDARBJ674TVU_task-RestingState_eeg.set,R5,sub-NDARBJ674TVU,8.2262,70.0,2.0,347.474,test,11.803812980651855
/workspace/hbn_subset/R5/download/sub-NDARBJ674TVU/eeg/sub-NDARBJ674TVU_task-RestingState_eeg.set,R5,sub-NDARBJ674TVU,8.2262,72.0,2.0,347.474,test,9.58442211151123
/workspace/hbn_subset/R5/download/sub-NDARBJ674TVU/eeg/sub-NDARBJ674TVU_task-RestingState_eeg.set,R5,sub-NDARBJ674TVU,8.2262,74.0,2.0,347.474,test,8.71919059753418
/workspace/hbn_subset/R5/download/sub-NDARBJ674TVU/eeg/sub-NDARBJ674TVU_task-RestingState_eeg.set,R5,sub-NDARBJ674TVU,8.2262,76.0,2.0,347.474,test,10.043972969055176
/workspace/hbn_subset/R5/download/sub-NDARBJ674TVU/eeg/sub-NDARBJ674TVU_task-RestingState_eeg.set,R5,sub-NDARBJ674TVU,8.2262,78.0,2.0,347.474,test,9.177978515625
/workspace/hbn_subset/R5/download/sub-NDARBJ674TVU/eeg/sub-NDARBJ674TVU_task-RestingState_eeg.set,R5,sub-NDARBJ674TVU,8.2262,80.0,2.0,347.474,test,9.38429069519043
/workspace/hbn_subset/R5/download/sub-NDARBJ674TVU/eeg/sub-NDARBJ674TVU_task-RestingState_eeg.set,R5,sub-NDARBJ674TVU,8.2262,82.0,2.0,347.474,test,8.841715812683105
/workspace/hbn_subset/R5/download/sub-NDARBJ674TVU/eeg/sub-NDARBJ674TVU_task-RestingState_eeg.set,R5,sub-NDARBJ674TVU,8.2262,84.0,2.0,347.474,test,9.741003036499023
/workspace/hbn_subset/R5/download/sub-NDARBJ674TVU/eeg/sub-NDARBJ674TVU_task-RestingState_eeg.set,R5,sub-NDARBJ674TVU,8.2262,86.0,2.0,347.474,test,8.566391944885254
/workspace/hbn_subset/R5/download/sub-NDARBJ674TVU/eeg/sub-NDARBJ674TVU_task-RestingState_eeg.set,R5,sub-NDARBJ674TVU,8.2262,88.0,2.0,347.474,test,9.688976287841797
/workspace/hbn_subset/R5/download/sub-NDARBJ674TVU/eeg/sub-NDARBJ674TVU_task-RestingState_eeg.set,R5,sub-NDARBJ674TVU,8.2262,90.0,2.0,347.474,test,8.872674942016602
/workspace/hbn_subset/R5/download/sub-NDARBJ674TVU/eeg/sub-NDARBJ674TVU_task-RestingState_eeg.set,R5,sub-NDARBJ674TVU,8.2262,92.0,2.0,347.474,test,9.220183372497559
/workspace/hbn_subset/R5/download/sub-NDARBJ674TVU/eeg/sub-NDARBJ674TVU_task-RestingState_eeg.set,R5,sub-NDARBJ674TVU,8.2262,94.0,2.0,347.474,test,8.818860054016113
/workspace/hbn_subset/R5/download/sub-NDARBJ674TVU/eeg/sub-NDARBJ674TVU_task-RestingState_eeg.set,R5,sub-NDARBJ674TVU,8.2262,96.0,2.0,347.474,test,7.748193740844727
/workspace/hbn_subset/R5/download/sub-NDARBJ674TVU/eeg/sub-NDARBJ674TVU_task-RestingState_eeg.set,R5,sub-NDARBJ674TVU,8.2262,98.0,2.0,347.474,test,8.656486511230469
/workspace/hbn_subset/R5/download/sub-NDARBJ674TVU/eeg/sub-NDARBJ674TVU_task-RestingState_eeg.set,R5,sub-NDARBJ674TVU,8.2262,100.0,2.0,347.474,test,9.000555038452148
/workspace/hbn_subset/R5/download/sub-NDARBJ674TVU/eeg/sub-NDARBJ674TVU_task-RestingState_eeg.set,R5,sub-NDARBJ674TVU,8.2262,102.0,2.0,347.474,test,8.892109870910645
/workspace/hbn_subset/R5/download/sub-NDARBJ674TVU/eeg/sub-NDARBJ674TVU_task-RestingState_eeg.set,R5,sub-NDARBJ674TVU,8.2262,104.0,2.0,347.474,test,7.665872573852539
/workspace/hbn_subset/R5/download/sub-NDARBJ674TVU/eeg/sub-NDARBJ674TVU_task-RestingState_eeg.set,R5,sub-NDARBJ674TVU,8.2262,106.0,2.0,347.474,test,8.291600227355957
/workspace/hbn_subset/R5/download/sub-NDARBJ674TVU/eeg/sub-NDARBJ674TVU_task-RestingState_eeg.set,R5,sub-NDARBJ674TVU,8.2262,108.0,2.0,347.474,test,8.33568000793457
/workspace/hbn_subset/R5/download/sub-NDARBJ674TVU/eeg/sub-NDARBJ674TVU_task-RestingState_eeg.set,R5,sub-NDARBJ674TVU,8.2262,110.0,2.0,347.474,test,8.433355331420898
/workspace/hbn_subset/R5/download/sub-NDARBJ674TVU/eeg/sub-NDARBJ674TVU_task-RestingState_eeg.set,R5,sub-NDARBJ674TVU,8.2262,112.0,2.0,347.474,test,8.836480140686035
/workspace/hbn_subset/R5/download/sub-NDARBJ674TVU/eeg/sub-NDARBJ674TVU_task-RestingState_eeg.set,R5,sub-NDARBJ674TVU,8.2262,114.0,2.0,347.474,test,7.794360637664795
/workspace/hbn_subset/R5/download/sub-NDARBJ674TVU/eeg/sub-NDARBJ674TVU_task-RestingState_eeg.set,R5,sub-NDARBJ674TVU,8.2262,116.0,2.0,347.474,test,9.440884590148926
/workspace/hbn_subset/R5/download/sub-NDARBJ674TVU/eeg/sub-NDARBJ674TVU_task-RestingState_eeg.set,R5,sub-NDARBJ674TVU,8.2262,118.0,2.0,347.474,test,8.65835189819336
/workspace/hbn_subset/R5/download/sub-NDARBK638HLZ/eeg/sub-NDARBK638HLZ_task-RestingState_eeg.set,R5,sub-NDARBK638HLZ,8.8087,0.0,2.0,347.318,test,7.267289638519287
/workspace/hbn_subset/R5/download/sub-NDARBK638HLZ/eeg/sub-NDARBK638HLZ_task-RestingState_eeg.set,R5,sub-NDARBK638HLZ,8.8087,2.0,2.0,347.318,test,8.38551139831543
/workspace/hbn_subset/R5/download/sub-NDARBK638HLZ/eeg/sub-NDARBK638HLZ_task-RestingState_eeg.set,R5,sub-NDARBK638HLZ,8.8087,4.0,2.0,347.318,test,9.212742805480957
/workspace/hbn_subset/R5/download/sub-NDARBK638HLZ/eeg/sub-NDARBK638HLZ_task-RestingState_eeg.set,R5,sub-NDARBK638HLZ,8.8087,6.0,2.0,347.318,test,8.454647064208984
/workspace/hbn_subset/R5/download/sub-NDARBK638HLZ/eeg/sub-NDARBK638HLZ_task-RestingState_eeg.set,R5,sub-NDARBK638HLZ,8.8087,8.0,2.0,347.318,test,6.720373153686523
/workspace/hbn_subset/R5/download/sub-NDARBK638HLZ/eeg/sub-NDARBK638HLZ_task-RestingState_eeg.set,R5,sub-NDARBK638HLZ,8.8087,10.0,2.0,347.318,test,6.9730119705200195
/workspace/hbn_subset/R5/download/sub-NDARBK638HLZ/eeg/sub-NDARBK638HLZ_task-RestingState_eeg.set,R5,sub-NDARBK638HLZ,8.8087,12.0,2.0,347.318,test,8.481130599975586
/workspace/hbn_subset/R5/download/sub-NDARBK638HLZ/eeg/sub-NDARBK638HLZ_task-RestingState_eeg.set,R5,sub-NDARBK638HLZ,8.8087,14.0,2.0,347.318,test,7.8338541984558105
/workspace/hbn_subset/R5/download/sub-NDARBK638HLZ/eeg/sub-NDARBK638HLZ_task-RestingState_eeg.set,R5,sub-NDARBK638HLZ,8.8087,16.0,2.0,347.318,test,7.920987129211426
/workspace/hbn_subset/R5/download/sub-NDARBK638HLZ/eeg/sub-NDARBK638HLZ_task-RestingState_eeg.set,R5,sub-NDARBK638HLZ,8.8087,18.0,2.0,347.318,test,8.608522415161133
/workspace/hbn_subset/R5/download/sub-NDARBK638HLZ/eeg/sub-NDARBK638HLZ_task-RestingState_eeg.set,R5,sub-NDARBK638HLZ,8.8087,20.0,2.0,347.318,test,7.841724872589111
/workspace/hbn_subset/R5/download/sub-NDARBK638HLZ/eeg/sub-NDARBK638HLZ_task-RestingState_eeg.set,R5,sub-NDARBK638HLZ,8.8087,22.0,2.0,347.318,test,8.98361587524414
/workspace/hbn_subset/R5/download/sub-NDARBK638HLZ/eeg/sub-NDARBK638HLZ_task-RestingState_eeg.set,R5,sub-NDARBK638HLZ,8.8087,24.0,2.0,347.318,test,8.200243949890137
/workspace/hbn_subset/R5/download/sub-NDARBK638HLZ/eeg/sub-NDARBK638HLZ_task-RestingState_eeg.set,R5,sub-NDARBK638HLZ,8.8087,26.0,2.0,347.318,test,8.450918197631836
/workspace/hbn_subset/R5/download/sub-NDARBK638HLZ/eeg/sub-NDARBK638HLZ_task-RestingState_eeg.set,R5,sub-NDARBK638HLZ,8.8087,28.0,2.0,347.318,test,9.467101097106934
/workspace/hbn_subset/R5/download/sub-NDARBK638HLZ/eeg/sub-NDARBK638HLZ_task-RestingState_eeg.set,R5,sub-NDARBK638HLZ,8.8087,30.0,2.0,347.318,test,9.660056114196777
/workspace/hbn_subset/R5/download/sub-NDARBK638HLZ/eeg/sub-NDARBK638HLZ_task-RestingState_eeg.set,R5,sub-NDARBK638HLZ,8.8087,32.0,2.0,347.318,test,6.672724723815918
/workspace/hbn_subset/R5/download/sub-NDARBK638HLZ/eeg/sub-NDARBK638HLZ_task-RestingState_eeg.set,R5,sub-NDARBK638HLZ,8.8087,34.0,2.0,347.318,test,7.832539081573486
/workspace/hbn_subset/R5/download/sub-NDARBK638HLZ/eeg/sub-NDARBK638HLZ_task-RestingState_eeg.set,R5,sub-NDARBK638HLZ,8.8087,36.0,2.0,347.318,test,7.728888511657715
/workspace/hbn_subset/R5/download/sub-NDARBK638HLZ/eeg/sub-NDARBK638HLZ_task-RestingState_eeg.set,R5,sub-NDARBK638HLZ,8.8087,38.0,2.0,347.318,test,7.663508892059326
/workspace/hbn_subset/R5/download/sub-NDARBK638HLZ/eeg/sub-NDARBK638HLZ_task-RestingState_eeg.set,R5,sub-NDARBK638HLZ,8.8087,40.0,2.0,347.318,test,7.468369960784912
/workspace/hbn_subset/R5/download/sub-NDARBK638HLZ/eeg/sub-NDARBK638HLZ_task-RestingState_eeg.set,R5,sub-NDARBK638HLZ,8.8087,42.0,2.0,347.318,test,7.81981897354126
/workspace/hbn_subset/R5/download/sub-NDARBK638HLZ/eeg/sub-NDARBK638HLZ_task-RestingState_eeg.set,R5,sub-NDARBK638HLZ,8.8087,44.0,2.0,347.318,test,7.123566150665283
/workspace/hbn_subset/R5/download/sub-NDARBK638HLZ/eeg/sub-NDARBK638HLZ_task-RestingState_eeg.set,R5,sub-NDARBK638HLZ,8.8087,46.0,2.0,347.318,test,8.230707168579102
/workspace/hbn_subset/R5/download/sub-NDARBK638HLZ/eeg/sub-NDARBK638HLZ_task-RestingState_eeg.set,R5,sub-NDARBK638HLZ,8.8087,48.0,2.0,347.318,test,8.231832504272461
/workspace/hbn_subset/R5/download/sub-NDARBK638HLZ/eeg/sub-NDARBK638HLZ_task-RestingState_eeg.set,R5,sub-NDARBK638HLZ,8.8087,50.0,2.0,347.318,test,7.709958076477051
/workspace/hbn_subset/R5/download/sub-NDARBK638HLZ/eeg/sub-NDARBK638HLZ_task-RestingState_eeg.set,R5,sub-NDARBK638HLZ,8.8087,52.0,2.0,347.318,test,12.515357971191406
/workspace/hbn_subset/R5/download/sub-NDARBK638HLZ/eeg/sub-NDARBK638HLZ_task-RestingState_eeg.set,R5,sub-NDARBK638HLZ,8.8087,54.0,2.0,347.318,test,7.780782222747803
/workspace/hbn_subset/R5/download/sub-NDARBK638HLZ/eeg/sub-NDARBK638HLZ_task-RestingState_eeg.set,R5,sub-NDARBK638HLZ,8.8087,56.0,2.0,347.318,test,8.037151336669922
/workspace/hbn_subset/R5/download/sub-NDARBK638HLZ/eeg/sub-NDARBK638HLZ_task-RestingState_eeg.set,R5,sub-NDARBK638HLZ,8.8087,58.0,2.0,347.318,test,8.389411926269531
/workspace/hbn_subset/R5/download/sub-NDARBK638HLZ/eeg/sub-NDARBK638HLZ_task-RestingState_eeg.set,R5,sub-NDARBK638HLZ,8.8087,60.0,2.0,347.318,test,7.945766448974609
/workspace/hbn_subset/R5/download/sub-NDARBK638HLZ/eeg/sub-NDARBK638HLZ_task-RestingState_eeg.set,R5,sub-NDARBK638HLZ,8.8087,62.0,2.0,347.318,test,8.559045791625977
/workspace/hbn_subset/R5/download/sub-NDARBK638HLZ/eeg/sub-NDARBK638HLZ_task-RestingState_eeg.set,R5,sub-NDARBK638HLZ,8.8087,64.0,2.0,347.318,test,8.670817375183105
/workspace/hbn_subset/R5/download/sub-NDARBK638HLZ/eeg/sub-NDARBK638HLZ_task-RestingState_eeg.set,R5,sub-NDARBK638HLZ,8.8087,66.0,2.0,347.318,test,8.061574935913086
/workspace/hbn_subset/R5/download/sub-NDARBK638HLZ/eeg/sub-NDARBK638HLZ_task-RestingState_eeg.set,R5,sub-NDARBK638HLZ,8.8087,68.0,2.0,347.318,test,7.355546474456787
/workspace/hbn_subset/R5/download/sub-NDARBK638HLZ/eeg/sub-NDARBK638HLZ_task-RestingState_eeg.set,R5,sub-NDARBK638HLZ,8.8087,70.0,2.0,347.318,test,7.489351749420166
/workspace/hbn_subset/R5/download/sub-NDARBK638HLZ/eeg/sub-NDARBK638HLZ_task-RestingState_eeg.set,R5,sub-NDARBK638HLZ,8.8087,72.0,2.0,347.318,test,8.815852165222168
/workspace/hbn_subset/R5/download/sub-NDARBK638HLZ/eeg/sub-NDARBK638HLZ_task-RestingState_eeg.set,R5,sub-NDARBK638HLZ,8.8087,74.0,2.0,347.318,test,7.350759029388428
/workspace/hbn_subset/R5/download/sub-NDARBK638HLZ/eeg/sub-NDARBK638HLZ_task-RestingState_eeg.set,R5,sub-NDARBK638HLZ,8.8087,76.0,2.0,347.318,test,8.666351318359375
/workspace/hbn_subset/R5/download/sub-NDARBK638HLZ/eeg/sub-NDARBK638HLZ_task-RestingState_eeg.set,R5,sub-NDARBK638HLZ,8.8087,78.0,2.0,347.318,test,7.384944438934326
/workspace/hbn_subset/R5/download/sub-NDARBK638HLZ/eeg/sub-NDARBK638HLZ_task-RestingState_eeg.set,R5,sub-NDARBK638HLZ,8.8087,80.0,2.0,347.318,test,7.645306587219238
/workspace/hbn_subset/R5/download/sub-NDARBK638HLZ/eeg/sub-NDARBK638HLZ_task-RestingState_eeg.set,R5,sub-NDARBK638HLZ,8.8087,82.0,2.0,347.318,test,7.760146617889404
/workspace/hbn_subset/R5/download/sub-NDARBK638HLZ/eeg/sub-NDARBK638HLZ_task-RestingState_eeg.set,R5,sub-NDARBK638HLZ,8.8087,84.0,2.0,347.318,test,7.62188720703125
/workspace/hbn_subset/R5/download/sub-NDARBK638HLZ/eeg/sub-NDARBK638HLZ_task-RestingState_eeg.set,R5,sub-NDARBK638HLZ,8.8087,86.0,2.0,347.318,test,7.946457386016846
/workspace/hbn_subset/R5/download/sub-NDARBK638HLZ/eeg/sub-NDARBK638HLZ_task-RestingState_eeg.set,R5,sub-NDARBK638HLZ,8.8087,88.0,2.0,347.318,test,7.932643890380859
/workspace/hbn_subset/R5/download/sub-NDARBK638HLZ/eeg/sub-NDARBK638HLZ_task-RestingState_eeg.set,R5,sub-NDARBK638HLZ,8.8087,90.0,2.0,347.318,test,7.533425807952881
/workspace/hbn_subset/R5/download/sub-NDARBK638HLZ/eeg/sub-NDARBK638HLZ_task-RestingState_eeg.set,R5,sub-NDARBK638HLZ,8.8087,92.0,2.0,347.318,test,6.443511009216309
/workspace/hbn_subset/R5/download/sub-NDARBK638HLZ/eeg/sub-NDARBK638HLZ_task-RestingState_eeg.set,R5,sub-NDARBK638HLZ,8.8087,94.0,2.0,347.318,test,9.103943824768066
/workspace/hbn_subset/R5/download/sub-NDARBK638HLZ/eeg/sub-NDARBK638HLZ_task-RestingState_eeg.set,R5,sub-NDARBK638HLZ,8.8087,96.0,2.0,347.318,test,7.883571624755859
/workspace/hbn_subset/R5/download/sub-NDARBK638HLZ/eeg/sub-NDARBK638HLZ_task-RestingState_eeg.set,R5,sub-NDARBK638HLZ,8.8087,98.0,2.0,347.318,test,6.466052532196045
/workspace/hbn_subset/R5/download/sub-NDARBK638HLZ/eeg/sub-NDARBK638HLZ_task-RestingState_eeg.set,R5,sub-NDARBK638HLZ,8.8087,100.0,2.0,347.318,test,7.7112956047058105
/workspace/hbn_subset/R5/download/sub-NDARBK638HLZ/eeg/sub-NDARBK638HLZ_task-RestingState_eeg.set,R5,sub-NDARBK638HLZ,8.8087,102.0,2.0,347.318,test,9.022604942321777
/workspace/hbn_subset/R5/download/sub-NDARBK638HLZ/eeg/sub-NDARBK638HLZ_task-RestingState_eeg.set,R5,sub-NDARBK638HLZ,8.8087,104.0,2.0,347.318,test,7.644475936889648
/workspace/hbn_subset/R5/download/sub-NDARBK638HLZ/eeg/sub-NDARBK638HLZ_task-RestingState_eeg.set,R5,sub-NDARBK638HLZ,8.8087,106.0,2.0,347.318,test,8.255589485168457
/workspace/hbn_subset/R5/download/sub-NDARBK638HLZ/eeg/sub-NDARBK638HLZ_task-RestingState_eeg.set,R5,sub-NDARBK638HLZ,8.8087,108.0,2.0,347.318,test,7.098316669464111
/workspace/hbn_subset/R5/download/sub-NDARBK638HLZ/eeg/sub-NDARBK638HLZ_task-RestingState_eeg.set,R5,sub-NDARBK638HLZ,8.8087,110.0,2.0,347.318,test,7.213118553161621
/workspace/hbn_subset/R5/download/sub-NDARBK638HLZ/eeg/sub-NDARBK638HLZ_task-RestingState_eeg.set,R5,sub-NDARBK638HLZ,8.8087,112.0,2.0,347.318,test,7.381789684295654
/workspace/hbn_subset/R5/download/sub-NDARBK638HLZ/eeg/sub-NDARBK638HLZ_task-RestingState_eeg.set,R5,sub-NDARBK638HLZ,8.8087,114.0,2.0,347.318,test,9.29499626159668
/workspace/hbn_subset/R5/download/sub-NDARBK638HLZ/eeg/sub-NDARBK638HLZ_task-RestingState_eeg.set,R5,sub-NDARBK638HLZ,8.8087,116.0,2.0,347.318,test,7.51249361038208
/workspace/hbn_subset/R5/download/sub-NDARBK638HLZ/eeg/sub-NDARBK638HLZ_task-RestingState_eeg.set,R5,sub-NDARBK638HLZ,8.8087,118.0,2.0,347.318,test,7.972846031188965
/workspace/hbn_subset/R5/download/sub-NDARBL214YLX/eeg/sub-NDARBL214YLX_task-RestingState_eeg.set,R5,sub-NDARBL214YLX,6.2189,0.0,2.0,356.828,test,6.588637351989746
/workspace/hbn_subset/R5/download/sub-NDARBL214YLX/eeg/sub-NDARBL214YLX_task-RestingState_eeg.set,R5,sub-NDARBL214YLX,6.2189,2.0,2.0,356.828,test,7.529358386993408
/workspace/hbn_subset/R5/download/sub-NDARBL214YLX/eeg/sub-NDARBL214YLX_task-RestingState_eeg.set,R5,sub-NDARBL214YLX,6.2189,4.0,2.0,356.828,test,7.61489200592041
/workspace/hbn_subset/R5/download/sub-NDARBL214YLX/eeg/sub-NDARBL214YLX_task-RestingState_eeg.set,R5,sub-NDARBL214YLX,6.2189,6.0,2.0,356.828,test,6.933253288269043
/workspace/hbn_subset/R5/download/sub-NDARBL214YLX/eeg/sub-NDARBL214YLX_task-RestingState_eeg.set,R5,sub-NDARBL214YLX,6.2189,8.0,2.0,356.828,test,7.227047443389893
/workspace/hbn_subset/R5/download/sub-NDARBL214YLX/eeg/sub-NDARBL214YLX_task-RestingState_eeg.set,R5,sub-NDARBL214YLX,6.2189,10.0,2.0,356.828,test,7.222407341003418
/workspace/hbn_subset/R5/download/sub-NDARBL214YLX/eeg/sub-NDARBL214YLX_task-RestingState_eeg.set,R5,sub-NDARBL214YLX,6.2189,12.0,2.0,356.828,test,7.585801601409912
/workspace/hbn_subset/R5/download/sub-NDARBL214YLX/eeg/sub-NDARBL214YLX_task-RestingState_eeg.set,R5,sub-NDARBL214YLX,6.2189,14.0,2.0,356.828,test,7.751253128051758
/workspace/hbn_subset/R5/download/sub-NDARBL214YLX/eeg/sub-NDARBL214YLX_task-RestingState_eeg.set,R5,sub-NDARBL214YLX,6.2189,16.0,2.0,356.828,test,8.119388580322266
/workspace/hbn_subset/R5/download/sub-NDARBL214YLX/eeg/sub-NDARBL214YLX_task-RestingState_eeg.set,R5,sub-NDARBL214YLX,6.2189,18.0,2.0,356.828,test,9.430471420288086
/workspace/hbn_subset/R5/download/sub-NDARBL214YLX/eeg/sub-NDARBL214YLX_task-RestingState_eeg.set,R5,sub-NDARBL214YLX,6.2189,20.0,2.0,356.828,test,9.939555168151855
/workspace/hbn_subset/R5/download/sub-NDARBL214YLX/eeg/sub-NDARBL214YLX_task-RestingState_eeg.set,R5,sub-NDARBL214YLX,6.2189,22.0,2.0,356.828,test,8.22011661529541
/workspace/hbn_subset/R5/download/sub-NDARBL214YLX/eeg/sub-NDARBL214YLX_task-RestingState_eeg.set,R5,sub-NDARBL214YLX,6.2189,24.0,2.0,356.828,test,7.22614049911499
/workspace/hbn_subset/R5/download/sub-NDARBL214YLX/eeg/sub-NDARBL214YLX_task-RestingState_eeg.set,R5,sub-NDARBL214YLX,6.2189,26.0,2.0,356.828,test,6.939743518829346
/workspace/hbn_subset/R5/download/sub-NDARBL214YLX/eeg/sub-NDARBL214YLX_task-RestingState_eeg.set,R5,sub-NDARBL214YLX,6.2189,28.0,2.0,356.828,test,7.344750881195068
/workspace/hbn_subset/R5/download/sub-NDARBL214YLX/eeg/sub-NDARBL214YLX_task-RestingState_eeg.set,R5,sub-NDARBL214YLX,6.2189,30.0,2.0,356.828,test,7.118564128875732
/workspace/hbn_subset/R5/download/sub-NDARBL214YLX/eeg/sub-NDARBL214YLX_task-RestingState_eeg.set,R5,sub-NDARBL214YLX,6.2189,32.0,2.0,356.828,test,8.001986503601074
/workspace/hbn_subset/R5/download/sub-NDARBL214YLX/eeg/sub-NDARBL214YLX_task-RestingState_eeg.set,R5,sub-NDARBL214YLX,6.2189,34.0,2.0,356.828,test,7.499164581298828
/workspace/hbn_subset/R5/download/sub-NDARBL214YLX/eeg/sub-NDARBL214YLX_task-RestingState_eeg.set,R5,sub-NDARBL214YLX,6.2189,36.0,2.0,356.828,test,7.662712097167969
/workspace/hbn_subset/R5/download/sub-NDARBL214YLX/eeg/sub-NDARBL214YLX_task-RestingState_eeg.set,R5,sub-NDARBL214YLX,6.2189,38.0,2.0,356.828,test,7.945424556732178
/workspace/hbn_subset/R5/download/sub-NDARBL214YLX/eeg/sub-NDARBL214YLX_task-RestingState_eeg.set,R5,sub-NDARBL214YLX,6.2189,40.0,2.0,356.828,test,7.528183937072754
/workspace/hbn_subset/R5/download/sub-NDARBL214YLX/eeg/sub-NDARBL214YLX_task-RestingState_eeg.set,R5,sub-NDARBL214YLX,6.2189,42.0,2.0,356.828,test,8.533577919006348
/workspace/hbn_subset/R5/download/sub-NDARBL214YLX/eeg/sub-NDARBL214YLX_task-RestingState_eeg.set,R5,sub-NDARBL214YLX,6.2189,44.0,2.0,356.828,test,7.369165897369385
/workspace/hbn_subset/R5/download/sub-NDARBL214YLX/eeg/sub-NDARBL214YLX_task-RestingState_eeg.set,R5,sub-NDARBL214YLX,6.2189,46.0,2.0,356.828,test,7.307460784912109
/workspace/hbn_subset/R5/download/sub-NDARBL214YLX/eeg/sub-NDARBL214YLX_task-RestingState_eeg.set,R5,sub-NDARBL214YLX,6.2189,48.0,2.0,356.828,test,7.959371566772461
/workspace/hbn_subset/R5/download/sub-NDARBL214YLX/eeg/sub-NDARBL214YLX_task-RestingState_eeg.set,R5,sub-NDARBL214YLX,6.2189,50.0,2.0,356.828,test,6.997359752655029
/workspace/hbn_subset/R5/download/sub-NDARBL214YLX/eeg/sub-NDARBL214YLX_task-RestingState_eeg.set,R5,sub-NDARBL214YLX,6.2189,52.0,2.0,356.828,test,7.822843551635742
/workspace/hbn_subset/R5/download/sub-NDARBL214YLX/eeg/sub-NDARBL214YLX_task-RestingState_eeg.set,R5,sub-NDARBL214YLX,6.2189,54.0,2.0,356.828,test,7.269344329833984
/workspace/hbn_subset/R5/download/sub-NDARBL214YLX/eeg/sub-NDARBL214YLX_task-RestingState_eeg.set,R5,sub-NDARBL214YLX,6.2189,56.0,2.0,356.828,test,7.4466681480407715
/workspace/hbn_subset/R5/download/sub-NDARBL214YLX/eeg/sub-NDARBL214YLX_task-RestingState_eeg.set,R5,sub-NDARBL214YLX,6.2189,58.0,2.0,356.828,test,7.29079008102417
/workspace/hbn_subset/R5/download/sub-NDARBL214YLX/eeg/sub-NDARBL214YLX_task-RestingState_eeg.set,R5,sub-NDARBL214YLX,6.2189,60.0,2.0,356.828,test,8.645784378051758
/workspace/hbn_subset/R5/download/sub-NDARBL214YLX/eeg/sub-NDARBL214YLX_task-RestingState_eeg.set,R5,sub-NDARBL214YLX,6.2189,62.0,2.0,356.828,test,8.611960411071777
/workspace/hbn_subset/R5/download/sub-NDARBL214YLX/eeg/sub-NDARBL214YLX_task-RestingState_eeg.set,R5,sub-NDARBL214YLX,6.2189,64.0,2.0,356.828,test,7.639936923980713
/workspace/hbn_subset/R5/download/sub-NDARBL214YLX/eeg/sub-NDARBL214YLX_task-RestingState_eeg.set,R5,sub-NDARBL214YLX,6.2189,66.0,2.0,356.828,test,7.39748477935791
/workspace/hbn_subset/R5/download/sub-NDARBL214YLX/eeg/sub-NDARBL214YLX_task-RestingState_eeg.set,R5,sub-NDARBL214YLX,6.2189,68.0,2.0,356.828,test,9.2280912399292
/workspace/hbn_subset/R5/download/sub-NDARBL214YLX/eeg/sub-NDARBL214YLX_task-RestingState_eeg.set,R5,sub-NDARBL214YLX,6.2189,70.0,2.0,356.828,test,8.38005542755127
/workspace/hbn_subset/R5/download/sub-NDARBL214YLX/eeg/sub-NDARBL214YLX_task-RestingState_eeg.set,R5,sub-NDARBL214YLX,6.2189,72.0,2.0,356.828,test,9.980114936828613
/workspace/hbn_subset/R5/download/sub-NDARBL214YLX/eeg/sub-NDARBL214YLX_task-RestingState_eeg.set,R5,sub-NDARBL214YLX,6.2189,74.0,2.0,356.828,test,7.970820903778076
/workspace/hbn_subset/R5/download/sub-NDARBL214YLX/eeg/sub-NDARBL214YLX_task-RestingState_eeg.set,R5,sub-NDARBL214YLX,6.2189,76.0,2.0,356.828,test,10.093526840209961
/workspace/hbn_subset/R5/download/sub-NDARBL214YLX/eeg/sub-NDARBL214YLX_task-RestingState_eeg.set,R5,sub-NDARBL214YLX,6.2189,78.0,2.0,356.828,test,7.24868631362915
/workspace/hbn_subset/R5/download/sub-NDARBL214YLX/eeg/sub-NDARBL214YLX_task-RestingState_eeg.set,R5,sub-NDARBL214YLX,6.2189,80.0,2.0,356.828,test,7.6408514976501465
/workspace/hbn_subset/R5/download/sub-NDARBL214YLX/eeg/sub-NDARBL214YLX_task-RestingState_eeg.set,R5,sub-NDARBL214YLX,6.2189,82.0,2.0,356.828,test,8.466886520385742
/workspace/hbn_subset/R5/download/sub-NDARBL214YLX/eeg/sub-NDARBL214YLX_task-RestingState_eeg.set,R5,sub-NDARBL214YLX,6.2189,84.0,2.0,356.828,test,9.202905654907227
/workspace/hbn_subset/R5/download/sub-NDARBL214YLX/eeg/sub-NDARBL214YLX_task-RestingState_eeg.set,R5,sub-NDARBL214YLX,6.2189,86.0,2.0,356.828,test,8.824470520019531
/workspace/hbn_subset/R5/download/sub-NDARBL214YLX/eeg/sub-NDARBL214YLX_task-RestingState_eeg.set,R5,sub-NDARBL214YLX,6.2189,88.0,2.0,356.828,test,8.465344429016113
/workspace/hbn_subset/R5/download/sub-NDARBL214YLX/eeg/sub-NDARBL214YLX_task-RestingState_eeg.set,R5,sub-NDARBL214YLX,6.2189,90.0,2.0,356.828,test,8.100228309631348
/workspace/hbn_subset/R5/download/sub-NDARBL214YLX/eeg/sub-NDARBL214YLX_task-RestingState_eeg.set,R5,sub-NDARBL214YLX,6.2189,92.0,2.0,356.828,test,7.880175590515137
/workspace/hbn_subset/R5/download/sub-NDARBL214YLX/eeg/sub-NDARBL214YLX_task-RestingState_eeg.set,R5,sub-NDARBL214YLX,6.2189,94.0,2.0,356.828,test,7.421996593475342
/workspace/hbn_subset/R5/download/sub-NDARBL214YLX/eeg/sub-NDARBL214YLX_task-RestingState_eeg.set,R5,sub-NDARBL214YLX,6.2189,96.0,2.0,356.828,test,7.7260284423828125
/workspace/hbn_subset/R5/download/sub-NDARBL214YLX/eeg/sub-NDARBL214YLX_task-RestingState_eeg.set,R5,sub-NDARBL214YLX,6.2189,98.0,2.0,356.828,test,9.519317626953125
/workspace/hbn_subset/R5/download/sub-NDARBL214YLX/eeg/sub-NDARBL214YLX_task-RestingState_eeg.set,R5,sub-NDARBL214YLX,6.2189,100.0,2.0,356.828,test,8.665975570678711
/workspace/hbn_subset/R5/download/sub-NDARBL214YLX/eeg/sub-NDARBL214YLX_task-RestingState_eeg.set,R5,sub-NDARBL214YLX,6.2189,102.0,2.0,356.828,test,8.737797737121582
/workspace/hbn_subset/R5/download/sub-NDARBL214YLX/eeg/sub-NDARBL214YLX_task-RestingState_eeg.set,R5,sub-NDARBL214YLX,6.2189,104.0,2.0,356.828,test,6.388640403747559
/workspace/hbn_subset/R5/download/sub-NDARBL214YLX/eeg/sub-NDARBL214YLX_task-RestingState_eeg.set,R5,sub-NDARBL214YLX,6.2189,106.0,2.0,356.828,test,7.376163482666016
/workspace/hbn_subset/R5/download/sub-NDARBL214YLX/eeg/sub-NDARBL214YLX_task-RestingState_eeg.set,R5,sub-NDARBL214YLX,6.2189,108.0,2.0,356.828,test,6.730034351348877
/workspace/hbn_subset/R5/download/sub-NDARBL214YLX/eeg/sub-NDARBL214YLX_task-RestingState_eeg.set,R5,sub-NDARBL214YLX,6.2189,110.0,2.0,356.828,test,6.699751377105713
/workspace/hbn_subset/R5/download/sub-NDARBL214YLX/eeg/sub-NDARBL214YLX_task-RestingState_eeg.set,R5,sub-NDARBL214YLX,6.2189,112.0,2.0,356.828,test,8.153950691223145
/workspace/hbn_subset/R5/download/sub-NDARBL214YLX/eeg/sub-NDARBL214YLX_task-RestingState_eeg.set,R5,sub-NDARBL214YLX,6.2189,114.0,2.0,356.828,test,6.631103992462158
/workspace/hbn_subset/R5/download/sub-NDARBL214YLX/eeg/sub-NDARBL214YLX_task-RestingState_eeg.set,R5,sub-NDARBL214YLX,6.2189,116.0,2.0,356.828,test,7.318855285644531
/workspace/hbn_subset/R5/download/sub-NDARBL214YLX/eeg/sub-NDARBL214YLX_task-RestingState_eeg.set,R5,sub-NDARBL214YLX,6.2189,118.0,2.0,356.828,test,7.335420608520508
/workspace/hbn_subset/R5/download/sub-NDARBM433VER/eeg/sub-NDARBM433VER_task-RestingState_eeg.set,R5,sub-NDARBM433VER,9.5047,0.0,2.0,349.372,test,12.120569229125977
/workspace/hbn_subset/R5/download/sub-NDARBM433VER/eeg/sub-NDARBM433VER_task-RestingState_eeg.set,R5,sub-NDARBM433VER,9.5047,2.0,2.0,349.372,test,13.157356262207031
/workspace/hbn_subset/R5/download/sub-NDARBM433VER/eeg/sub-NDARBM433VER_task-RestingState_eeg.set,R5,sub-NDARBM433VER,9.5047,4.0,2.0,349.372,test,11.076363563537598
/workspace/hbn_subset/R5/download/sub-NDARBM433VER/eeg/sub-NDARBM433VER_task-RestingState_eeg.set,R5,sub-NDARBM433VER,9.5047,6.0,2.0,349.372,test,12.810019493103027
/workspace/hbn_subset/R5/download/sub-NDARBM433VER/eeg/sub-NDARBM433VER_task-RestingState_eeg.set,R5,sub-NDARBM433VER,9.5047,8.0,2.0,349.372,test,13.72510814666748
/workspace/hbn_subset/R5/download/sub-NDARBM433VER/eeg/sub-NDARBM433VER_task-RestingState_eeg.set,R5,sub-NDARBM433VER,9.5047,10.0,2.0,349.372,test,14.32925033569336
/workspace/hbn_subset/R5/download/sub-NDARBM433VER/eeg/sub-NDARBM433VER_task-RestingState_eeg.set,R5,sub-NDARBM433VER,9.5047,12.0,2.0,349.372,test,13.263916969299316
/workspace/hbn_subset/R5/download/sub-NDARBM433VER/eeg/sub-NDARBM433VER_task-RestingState_eeg.set,R5,sub-NDARBM433VER,9.5047,14.0,2.0,349.372,test,15.570393562316895
/workspace/hbn_subset/R5/download/sub-NDARBM433VER/eeg/sub-NDARBM433VER_task-RestingState_eeg.set,R5,sub-NDARBM433VER,9.5047,16.0,2.0,349.372,test,13.732209205627441
/workspace/hbn_subset/R5/download/sub-NDARBM433VER/eeg/sub-NDARBM433VER_task-RestingState_eeg.set,R5,sub-NDARBM433VER,9.5047,18.0,2.0,349.372,test,14.264901161193848
/workspace/hbn_subset/R5/download/sub-NDARBM433VER/eeg/sub-NDARBM433VER_task-RestingState_eeg.set,R5,sub-NDARBM433VER,9.5047,20.0,2.0,349.372,test,13.686467170715332
/workspace/hbn_subset/R5/download/sub-NDARBM433VER/eeg/sub-NDARBM433VER_task-RestingState_eeg.set,R5,sub-NDARBM433VER,9.5047,22.0,2.0,349.372,test,15.781513214111328
/workspace/hbn_subset/R5/download/sub-NDARBM433VER/eeg/sub-NDARBM433VER_task-RestingState_eeg.set,R5,sub-NDARBM433VER,9.5047,24.0,2.0,349.372,test,15.099019050598145
/workspace/hbn_subset/R5/download/sub-NDARBM433VER/eeg/sub-NDARBM433VER_task-RestingState_eeg.set,R5,sub-NDARBM433VER,9.5047,26.0,2.0,349.372,test,15.393631935119629
/workspace/hbn_subset/R5/download/sub-NDARBM433VER/eeg/sub-NDARBM433VER_task-RestingState_eeg.set,R5,sub-NDARBM433VER,9.5047,28.0,2.0,349.372,test,13.709115028381348
/workspace/hbn_subset/R5/download/sub-NDARBM433VER/eeg/sub-NDARBM433VER_task-RestingState_eeg.set,R5,sub-NDARBM433VER,9.5047,30.0,2.0,349.372,test,12.950861930847168
/workspace/hbn_subset/R5/download/sub-NDARBM433VER/eeg/sub-NDARBM433VER_task-RestingState_eeg.set,R5,sub-NDARBM433VER,9.5047,32.0,2.0,349.372,test,14.894936561584473
/workspace/hbn_subset/R5/download/sub-NDARBM433VER/eeg/sub-NDARBM433VER_task-RestingState_eeg.set,R5,sub-NDARBM433VER,9.5047,34.0,2.0,349.372,test,14.505824089050293
/workspace/hbn_subset/R5/download/sub-NDARBM433VER/eeg/sub-NDARBM433VER_task-RestingState_eeg.set,R5,sub-NDARBM433VER,9.5047,36.0,2.0,349.372,test,13.627138137817383
/workspace/hbn_subset/R5/download/sub-NDARBM433VER/eeg/sub-NDARBM433VER_task-RestingState_eeg.set,R5,sub-NDARBM433VER,9.5047,38.0,2.0,349.372,test,13.603911399841309
/workspace/hbn_subset/R5/download/sub-NDARBM433VER/eeg/sub-NDARBM433VER_task-RestingState_eeg.set,R5,sub-NDARBM433VER,9.5047,40.0,2.0,349.372,test,15.16616153717041
/workspace/hbn_subset/R5/download/sub-NDARBM433VER/eeg/sub-NDARBM433VER_task-RestingState_eeg.set,R5,sub-NDARBM433VER,9.5047,42.0,2.0,349.372,test,12.54288101196289
/workspace/hbn_subset/R5/download/sub-NDARBM433VER/eeg/sub-NDARBM433VER_task-RestingState_eeg.set,R5,sub-NDARBM433VER,9.5047,44.0,2.0,349.372,test,14.491863250732422
/workspace/hbn_subset/R5/download/sub-NDARBM433VER/eeg/sub-NDARBM433VER_task-RestingState_eeg.set,R5,sub-NDARBM433VER,9.5047,46.0,2.0,349.372,test,14.753480911254883
/workspace/hbn_subset/R5/download/sub-NDARBM433VER/eeg/sub-NDARBM433VER_task-RestingState_eeg.set,R5,sub-NDARBM433VER,9.5047,48.0,2.0,349.372,test,14.835180282592773
/workspace/hbn_subset/R5/download/sub-NDARBM433VER/eeg/sub-NDARBM433VER_task-RestingState_eeg.set,R5,sub-NDARBM433VER,9.5047,50.0,2.0,349.372,test,13.732815742492676
/workspace/hbn_subset/R5/download/sub-NDARBM433VER/eeg/sub-NDARBM433VER_task-RestingState_eeg.set,R5,sub-NDARBM433VER,9.5047,52.0,2.0,349.372,test,12.585402488708496
/workspace/hbn_subset/R5/download/sub-NDARBM433VER/eeg/sub-NDARBM433VER_task-RestingState_eeg.set,R5,sub-NDARBM433VER,9.5047,54.0,2.0,349.372,test,13.710197448730469
/workspace/hbn_subset/R5/download/sub-NDARBM433VER/eeg/sub-NDARBM433VER_task-RestingState_eeg.set,R5,sub-NDARBM433VER,9.5047,56.0,2.0,349.372,test,14.231169700622559
/workspace/hbn_subset/R5/download/sub-NDARBM433VER/eeg/sub-NDARBM433VER_task-RestingState_eeg.set,R5,sub-NDARBM433VER,9.5047,58.0,2.0,349.372,test,15.232125282287598
/workspace/hbn_subset/R5/download/sub-NDARBM433VER/eeg/sub-NDARBM433VER_task-RestingState_eeg.set,R5,sub-NDARBM433VER,9.5047,60.0,2.0,349.372,test,13.904519081115723
/workspace/hbn_subset/R5/download/sub-NDARBM433VER/eeg/sub-NDARBM433VER_task-RestingState_eeg.set,R5,sub-NDARBM433VER,9.5047,62.0,2.0,349.372,test,14.608357429504395
/workspace/hbn_subset/R5/download/sub-NDARBM433VER/eeg/sub-NDARBM433VER_task-RestingState_eeg.set,R5,sub-NDARBM433VER,9.5047,64.0,2.0,349.372,test,11.939959526062012
/workspace/hbn_subset/R5/download/sub-NDARBM433VER/eeg/sub-NDARBM433VER_task-RestingState_eeg.set,R5,sub-NDARBM433VER,9.5047,66.0,2.0,349.372,test,15.904875755310059
/workspace/hbn_subset/R5/download/sub-NDARBM433VER/eeg/sub-NDARBM433VER_task-RestingState_eeg.set,R5,sub-NDARBM433VER,9.5047,68.0,2.0,349.372,test,14.443878173828125
/workspace/hbn_subset/R5/download/sub-NDARBM433VER/eeg/sub-NDARBM433VER_task-RestingState_eeg.set,R5,sub-NDARBM433VER,9.5047,70.0,2.0,349.372,test,15.402727127075195
/workspace/hbn_subset/R5/download/sub-NDARBM433VER/eeg/sub-NDARBM433VER_task-RestingState_eeg.set,R5,sub-NDARBM433VER,9.5047,72.0,2.0,349.372,test,14.725171089172363
/workspace/hbn_subset/R5/download/sub-NDARBM433VER/eeg/sub-NDARBM433VER_task-RestingState_eeg.set,R5,sub-NDARBM433VER,9.5047,74.0,2.0,349.372,test,14.04401683807373
/workspace/hbn_subset/R5/download/sub-NDARBM433VER/eeg/sub-NDARBM433VER_task-RestingState_eeg.set,R5,sub-NDARBM433VER,9.5047,76.0,2.0,349.372,test,14.294635772705078
/workspace/hbn_subset/R5/download/sub-NDARBM433VER/eeg/sub-NDARBM433VER_task-RestingState_eeg.set,R5,sub-NDARBM433VER,9.5047,78.0,2.0,349.372,test,13.410798072814941
/workspace/hbn_subset/R5/download/sub-NDARBM433VER/eeg/sub-NDARBM433VER_task-RestingState_eeg.set,R5,sub-NDARBM433VER,9.5047,80.0,2.0,349.372,test,13.908705711364746
/workspace/hbn_subset/R5/download/sub-NDARBM433VER/eeg/sub-NDARBM433VER_task-RestingState_eeg.set,R5,sub-NDARBM433VER,9.5047,82.0,2.0,349.372,test,12.400100708007812
/workspace/hbn_subset/R5/download/sub-NDARBM433VER/eeg/sub-NDARBM433VER_task-RestingState_eeg.set,R5,sub-NDARBM433VER,9.5047,84.0,2.0,349.372,test,13.80076789855957
/workspace/hbn_subset/R5/download/sub-NDARBM433VER/eeg/sub-NDARBM433VER_task-RestingState_eeg.set,R5,sub-NDARBM433VER,9.5047,86.0,2.0,349.372,test,13.317431449890137
/workspace/hbn_subset/R5/download/sub-NDARBM433VER/eeg/sub-NDARBM433VER_task-RestingState_eeg.set,R5,sub-NDARBM433VER,9.5047,88.0,2.0,349.372,test,13.346040725708008
/workspace/hbn_subset/R5/download/sub-NDARBM433VER/eeg/sub-NDARBM433VER_task-RestingState_eeg.set,R5,sub-NDARBM433VER,9.5047,90.0,2.0,349.372,test,14.392470359802246
/workspace/hbn_subset/R5/download/sub-NDARBM433VER/eeg/sub-NDARBM433VER_task-RestingState_eeg.set,R5,sub-NDARBM433VER,9.5047,92.0,2.0,349.372,test,14.431838035583496
/workspace/hbn_subset/R5/download/sub-NDARBM433VER/eeg/sub-NDARBM433VER_task-RestingState_eeg.set,R5,sub-NDARBM433VER,9.5047,94.0,2.0,349.372,test,13.219680786132812
/workspace/hbn_subset/R5/download/sub-NDARBM433VER/eeg/sub-NDARBM433VER_task-RestingState_eeg.set,R5,sub-NDARBM433VER,9.5047,96.0,2.0,349.372,test,14.327953338623047
/workspace/hbn_subset/R5/download/sub-NDARBM433VER/eeg/sub-NDARBM433VER_task-RestingState_eeg.set,R5,sub-NDARBM433VER,9.5047,98.0,2.0,349.372,test,14.357035636901855
/workspace/hbn_subset/R5/download/sub-NDARBM433VER/eeg/sub-NDARBM433VER_task-RestingState_eeg.set,R5,sub-NDARBM433VER,9.5047,100.0,2.0,349.372,test,14.196198463439941
/workspace/hbn_subset/R5/download/sub-NDARBM433VER/eeg/sub-NDARBM433VER_task-RestingState_eeg.set,R5,sub-NDARBM433VER,9.5047,102.0,2.0,349.372,test,14.056059837341309
/workspace/hbn_subset/R5/download/sub-NDARBM433VER/eeg/sub-NDARBM433VER_task-RestingState_eeg.set,R5,sub-NDARBM433VER,9.5047,104.0,2.0,349.372,test,15.740674018859863
/workspace/hbn_subset/R5/download/sub-NDARBM433VER/eeg/sub-NDARBM433VER_task-RestingState_eeg.set,R5,sub-NDARBM433VER,9.5047,106.0,2.0,349.372,test,13.964495658874512
/workspace/hbn_subset/R5/download/sub-NDARBM433VER/eeg/sub-NDARBM433VER_task-RestingState_eeg.set,R5,sub-NDARBM433VER,9.5047,108.0,2.0,349.372,test,13.095979690551758
/workspace/hbn_subset/R5/download/sub-NDARBM433VER/eeg/sub-NDARBM433VER_task-RestingState_eeg.set,R5,sub-NDARBM433VER,9.5047,110.0,2.0,349.372,test,14.2522611618042
/workspace/hbn_subset/R5/download/sub-NDARBM433VER/eeg/sub-NDARBM433VER_task-RestingState_eeg.set,R5,sub-NDARBM433VER,9.5047,112.0,2.0,349.372,test,11.933561325073242
/workspace/hbn_subset/R5/download/sub-NDARBM433VER/eeg/sub-NDARBM433VER_task-RestingState_eeg.set,R5,sub-NDARBM433VER,9.5047,114.0,2.0,349.372,test,12.311488151550293
/workspace/hbn_subset/R5/download/sub-NDARBM433VER/eeg/sub-NDARBM433VER_task-RestingState_eeg.set,R5,sub-NDARBM433VER,9.5047,116.0,2.0,349.372,test,14.6151123046875
/workspace/hbn_subset/R5/download/sub-NDARBM433VER/eeg/sub-NDARBM433VER_task-RestingState_eeg.set,R5,sub-NDARBM433VER,9.5047,118.0,2.0,349.372,test,15.272930145263672
/workspace/hbn_subset/R5/download/sub-NDARBN365EV3/eeg/sub-NDARBN365EV3_task-RestingState_eeg.set,R5,sub-NDARBN365EV3,13.3125,0.0,2.0,366.708,test,13.297701835632324
/workspace/hbn_subset/R5/download/sub-NDARBN365EV3/eeg/sub-NDARBN365EV3_task-RestingState_eeg.set,R5,sub-NDARBN365EV3,13.3125,2.0,2.0,366.708,test,15.141407012939453
/workspace/hbn_subset/R5/download/sub-NDARBN365EV3/eeg/sub-NDARBN365EV3_task-RestingState_eeg.set,R5,sub-NDARBN365EV3,13.3125,4.0,2.0,366.708,test,13.211329460144043
/workspace/hbn_subset/R5/download/sub-NDARBN365EV3/eeg/sub-NDARBN365EV3_task-RestingState_eeg.set,R5,sub-NDARBN365EV3,13.3125,6.0,2.0,366.708,test,13.366218566894531
/workspace/hbn_subset/R5/download/sub-NDARBN365EV3/eeg/sub-NDARBN365EV3_task-RestingState_eeg.set,R5,sub-NDARBN365EV3,13.3125,8.0,2.0,366.708,test,12.592567443847656
/workspace/hbn_subset/R5/download/sub-NDARBN365EV3/eeg/sub-NDARBN365EV3_task-RestingState_eeg.set,R5,sub-NDARBN365EV3,13.3125,10.0,2.0,366.708,test,12.243773460388184
/workspace/hbn_subset/R5/download/sub-NDARBN365EV3/eeg/sub-NDARBN365EV3_task-RestingState_eeg.set,R5,sub-NDARBN365EV3,13.3125,12.0,2.0,366.708,test,13.214159965515137
/workspace/hbn_subset/R5/download/sub-NDARBN365EV3/eeg/sub-NDARBN365EV3_task-RestingState_eeg.set,R5,sub-NDARBN365EV3,13.3125,14.0,2.0,366.708,test,13.858297348022461
/workspace/hbn_subset/R5/download/sub-NDARBN365EV3/eeg/sub-NDARBN365EV3_task-RestingState_eeg.set,R5,sub-NDARBN365EV3,13.3125,16.0,2.0,366.708,test,11.275851249694824
/workspace/hbn_subset/R5/download/sub-NDARBN365EV3/eeg/sub-NDARBN365EV3_task-RestingState_eeg.set,R5,sub-NDARBN365EV3,13.3125,18.0,2.0,366.708,test,11.2121000289917
/workspace/hbn_subset/R5/download/sub-NDARBN365EV3/eeg/sub-NDARBN365EV3_task-RestingState_eeg.set,R5,sub-NDARBN365EV3,13.3125,20.0,2.0,366.708,test,10.060001373291016
/workspace/hbn_subset/R5/download/sub-NDARBN365EV3/eeg/sub-NDARBN365EV3_task-RestingState_eeg.set,R5,sub-NDARBN365EV3,13.3125,22.0,2.0,366.708,test,11.788559913635254
/workspace/hbn_subset/R5/download/sub-NDARBN365EV3/eeg/sub-NDARBN365EV3_task-RestingState_eeg.set,R5,sub-NDARBN365EV3,13.3125,24.0,2.0,366.708,test,13.324662208557129
/workspace/hbn_subset/R5/download/sub-NDARBN365EV3/eeg/sub-NDARBN365EV3_task-RestingState_eeg.set,R5,sub-NDARBN365EV3,13.3125,26.0,2.0,366.708,test,14.716795921325684
/workspace/hbn_subset/R5/download/sub-NDARBN365EV3/eeg/sub-NDARBN365EV3_task-RestingState_eeg.set,R5,sub-NDARBN365EV3,13.3125,28.0,2.0,366.708,test,13.882684707641602
/workspace/hbn_subset/R5/download/sub-NDARBN365EV3/eeg/sub-NDARBN365EV3_task-RestingState_eeg.set,R5,sub-NDARBN365EV3,13.3125,30.0,2.0,366.708,test,13.038932800292969
/workspace/hbn_subset/R5/download/sub-NDARBN365EV3/eeg/sub-NDARBN365EV3_task-RestingState_eeg.set,R5,sub-NDARBN365EV3,13.3125,32.0,2.0,366.708,test,11.86661148071289
/workspace/hbn_subset/R5/download/sub-NDARBN365EV3/eeg/sub-NDARBN365EV3_task-RestingState_eeg.set,R5,sub-NDARBN365EV3,13.3125,34.0,2.0,366.708,test,10.11327838897705
/workspace/hbn_subset/R5/download/sub-NDARBN365EV3/eeg/sub-NDARBN365EV3_task-RestingState_eeg.set,R5,sub-NDARBN365EV3,13.3125,36.0,2.0,366.708,test,12.215208053588867
/workspace/hbn_subset/R5/download/sub-NDARBN365EV3/eeg/sub-NDARBN365EV3_task-RestingState_eeg.set,R5,sub-NDARBN365EV3,13.3125,38.0,2.0,366.708,test,13.906811714172363
/workspace/hbn_subset/R5/download/sub-NDARBN365EV3/eeg/sub-NDARBN365EV3_task-RestingState_eeg.set,R5,sub-NDARBN365EV3,13.3125,40.0,2.0,366.708,test,12.080723762512207
/workspace/hbn_subset/R5/download/sub-NDARBN365EV3/eeg/sub-NDARBN365EV3_task-RestingState_eeg.set,R5,sub-NDARBN365EV3,13.3125,42.0,2.0,366.708,test,10.202207565307617
/workspace/hbn_subset/R5/download/sub-NDARBN365EV3/eeg/sub-NDARBN365EV3_task-RestingState_eeg.set,R5,sub-NDARBN365EV3,13.3125,44.0,2.0,366.708,test,11.586541175842285
/workspace/hbn_subset/R5/download/sub-NDARBN365EV3/eeg/sub-NDARBN365EV3_task-RestingState_eeg.set,R5,sub-NDARBN365EV3,13.3125,46.0,2.0,366.708,test,12.33853816986084
/workspace/hbn_subset/R5/download/sub-NDARBN365EV3/eeg/sub-NDARBN365EV3_task-RestingState_eeg.set,R5,sub-NDARBN365EV3,13.3125,48.0,2.0,366.708,test,11.394408226013184
/workspace/hbn_subset/R5/download/sub-NDARBN365EV3/eeg/sub-NDARBN365EV3_task-RestingState_eeg.set,R5,sub-NDARBN365EV3,13.3125,50.0,2.0,366.708,test,13.368545532226562
/workspace/hbn_subset/R5/download/sub-NDARBN365EV3/eeg/sub-NDARBN365EV3_task-RestingState_eeg.set,R5,sub-NDARBN365EV3,13.3125,52.0,2.0,366.708,test,14.577714920043945
/workspace/hbn_subset/R5/download/sub-NDARBN365EV3/eeg/sub-NDARBN365EV3_task-RestingState_eeg.set,R5,sub-NDARBN365EV3,13.3125,54.0,2.0,366.708,test,10.76163101196289
/workspace/hbn_subset/R5/download/sub-NDARBN365EV3/eeg/sub-NDARBN365EV3_task-RestingState_eeg.set,R5,sub-NDARBN365EV3,13.3125,56.0,2.0,366.708,test,13.73333740234375
/workspace/hbn_subset/R5/download/sub-NDARBN365EV3/eeg/sub-NDARBN365EV3_task-RestingState_eeg.set,R5,sub-NDARBN365EV3,13.3125,58.0,2.0,366.708,test,12.670700073242188
/workspace/hbn_subset/R5/download/sub-NDARBN365EV3/eeg/sub-NDARBN365EV3_task-RestingState_eeg.set,R5,sub-NDARBN365EV3,13.3125,60.0,2.0,366.708,test,13.118593215942383
/workspace/hbn_subset/R5/download/sub-NDARBN365EV3/eeg/sub-NDARBN365EV3_task-RestingState_eeg.set,R5,sub-NDARBN365EV3,13.3125,62.0,2.0,366.708,test,11.878317832946777
/workspace/hbn_subset/R5/download/sub-NDARBN365EV3/eeg/sub-NDARBN365EV3_task-RestingState_eeg.set,R5,sub-NDARBN365EV3,13.3125,64.0,2.0,366.708,test,11.977351188659668
/workspace/hbn_subset/R5/download/sub-NDARBN365EV3/eeg/sub-NDARBN365EV3_task-RestingState_eeg.set,R5,sub-NDARBN365EV3,13.3125,66.0,2.0,366.708,test,11.315054893493652
/workspace/hbn_subset/R5/download/sub-NDARBN365EV3/eeg/sub-NDARBN365EV3_task-RestingState_eeg.set,R5,sub-NDARBN365EV3,13.3125,68.0,2.0,366.708,test,9.578125
/workspace/hbn_subset/R5/download/sub-NDARBN365EV3/eeg/sub-NDARBN365EV3_task-RestingState_eeg.set,R5,sub-NDARBN365EV3,13.3125,70.0,2.0,366.708,test,8.91932487487793
/workspace/hbn_subset/R5/download/sub-NDARBN365EV3/eeg/sub-NDARBN365EV3_task-RestingState_eeg.set,R5,sub-NDARBN365EV3,13.3125,72.0,2.0,366.708,test,12.373542785644531
/workspace/hbn_subset/R5/download/sub-NDARBN365EV3/eeg/sub-NDARBN365EV3_task-RestingState_eeg.set,R5,sub-NDARBN365EV3,13.3125,74.0,2.0,366.708,test,8.933796882629395
/workspace/hbn_subset/R5/download/sub-NDARBN365EV3/eeg/sub-NDARBN365EV3_task-RestingState_eeg.set,R5,sub-NDARBN365EV3,13.3125,76.0,2.0,366.708,test,12.15473747253418
/workspace/hbn_subset/R5/download/sub-NDARBN365EV3/eeg/sub-NDARBN365EV3_task-RestingState_eeg.set,R5,sub-NDARBN365EV3,13.3125,78.0,2.0,366.708,test,11.427151679992676
/workspace/hbn_subset/R5/download/sub-NDARBN365EV3/eeg/sub-NDARBN365EV3_task-RestingState_eeg.set,R5,sub-NDARBN365EV3,13.3125,80.0,2.0,366.708,test,11.314087867736816
/workspace/hbn_subset/R5/download/sub-NDARBN365EV3/eeg/sub-NDARBN365EV3_task-RestingState_eeg.set,R5,sub-NDARBN365EV3,13.3125,82.0,2.0,366.708,test,13.6692533493042
/workspace/hbn_subset/R5/download/sub-NDARBN365EV3/eeg/sub-NDARBN365EV3_task-RestingState_eeg.set,R5,sub-NDARBN365EV3,13.3125,84.0,2.0,366.708,test,11.636635780334473
/workspace/hbn_subset/R5/download/sub-NDARBN365EV3/eeg/sub-NDARBN365EV3_task-RestingState_eeg.set,R5,sub-NDARBN365EV3,13.3125,86.0,2.0,366.708,test,13.252206802368164
/workspace/hbn_subset/R5/download/sub-NDARBN365EV3/eeg/sub-NDARBN365EV3_task-RestingState_eeg.set,R5,sub-NDARBN365EV3,13.3125,88.0,2.0,366.708,test,12.334709167480469
/workspace/hbn_subset/R5/download/sub-NDARBN365EV3/eeg/sub-NDARBN365EV3_task-RestingState_eeg.set,R5,sub-NDARBN365EV3,13.3125,90.0,2.0,366.708,test,13.894126892089844
/workspace/hbn_subset/R5/download/sub-NDARBN365EV3/eeg/sub-NDARBN365EV3_task-RestingState_eeg.set,R5,sub-NDARBN365EV3,13.3125,92.0,2.0,366.708,test,11.605276107788086
/workspace/hbn_subset/R5/download/sub-NDARBN365EV3/eeg/sub-NDARBN365EV3_task-RestingState_eeg.set,R5,sub-NDARBN365EV3,13.3125,94.0,2.0,366.708,test,11.944089889526367
/workspace/hbn_subset/R5/download/sub-NDARBN365EV3/eeg/sub-NDARBN365EV3_task-RestingState_eeg.set,R5,sub-NDARBN365EV3,13.3125,96.0,2.0,366.708,test,10.132834434509277
/workspace/hbn_subset/R5/download/sub-NDARBN365EV3/eeg/sub-NDARBN365EV3_task-RestingState_eeg.set,R5,sub-NDARBN365EV3,13.3125,98.0,2.0,366.708,test,12.101173400878906
/workspace/hbn_subset/R5/download/sub-NDARBN365EV3/eeg/sub-NDARBN365EV3_task-RestingState_eeg.set,R5,sub-NDARBN365EV3,13.3125,100.0,2.0,366.708,test,11.575406074523926
/workspace/hbn_subset/R5/download/sub-NDARBN365EV3/eeg/sub-NDARBN365EV3_task-RestingState_eeg.set,R5,sub-NDARBN365EV3,13.3125,102.0,2.0,366.708,test,11.187702178955078
/workspace/hbn_subset/R5/download/sub-NDARBN365EV3/eeg/sub-NDARBN365EV3_task-RestingState_eeg.set,R5,sub-NDARBN365EV3,13.3125,104.0,2.0,366.708,test,10.118697166442871
/workspace/hbn_subset/R5/download/sub-NDARBN365EV3/eeg/sub-NDARBN365EV3_task-RestingState_eeg.set,R5,sub-NDARBN365EV3,13.3125,106.0,2.0,366.708,test,12.043380737304688
/workspace/hbn_subset/R5/download/sub-NDARBN365EV3/eeg/sub-NDARBN365EV3_task-RestingState_eeg.set,R5,sub-NDARBN365EV3,13.3125,108.0,2.0,366.708,test,11.449344635009766
/workspace/hbn_subset/R5/download/sub-NDARBN365EV3/eeg/sub-NDARBN365EV3_task-RestingState_eeg.set,R5,sub-NDARBN365EV3,13.3125,110.0,2.0,366.708,test,10.67818546295166
/workspace/hbn_subset/R5/download/sub-NDARBN365EV3/eeg/sub-NDARBN365EV3_task-RestingState_eeg.set,R5,sub-NDARBN365EV3,13.3125,112.0,2.0,366.708,test,10.817748069763184
/workspace/hbn_subset/R5/download/sub-NDARBN365EV3/eeg/sub-NDARBN365EV3_task-RestingState_eeg.set,R5,sub-NDARBN365EV3,13.3125,114.0,2.0,366.708,test,10.974893569946289
/workspace/hbn_subset/R5/download/sub-NDARBN365EV3/eeg/sub-NDARBN365EV3_task-RestingState_eeg.set,R5,sub-NDARBN365EV3,13.3125,116.0,2.0,366.708,test,12.353219032287598
/workspace/hbn_subset/R5/download/sub-NDARBN365EV3/eeg/sub-NDARBN365EV3_task-RestingState_eeg.set,R5,sub-NDARBN365EV3,13.3125,118.0,2.0,366.708,test,11.713173866271973
/workspace/hbn_subset/R5/download/sub-NDARCA740UC8/eeg/sub-NDARCA740UC8_task-RestingState_eeg.set,R5,sub-NDARCA740UC8,13.4198,0.0,2.0,439.466,test,7.433051109313965
/workspace/hbn_subset/R5/download/sub-NDARCA740UC8/eeg/sub-NDARCA740UC8_task-RestingState_eeg.set,R5,sub-NDARCA740UC8,13.4198,2.0,2.0,439.466,test,7.3986897468566895
/workspace/hbn_subset/R5/download/sub-NDARCA740UC8/eeg/sub-NDARCA740UC8_task-RestingState_eeg.set,R5,sub-NDARCA740UC8,13.4198,4.0,2.0,439.466,test,7.414398670196533
/workspace/hbn_subset/R5/download/sub-NDARCA740UC8/eeg/sub-NDARCA740UC8_task-RestingState_eeg.set,R5,sub-NDARCA740UC8,13.4198,6.0,2.0,439.466,test,7.444159984588623
/workspace/hbn_subset/R5/download/sub-NDARCA740UC8/eeg/sub-NDARCA740UC8_task-RestingState_eeg.set,R5,sub-NDARCA740UC8,13.4198,8.0,2.0,439.466,test,7.380282878875732
/workspace/hbn_subset/R5/download/sub-NDARCA740UC8/eeg/sub-NDARCA740UC8_task-RestingState_eeg.set,R5,sub-NDARCA740UC8,13.4198,10.0,2.0,439.466,test,7.375657081604004
/workspace/hbn_subset/R5/download/sub-NDARCA740UC8/eeg/sub-NDARCA740UC8_task-RestingState_eeg.set,R5,sub-NDARCA740UC8,13.4198,12.0,2.0,439.466,test,7.140500545501709
/workspace/hbn_subset/R5/download/sub-NDARCA740UC8/eeg/sub-NDARCA740UC8_task-RestingState_eeg.set,R5,sub-NDARCA740UC8,13.4198,14.0,2.0,439.466,test,9.227355003356934
/workspace/hbn_subset/R5/download/sub-NDARCA740UC8/eeg/sub-NDARCA740UC8_task-RestingState_eeg.set,R5,sub-NDARCA740UC8,13.4198,16.0,2.0,439.466,test,16.741870880126953
/workspace/hbn_subset/R5/download/sub-NDARCA740UC8/eeg/sub-NDARCA740UC8_task-RestingState_eeg.set,R5,sub-NDARCA740UC8,13.4198,18.0,2.0,439.466,test,6.720860004425049
/workspace/hbn_subset/R5/download/sub-NDARCA740UC8/eeg/sub-NDARCA740UC8_task-RestingState_eeg.set,R5,sub-NDARCA740UC8,13.4198,20.0,2.0,439.466,test,7.44356632232666
/workspace/hbn_subset/R5/download/sub-NDARCA740UC8/eeg/sub-NDARCA740UC8_task-RestingState_eeg.set,R5,sub-NDARCA740UC8,13.4198,22.0,2.0,439.466,test,7.446450233459473
/workspace/hbn_subset/R5/download/sub-NDARCA740UC8/eeg/sub-NDARCA740UC8_task-RestingState_eeg.set,R5,sub-NDARCA740UC8,13.4198,24.0,2.0,439.466,test,7.446524143218994
/workspace/hbn_subset/R5/download/sub-NDARCA740UC8/eeg/sub-NDARCA740UC8_task-RestingState_eeg.set,R5,sub-NDARCA740UC8,13.4198,26.0,2.0,439.466,test,7.446598052978516
/workspace/hbn_subset/R5/download/sub-NDARCA740UC8/eeg/sub-NDARCA740UC8_task-RestingState_eeg.set,R5,sub-NDARCA740UC8,13.4198,28.0,2.0,439.466,test,7.44666051864624
/workspace/hbn_subset/R5/download/sub-NDARCA740UC8/eeg/sub-NDARCA740UC8_task-RestingState_eeg.set,R5,sub-NDARCA740UC8,13.4198,30.0,2.0,439.466,test,7.446712017059326
/workspace/hbn_subset/R5/download/sub-NDARCA740UC8/eeg/sub-NDARCA740UC8_task-RestingState_eeg.set,R5,sub-NDARCA740UC8,13.4198,32.0,2.0,439.466,test,7.446753978729248
/workspace/hbn_subset/R5/download/sub-NDARCA740UC8/eeg/sub-NDARCA740UC8_task-RestingState_eeg.set,R5,sub-NDARCA740UC8,13.4198,34.0,2.0,439.466,test,7.446789741516113
/workspace/hbn_subset/R5/download/sub-NDARCA740UC8/eeg/sub-NDARCA740UC8_task-RestingState_eeg.set,R5,sub-NDARCA740UC8,13.4198,36.0,2.0,439.466,test,7.446819305419922
/workspace/hbn_subset/R5/download/sub-NDARCA740UC8/eeg/sub-NDARCA740UC8_task-RestingState_eeg.set,R5,sub-NDARCA740UC8,13.4198,38.0,2.0,439.466,test,7.446843147277832
/workspace/hbn_subset/R5/download/sub-NDARCA740UC8/eeg/sub-NDARCA740UC8_task-RestingState_eeg.set,R5,sub-NDARCA740UC8,13.4198,40.0,2.0,439.466,test,7.446865558624268
/workspace/hbn_subset/R5/download/sub-NDARCA740UC8/eeg/sub-NDARCA740UC8_task-RestingState_eeg.set,R5,sub-NDARCA740UC8,13.4198,42.0,2.0,439.466,test,7.446884632110596
/workspace/hbn_subset/R5/download/sub-NDARCA740UC8/eeg/sub-NDARCA740UC8_task-RestingState_eeg.set,R5,sub-NDARCA740UC8,13.4198,44.0,2.0,439.466,test,7.446903705596924
/workspace/hbn_subset/R5/download/sub-NDARCA740UC8/eeg/sub-NDARCA740UC8_task-RestingState_eeg.set,R5,sub-NDARCA740UC8,13.4198,46.0,2.0,439.466,test,7.446918487548828
/workspace/hbn_subset/R5/download/sub-NDARCA740UC8/eeg/sub-NDARCA740UC8_task-RestingState_eeg.set,R5,sub-NDARCA740UC8,13.4198,48.0,2.0,439.466,test,7.446934223175049
/workspace/hbn_subset/R5/download/sub-NDARCA740UC8/eeg/sub-NDARCA740UC8_task-RestingState_eeg.set,R5,sub-NDARCA740UC8,13.4198,50.0,2.0,439.466,test,7.446949005126953
/workspace/hbn_subset/R5/download/sub-NDARCA740UC8/eeg/sub-NDARCA740UC8_task-RestingState_eeg.set,R5,sub-NDARCA740UC8,13.4198,52.0,2.0,439.466,test,7.44696044921875
/workspace/hbn_subset/R5/download/sub-NDARCA740UC8/eeg/sub-NDARCA740UC8_task-RestingState_eeg.set,R5,sub-NDARCA740UC8,13.4198,54.0,2.0,439.466,test,7.446971416473389
/workspace/hbn_subset/R5/download/sub-NDARCA740UC8/eeg/sub-NDARCA740UC8_task-RestingState_eeg.set,R5,sub-NDARCA740UC8,13.4198,56.0,2.0,439.466,test,7.446983814239502
/workspace/hbn_subset/R5/download/sub-NDARCA740UC8/eeg/sub-NDARCA740UC8_task-RestingState_eeg.set,R5,sub-NDARCA740UC8,13.4198,58.0,2.0,439.466,test,7.44699239730835
/workspace/hbn_subset/R5/download/sub-NDARCA740UC8/eeg/sub-NDARCA740UC8_task-RestingState_eeg.set,R5,sub-NDARCA740UC8,13.4198,60.0,2.0,439.466,test,7.447002410888672
/workspace/hbn_subset/R5/download/sub-NDARCA740UC8/eeg/sub-NDARCA740UC8_task-RestingState_eeg.set,R5,sub-NDARCA740UC8,13.4198,62.0,2.0,439.466,test,7.447011470794678
/workspace/hbn_subset/R5/download/sub-NDARCA740UC8/eeg/sub-NDARCA740UC8_task-RestingState_eeg.set,R5,sub-NDARCA740UC8,13.4198,64.0,2.0,439.466,test,7.447019577026367
/workspace/hbn_subset/R5/download/sub-NDARCA740UC8/eeg/sub-NDARCA740UC8_task-RestingState_eeg.set,R5,sub-NDARCA740UC8,13.4198,66.0,2.0,439.466,test,7.447028636932373
/workspace/hbn_subset/R5/download/sub-NDARCA740UC8/eeg/sub-NDARCA740UC8_task-RestingState_eeg.set,R5,sub-NDARCA740UC8,13.4198,68.0,2.0,439.466,test,7.447037696838379
/workspace/hbn_subset/R5/download/sub-NDARCA740UC8/eeg/sub-NDARCA740UC8_task-RestingState_eeg.set,R5,sub-NDARCA740UC8,13.4198,70.0,2.0,439.466,test,7.44704532623291
/workspace/hbn_subset/R5/download/sub-NDARCA740UC8/eeg/sub-NDARCA740UC8_task-RestingState_eeg.set,R5,sub-NDARCA740UC8,13.4198,72.0,2.0,439.466,test,7.447052955627441
/workspace/hbn_subset/R5/download/sub-NDARCA740UC8/eeg/sub-NDARCA740UC8_task-RestingState_eeg.set,R5,sub-NDARCA740UC8,13.4198,74.0,2.0,439.466,test,7.447061061859131
/workspace/hbn_subset/R5/download/sub-NDARCA740UC8/eeg/sub-NDARCA740UC8_task-RestingState_eeg.set,R5,sub-NDARCA740UC8,13.4198,76.0,2.0,439.466,test,7.44706916809082
/workspace/hbn_subset/R5/download/sub-NDARCA740UC8/eeg/sub-NDARCA740UC8_task-RestingState_eeg.set,R5,sub-NDARCA740UC8,13.4198,78.0,2.0,439.466,test,7.447077751159668
/workspace/hbn_subset/R5/download/sub-NDARCA740UC8/eeg/sub-NDARCA740UC8_task-RestingState_eeg.set,R5,sub-NDARCA740UC8,13.4198,80.0,2.0,439.466,test,7.447083950042725
/workspace/hbn_subset/R5/download/sub-NDARCA740UC8/eeg/sub-NDARCA740UC8_task-RestingState_eeg.set,R5,sub-NDARCA740UC8,13.4198,82.0,2.0,439.466,test,7.447091579437256
/workspace/hbn_subset/R5/download/sub-NDARCA740UC8/eeg/sub-NDARCA740UC8_task-RestingState_eeg.set,R5,sub-NDARCA740UC8,13.4198,84.0,2.0,439.466,test,7.4471001625061035
/workspace/hbn_subset/R5/download/sub-NDARCA740UC8/eeg/sub-NDARCA740UC8_task-RestingState_eeg.set,R5,sub-NDARCA740UC8,13.4198,86.0,2.0,439.466,test,7.447106838226318
/workspace/hbn_subset/R5/download/sub-NDARCA740UC8/eeg/sub-NDARCA740UC8_task-RestingState_eeg.set,R5,sub-NDARCA740UC8,13.4198,88.0,2.0,439.466,test,7.447115898132324
/workspace/hbn_subset/R5/download/sub-NDARCA740UC8/eeg/sub-NDARCA740UC8_task-RestingState_eeg.set,R5,sub-NDARCA740UC8,13.4198,90.0,2.0,439.466,test,7.4471235275268555
/workspace/hbn_subset/R5/download/sub-NDARCA740UC8/eeg/sub-NDARCA740UC8_task-RestingState_eeg.set,R5,sub-NDARCA740UC8,13.4198,92.0,2.0,439.466,test,7.447132110595703
/workspace/hbn_subset/R5/download/sub-NDARCA740UC8/eeg/sub-NDARCA740UC8_task-RestingState_eeg.set,R5,sub-NDARCA740UC8,13.4198,94.0,2.0,439.466,test,7.447141170501709
/workspace/hbn_subset/R5/download/sub-NDARCA740UC8/eeg/sub-NDARCA740UC8_task-RestingState_eeg.set,R5,sub-NDARCA740UC8,13.4198,96.0,2.0,439.466,test,7.447149753570557
/workspace/hbn_subset/R5/download/sub-NDARCA740UC8/eeg/sub-NDARCA740UC8_task-RestingState_eeg.set,R5,sub-NDARCA740UC8,13.4198,98.0,2.0,439.466,test,7.447159290313721
/workspace/hbn_subset/R5/download/sub-NDARCA740UC8/eeg/sub-NDARCA740UC8_task-RestingState_eeg.set,R5,sub-NDARCA740UC8,13.4198,100.0,2.0,439.466,test,7.447170734405518
/workspace/hbn_subset/R5/download/sub-NDARCA740UC8/eeg/sub-NDARCA740UC8_task-RestingState_eeg.set,R5,sub-NDARCA740UC8,13.4198,102.0,2.0,439.466,test,7.447180271148682
/workspace/hbn_subset/R5/download/sub-NDARCA740UC8/eeg/sub-NDARCA740UC8_task-RestingState_eeg.set,R5,sub-NDARCA740UC8,13.4198,104.0,2.0,439.466,test,7.447192192077637
/workspace/hbn_subset/R5/download/sub-NDARCA740UC8/eeg/sub-NDARCA740UC8_task-RestingState_eeg.set,R5,sub-NDARCA740UC8,13.4198,106.0,2.0,439.466,test,7.447204113006592
/workspace/hbn_subset/R5/download/sub-NDARCA740UC8/eeg/sub-NDARCA740UC8_task-RestingState_eeg.set,R5,sub-NDARCA740UC8,13.4198,108.0,2.0,439.466,test,7.447216510772705
/workspace/hbn_subset/R5/download/sub-NDARCA740UC8/eeg/sub-NDARCA740UC8_task-RestingState_eeg.set,R5,sub-NDARCA740UC8,13.4198,110.0,2.0,439.466,test,7.447230815887451
/workspace/hbn_subset/R5/download/sub-NDARCA740UC8/eeg/sub-NDARCA740UC8_task-RestingState_eeg.set,R5,sub-NDARCA740UC8,13.4198,112.0,2.0,439.466,test,7.447246074676514
/workspace/hbn_subset/R5/download/sub-NDARCA740UC8/eeg/sub-NDARCA740UC8_task-RestingState_eeg.set,R5,sub-NDARCA740UC8,13.4198,114.0,2.0,439.466,test,7.447264194488525
/workspace/hbn_subset/R5/download/sub-NDARCA740UC8/eeg/sub-NDARCA740UC8_task-RestingState_eeg.set,R5,sub-NDARCA740UC8,13.4198,116.0,2.0,439.466,test,7.4472832679748535
/workspace/hbn_subset/R5/download/sub-NDARCA740UC8/eeg/sub-NDARCA740UC8_task-RestingState_eeg.set,R5,sub-NDARCA740UC8,13.4198,118.0,2.0,439.466,test,7.447305202484131
/workspace/hbn_subset/R5/download/sub-NDARCD661GL0/eeg/sub-NDARCD661GL0_task-RestingState_eeg.set,R5,sub-NDARCD661GL0,10.6021,0.0,2.0,345.912,test,7.773942947387695
/workspace/hbn_subset/R5/download/sub-NDARCD661GL0/eeg/sub-NDARCD661GL0_task-RestingState_eeg.set,R5,sub-NDARCD661GL0,10.6021,2.0,2.0,345.912,test,8.032272338867188
/workspace/hbn_subset/R5/download/sub-NDARCD661GL0/eeg/sub-NDARCD661GL0_task-RestingState_eeg.set,R5,sub-NDARCD661GL0,10.6021,4.0,2.0,345.912,test,7.9283976554870605
/workspace/hbn_subset/R5/download/sub-NDARCD661GL0/eeg/sub-NDARCD661GL0_task-RestingState_eeg.set,R5,sub-NDARCD661GL0,10.6021,6.0,2.0,345.912,test,7.5116868019104
/workspace/hbn_subset/R5/download/sub-NDARCD661GL0/eeg/sub-NDARCD661GL0_task-RestingState_eeg.set,R5,sub-NDARCD661GL0,10.6021,8.0,2.0,345.912,test,8.070534706115723
/workspace/hbn_subset/R5/download/sub-NDARCD661GL0/eeg/sub-NDARCD661GL0_task-RestingState_eeg.set,R5,sub-NDARCD661GL0,10.6021,10.0,2.0,345.912,test,8.10173225402832
/workspace/hbn_subset/R5/download/sub-NDARCD661GL0/eeg/sub-NDARCD661GL0_task-RestingState_eeg.set,R5,sub-NDARCD661GL0,10.6021,12.0,2.0,345.912,test,8.38874626159668
/workspace/hbn_subset/R5/download/sub-NDARCD661GL0/eeg/sub-NDARCD661GL0_task-RestingState_eeg.set,R5,sub-NDARCD661GL0,10.6021,14.0,2.0,345.912,test,8.487727165222168
/workspace/hbn_subset/R5/download/sub-NDARCD661GL0/eeg/sub-NDARCD661GL0_task-RestingState_eeg.set,R5,sub-NDARCD661GL0,10.6021,16.0,2.0,345.912,test,8.66343879699707
/workspace/hbn_subset/R5/download/sub-NDARCD661GL0/eeg/sub-NDARCD661GL0_task-RestingState_eeg.set,R5,sub-NDARCD661GL0,10.6021,18.0,2.0,345.912,test,8.820045471191406
/workspace/hbn_subset/R5/download/sub-NDARCD661GL0/eeg/sub-NDARCD661GL0_task-RestingState_eeg.set,R5,sub-NDARCD661GL0,10.6021,20.0,2.0,345.912,test,8.284089088439941
/workspace/hbn_subset/R5/download/sub-NDARCD661GL0/eeg/sub-NDARCD661GL0_task-RestingState_eeg.set,R5,sub-NDARCD661GL0,10.6021,22.0,2.0,345.912,test,9.586917877197266
/workspace/hbn_subset/R5/download/sub-NDARCD661GL0/eeg/sub-NDARCD661GL0_task-RestingState_eeg.set,R5,sub-NDARCD661GL0,10.6021,24.0,2.0,345.912,test,9.491065979003906
/workspace/hbn_subset/R5/download/sub-NDARCD661GL0/eeg/sub-NDARCD661GL0_task-RestingState_eeg.set,R5,sub-NDARCD661GL0,10.6021,26.0,2.0,345.912,test,9.300739288330078
/workspace/hbn_subset/R5/download/sub-NDARCD661GL0/eeg/sub-NDARCD661GL0_task-RestingState_eeg.set,R5,sub-NDARCD661GL0,10.6021,28.0,2.0,345.912,test,9.478793144226074
/workspace/hbn_subset/R5/download/sub-NDARCD661GL0/eeg/sub-NDARCD661GL0_task-RestingState_eeg.set,R5,sub-NDARCD661GL0,10.6021,30.0,2.0,345.912,test,9.795045852661133
/workspace/hbn_subset/R5/download/sub-NDARCD661GL0/eeg/sub-NDARCD661GL0_task-RestingState_eeg.set,R5,sub-NDARCD661GL0,10.6021,32.0,2.0,345.912,test,9.301079750061035
/workspace/hbn_subset/R5/download/sub-NDARCD661GL0/eeg/sub-NDARCD661GL0_task-RestingState_eeg.set,R5,sub-NDARCD661GL0,10.6021,34.0,2.0,345.912,test,9.295182228088379
/workspace/hbn_subset/R5/download/sub-NDARCD661GL0/eeg/sub-NDARCD661GL0_task-RestingState_eeg.set,R5,sub-NDARCD661GL0,10.6021,36.0,2.0,345.912,test,9.935586929321289
/workspace/hbn_subset/R5/download/sub-NDARCD661GL0/eeg/sub-NDARCD661GL0_task-RestingState_eeg.set,R5,sub-NDARCD661GL0,10.6021,38.0,2.0,345.912,test,9.139880180358887
/workspace/hbn_subset/R5/download/sub-NDARCD661GL0/eeg/sub-NDARCD661GL0_task-RestingState_eeg.set,R5,sub-NDARCD661GL0,10.6021,40.0,2.0,345.912,test,9.918543815612793
/workspace/hbn_subset/R5/download/sub-NDARCD661GL0/eeg/sub-NDARCD661GL0_task-RestingState_eeg.set,R5,sub-NDARCD661GL0,10.6021,42.0,2.0,345.912,test,9.772626876831055
/workspace/hbn_subset/R5/download/sub-NDARCD661GL0/eeg/sub-NDARCD661GL0_task-RestingState_eeg.set,R5,sub-NDARCD661GL0,10.6021,44.0,2.0,345.912,test,10.301281929016113
/workspace/hbn_subset/R5/download/sub-NDARCD661GL0/eeg/sub-NDARCD661GL0_task-RestingState_eeg.set,R5,sub-NDARCD661GL0,10.6021,46.0,2.0,345.912,test,9.407325744628906
/workspace/hbn_subset/R5/download/sub-NDARCD661GL0/eeg/sub-NDARCD661GL0_task-RestingState_eeg.set,R5,sub-NDARCD661GL0,10.6021,48.0,2.0,345.912,test,8.733652114868164
/workspace/hbn_subset/R5/download/sub-NDARCD661GL0/eeg/sub-NDARCD661GL0_task-RestingState_eeg.set,R5,sub-NDARCD661GL0,10.6021,50.0,2.0,345.912,test,9.194375038146973
/workspace/hbn_subset/R5/download/sub-NDARCD661GL0/eeg/sub-NDARCD661GL0_task-RestingState_eeg.set,R5,sub-NDARCD661GL0,10.6021,52.0,2.0,345.912,test,10.147210121154785
/workspace/hbn_subset/R5/download/sub-NDARCD661GL0/eeg/sub-NDARCD661GL0_task-RestingState_eeg.set,R5,sub-NDARCD661GL0,10.6021,54.0,2.0,345.912,test,9.852325439453125
/workspace/hbn_subset/R5/download/sub-NDARCD661GL0/eeg/sub-NDARCD661GL0_task-RestingState_eeg.set,R5,sub-NDARCD661GL0,10.6021,56.0,2.0,345.912,test,9.513226509094238
/workspace/hbn_subset/R5/download/sub-NDARCD661GL0/eeg/sub-NDARCD661GL0_task-RestingState_eeg.set,R5,sub-NDARCD661GL0,10.6021,58.0,2.0,345.912,test,10.153542518615723
/workspace/hbn_subset/R5/download/sub-NDARCD661GL0/eeg/sub-NDARCD661GL0_task-RestingState_eeg.set,R5,sub-NDARCD661GL0,10.6021,60.0,2.0,345.912,test,9.422809600830078
/workspace/hbn_subset/R5/download/sub-NDARCD661GL0/eeg/sub-NDARCD661GL0_task-RestingState_eeg.set,R5,sub-NDARCD661GL0,10.6021,62.0,2.0,345.912,test,9.203547477722168
/workspace/hbn_subset/R5/download/sub-NDARCD661GL0/eeg/sub-NDARCD661GL0_task-RestingState_eeg.set,R5,sub-NDARCD661GL0,10.6021,64.0,2.0,345.912,test,9.307639122009277
/workspace/hbn_subset/R5/download/sub-NDARCD661GL0/eeg/sub-NDARCD661GL0_task-RestingState_eeg.set,R5,sub-NDARCD661GL0,10.6021,66.0,2.0,345.912,test,8.611788749694824
/workspace/hbn_subset/R5/download/sub-NDARCD661GL0/eeg/sub-NDARCD661GL0_task-RestingState_eeg.set,R5,sub-NDARCD661GL0,10.6021,68.0,2.0,345.912,test,8.533834457397461
/workspace/hbn_subset/R5/download/sub-NDARCD661GL0/eeg/sub-NDARCD661GL0_task-RestingState_eeg.set,R5,sub-NDARCD661GL0,10.6021,70.0,2.0,345.912,test,8.556843757629395
/workspace/hbn_subset/R5/download/sub-NDARCD661GL0/eeg/sub-NDARCD661GL0_task-RestingState_eeg.set,R5,sub-NDARCD661GL0,10.6021,72.0,2.0,345.912,test,8.081122398376465
/workspace/hbn_subset/R5/download/sub-NDARCD661GL0/eeg/sub-NDARCD661GL0_task-RestingState_eeg.set,R5,sub-NDARCD661GL0,10.6021,74.0,2.0,345.912,test,7.633412837982178
/workspace/hbn_subset/R5/download/sub-NDARCD661GL0/eeg/sub-NDARCD661GL0_task-RestingState_eeg.set,R5,sub-NDARCD661GL0,10.6021,76.0,2.0,345.912,test,7.44036340713501
/workspace/hbn_subset/R5/download/sub-NDARCD661GL0/eeg/sub-NDARCD661GL0_task-RestingState_eeg.set,R5,sub-NDARCD661GL0,10.6021,78.0,2.0,345.912,test,7.4789862632751465
/workspace/hbn_subset/R5/download/sub-NDARCD661GL0/eeg/sub-NDARCD661GL0_task-RestingState_eeg.set,R5,sub-NDARCD661GL0,10.6021,80.0,2.0,345.912,test,7.601181507110596
/workspace/hbn_subset/R5/download/sub-NDARCD661GL0/eeg/sub-NDARCD661GL0_task-RestingState_eeg.set,R5,sub-NDARCD661GL0,10.6021,82.0,2.0,345.912,test,7.689019680023193
/workspace/hbn_subset/R5/download/sub-NDARCD661GL0/eeg/sub-NDARCD661GL0_task-RestingState_eeg.set,R5,sub-NDARCD661GL0,10.6021,84.0,2.0,345.912,test,8.16771411895752
/workspace/hbn_subset/R5/download/sub-NDARCD661GL0/eeg/sub-NDARCD661GL0_task-RestingState_eeg.set,R5,sub-NDARCD661GL0,10.6021,86.0,2.0,345.912,test,7.636445999145508
/workspace/hbn_subset/R5/download/sub-NDARCD661GL0/eeg/sub-NDARCD661GL0_task-RestingState_eeg.set,R5,sub-NDARCD661GL0,10.6021,88.0,2.0,345.912,test,7.8809590339660645
/workspace/hbn_subset/R5/download/sub-NDARCD661GL0/eeg/sub-NDARCD661GL0_task-RestingState_eeg.set,R5,sub-NDARCD661GL0,10.6021,90.0,2.0,345.912,test,7.706676006317139
/workspace/hbn_subset/R5/download/sub-NDARCD661GL0/eeg/sub-NDARCD661GL0_task-RestingState_eeg.set,R5,sub-NDARCD661GL0,10.6021,92.0,2.0,345.912,test,7.282760143280029
/workspace/hbn_subset/R5/download/sub-NDARCD661GL0/eeg/sub-NDARCD661GL0_task-RestingState_eeg.set,R5,sub-NDARCD661GL0,10.6021,94.0,2.0,345.912,test,7.799871444702148
/workspace/hbn_subset/R5/download/sub-NDARCD661GL0/eeg/sub-NDARCD661GL0_task-RestingState_eeg.set,R5,sub-NDARCD661GL0,10.6021,96.0,2.0,345.912,test,7.704822063446045
/workspace/hbn_subset/R5/download/sub-NDARCD661GL0/eeg/sub-NDARCD661GL0_task-RestingState_eeg.set,R5,sub-NDARCD661GL0,10.6021,98.0,2.0,345.912,test,7.834664821624756
/workspace/hbn_subset/R5/download/sub-NDARCD661GL0/eeg/sub-NDARCD661GL0_task-RestingState_eeg.set,R5,sub-NDARCD661GL0,10.6021,100.0,2.0,345.912,test,8.069526672363281
/workspace/hbn_subset/R5/download/sub-NDARCD661GL0/eeg/sub-NDARCD661GL0_task-RestingState_eeg.set,R5,sub-NDARCD661GL0,10.6021,102.0,2.0,345.912,test,7.938569068908691
/workspace/hbn_subset/R5/download/sub-NDARCD661GL0/eeg/sub-NDARCD661GL0_task-RestingState_eeg.set,R5,sub-NDARCD661GL0,10.6021,104.0,2.0,345.912,test,8.061712265014648
/workspace/hbn_subset/R5/download/sub-NDARCD661GL0/eeg/sub-NDARCD661GL0_task-RestingState_eeg.set,R5,sub-NDARCD661GL0,10.6021,106.0,2.0,345.912,test,7.899565696716309
/workspace/hbn_subset/R5/download/sub-NDARCD661GL0/eeg/sub-NDARCD661GL0_task-RestingState_eeg.set,R5,sub-NDARCD661GL0,10.6021,108.0,2.0,345.912,test,8.944825172424316
/workspace/hbn_subset/R5/download/sub-NDARCD661GL0/eeg/sub-NDARCD661GL0_task-RestingState_eeg.set,R5,sub-NDARCD661GL0,10.6021,110.0,2.0,345.912,test,8.80495548248291
/workspace/hbn_subset/R5/download/sub-NDARCD661GL0/eeg/sub-NDARCD661GL0_task-RestingState_eeg.set,R5,sub-NDARCD661GL0,10.6021,112.0,2.0,345.912,test,8.846506118774414
/workspace/hbn_subset/R5/download/sub-NDARCD661GL0/eeg/sub-NDARCD661GL0_task-RestingState_eeg.set,R5,sub-NDARCD661GL0,10.6021,114.0,2.0,345.912,test,9.209546089172363
/workspace/hbn_subset/R5/download/sub-NDARCD661GL0/eeg/sub-NDARCD661GL0_task-RestingState_eeg.set,R5,sub-NDARCD661GL0,10.6021,116.0,2.0,345.912,test,9.363320350646973
/workspace/hbn_subset/R5/download/sub-NDARCD661GL0/eeg/sub-NDARCD661GL0_task-RestingState_eeg.set,R5,sub-NDARCD661GL0,10.6021,118.0,2.0,345.912,test,10.027087211608887
/workspace/hbn_subset/R5/download/sub-NDARCG159AAP/eeg/sub-NDARCG159AAP_task-RestingState_eeg.set,R5,sub-NDARCG159AAP,10.0218,0.0,2.0,357.552,test,11.128108024597168
/workspace/hbn_subset/R5/download/sub-NDARCG159AAP/eeg/sub-NDARCG159AAP_task-RestingState_eeg.set,R5,sub-NDARCG159AAP,10.0218,2.0,2.0,357.552,test,12.902969360351562
/workspace/hbn_subset/R5/download/sub-NDARCG159AAP/eeg/sub-NDARCG159AAP_task-RestingState_eeg.set,R5,sub-NDARCG159AAP,10.0218,4.0,2.0,357.552,test,11.596742630004883
/workspace/hbn_subset/R5/download/sub-NDARCG159AAP/eeg/sub-NDARCG159AAP_task-RestingState_eeg.set,R5,sub-NDARCG159AAP,10.0218,6.0,2.0,357.552,test,14.102072715759277
/workspace/hbn_subset/R5/download/sub-NDARCG159AAP/eeg/sub-NDARCG159AAP_task-RestingState_eeg.set,R5,sub-NDARCG159AAP,10.0218,8.0,2.0,357.552,test,9.50517749786377
/workspace/hbn_subset/R5/download/sub-NDARCG159AAP/eeg/sub-NDARCG159AAP_task-RestingState_eeg.set,R5,sub-NDARCG159AAP,10.0218,10.0,2.0,357.552,test,15.274073600769043
/workspace/hbn_subset/R5/download/sub-NDARCG159AAP/eeg/sub-NDARCG159AAP_task-RestingState_eeg.set,R5,sub-NDARCG159AAP,10.0218,12.0,2.0,357.552,test,13.253069877624512
/workspace/hbn_subset/R5/download/sub-NDARCG159AAP/eeg/sub-NDARCG159AAP_task-RestingState_eeg.set,R5,sub-NDARCG159AAP,10.0218,14.0,2.0,357.552,test,15.923306465148926
/workspace/hbn_subset/R5/download/sub-NDARCG159AAP/eeg/sub-NDARCG159AAP_task-RestingState_eeg.set,R5,sub-NDARCG159AAP,10.0218,16.0,2.0,357.552,test,10.98188591003418
/workspace/hbn_subset/R5/download/sub-NDARCG159AAP/eeg/sub-NDARCG159AAP_task-RestingState_eeg.set,R5,sub-NDARCG159AAP,10.0218,18.0,2.0,357.552,test,13.172568321228027
/workspace/hbn_subset/R5/download/sub-NDARCG159AAP/eeg/sub-NDARCG159AAP_task-RestingState_eeg.set,R5,sub-NDARCG159AAP,10.0218,20.0,2.0,357.552,test,13.30159854888916
/workspace/hbn_subset/R5/download/sub-NDARCG159AAP/eeg/sub-NDARCG159AAP_task-RestingState_eeg.set,R5,sub-NDARCG159AAP,10.0218,22.0,2.0,357.552,test,16.034881591796875
/workspace/hbn_subset/R5/download/sub-NDARCG159AAP/eeg/sub-NDARCG159AAP_task-RestingState_eeg.set,R5,sub-NDARCG159AAP,10.0218,24.0,2.0,357.552,test,12.273999214172363
/workspace/hbn_subset/R5/download/sub-NDARCG159AAP/eeg/sub-NDARCG159AAP_task-RestingState_eeg.set,R5,sub-NDARCG159AAP,10.0218,26.0,2.0,357.552,test,14.78785514831543
/workspace/hbn_subset/R5/download/sub-NDARCG159AAP/eeg/sub-NDARCG159AAP_task-RestingState_eeg.set,R5,sub-NDARCG159AAP,10.0218,28.0,2.0,357.552,test,14.236063003540039
/workspace/hbn_subset/R5/download/sub-NDARCG159AAP/eeg/sub-NDARCG159AAP_task-RestingState_eeg.set,R5,sub-NDARCG159AAP,10.0218,30.0,2.0,357.552,test,11.654293060302734
/workspace/hbn_subset/R5/download/sub-NDARCG159AAP/eeg/sub-NDARCG159AAP_task-RestingState_eeg.set,R5,sub-NDARCG159AAP,10.0218,32.0,2.0,357.552,test,13.920977592468262
/workspace/hbn_subset/R5/download/sub-NDARCG159AAP/eeg/sub-NDARCG159AAP_task-RestingState_eeg.set,R5,sub-NDARCG159AAP,10.0218,34.0,2.0,357.552,test,11.530985832214355
/workspace/hbn_subset/R5/download/sub-NDARCG159AAP/eeg/sub-NDARCG159AAP_task-RestingState_eeg.set,R5,sub-NDARCG159AAP,10.0218,36.0,2.0,357.552,test,12.209604263305664
/workspace/hbn_subset/R5/download/sub-NDARCG159AAP/eeg/sub-NDARCG159AAP_task-RestingState_eeg.set,R5,sub-NDARCG159AAP,10.0218,38.0,2.0,357.552,test,14.99838638305664
/workspace/hbn_subset/R5/download/sub-NDARCG159AAP/eeg/sub-NDARCG159AAP_task-RestingState_eeg.set,R5,sub-NDARCG159AAP,10.0218,40.0,2.0,357.552,test,13.359046936035156
/workspace/hbn_subset/R5/download/sub-NDARCG159AAP/eeg/sub-NDARCG159AAP_task-RestingState_eeg.set,R5,sub-NDARCG159AAP,10.0218,42.0,2.0,357.552,test,13.187496185302734
/workspace/hbn_subset/R5/download/sub-NDARCG159AAP/eeg/sub-NDARCG159AAP_task-RestingState_eeg.set,R5,sub-NDARCG159AAP,10.0218,44.0,2.0,357.552,test,14.724136352539062
/workspace/hbn_subset/R5/download/sub-NDARCG159AAP/eeg/sub-NDARCG159AAP_task-RestingState_eeg.set,R5,sub-NDARCG159AAP,10.0218,46.0,2.0,357.552,test,12.768757820129395
/workspace/hbn_subset/R5/download/sub-NDARCG159AAP/eeg/sub-NDARCG159AAP_task-RestingState_eeg.set,R5,sub-NDARCG159AAP,10.0218,48.0,2.0,357.552,test,13.857661247253418
/workspace/hbn_subset/R5/download/sub-NDARCG159AAP/eeg/sub-NDARCG159AAP_task-RestingState_eeg.set,R5,sub-NDARCG159AAP,10.0218,50.0,2.0,357.552,test,13.529780387878418
/workspace/hbn_subset/R5/download/sub-NDARCG159AAP/eeg/sub-NDARCG159AAP_task-RestingState_eeg.set,R5,sub-NDARCG159AAP,10.0218,52.0,2.0,357.552,test,12.42304515838623
/workspace/hbn_subset/R5/download/sub-NDARCG159AAP/eeg/sub-NDARCG159AAP_task-RestingState_eeg.set,R5,sub-NDARCG159AAP,10.0218,54.0,2.0,357.552,test,13.054631233215332
/workspace/hbn_subset/R5/download/sub-NDARCG159AAP/eeg/sub-NDARCG159AAP_task-RestingState_eeg.set,R5,sub-NDARCG159AAP,10.0218,56.0,2.0,357.552,test,12.166349411010742
/workspace/hbn_subset/R5/download/sub-NDARCG159AAP/eeg/sub-NDARCG159AAP_task-RestingState_eeg.set,R5,sub-NDARCG159AAP,10.0218,58.0,2.0,357.552,test,14.760554313659668
/workspace/hbn_subset/R5/download/sub-NDARCG159AAP/eeg/sub-NDARCG159AAP_task-RestingState_eeg.set,R5,sub-NDARCG159AAP,10.0218,60.0,2.0,357.552,test,10.578198432922363
/workspace/hbn_subset/R5/download/sub-NDARCG159AAP/eeg/sub-NDARCG159AAP_task-RestingState_eeg.set,R5,sub-NDARCG159AAP,10.0218,62.0,2.0,357.552,test,13.825709342956543
/workspace/hbn_subset/R5/download/sub-NDARCG159AAP/eeg/sub-NDARCG159AAP_task-RestingState_eeg.set,R5,sub-NDARCG159AAP,10.0218,64.0,2.0,357.552,test,10.755305290222168
/workspace/hbn_subset/R5/download/sub-NDARCG159AAP/eeg/sub-NDARCG159AAP_task-RestingState_eeg.set,R5,sub-NDARCG159AAP,10.0218,66.0,2.0,357.552,test,12.159625053405762
/workspace/hbn_subset/R5/download/sub-NDARCG159AAP/eeg/sub-NDARCG159AAP_task-RestingState_eeg.set,R5,sub-NDARCG159AAP,10.0218,68.0,2.0,357.552,test,13.579530715942383
/workspace/hbn_subset/R5/download/sub-NDARCG159AAP/eeg/sub-NDARCG159AAP_task-RestingState_eeg.set,R5,sub-NDARCG159AAP,10.0218,70.0,2.0,357.552,test,13.22705078125
/workspace/hbn_subset/R5/download/sub-NDARCG159AAP/eeg/sub-NDARCG159AAP_task-RestingState_eeg.set,R5,sub-NDARCG159AAP,10.0218,72.0,2.0,357.552,test,12.868327140808105
/workspace/hbn_subset/R5/download/sub-NDARCG159AAP/eeg/sub-NDARCG159AAP_task-RestingState_eeg.set,R5,sub-NDARCG159AAP,10.0218,74.0,2.0,357.552,test,14.490484237670898
/workspace/hbn_subset/R5/download/sub-NDARCG159AAP/eeg/sub-NDARCG159AAP_task-RestingState_eeg.set,R5,sub-NDARCG159AAP,10.0218,76.0,2.0,357.552,test,11.410248756408691
/workspace/hbn_subset/R5/download/sub-NDARCG159AAP/eeg/sub-NDARCG159AAP_task-RestingState_eeg.set,R5,sub-NDARCG159AAP,10.0218,78.0,2.0,357.552,test,12.908513069152832
/workspace/hbn_subset/R5/download/sub-NDARCG159AAP/eeg/sub-NDARCG159AAP_task-RestingState_eeg.set,R5,sub-NDARCG159AAP,10.0218,80.0,2.0,357.552,test,13.026664733886719
/workspace/hbn_subset/R5/download/sub-NDARCG159AAP/eeg/sub-NDARCG159AAP_task-RestingState_eeg.set,R5,sub-NDARCG159AAP,10.0218,82.0,2.0,357.552,test,16.322940826416016
/workspace/hbn_subset/R5/download/sub-NDARCG159AAP/eeg/sub-NDARCG159AAP_task-RestingState_eeg.set,R5,sub-NDARCG159AAP,10.0218,84.0,2.0,357.552,test,13.614492416381836
/workspace/hbn_subset/R5/download/sub-NDARCG159AAP/eeg/sub-NDARCG159AAP_task-RestingState_eeg.set,R5,sub-NDARCG159AAP,10.0218,86.0,2.0,357.552,test,12.355169296264648
/workspace/hbn_subset/R5/download/sub-NDARCG159AAP/eeg/sub-NDARCG159AAP_task-RestingState_eeg.set,R5,sub-NDARCG159AAP,10.0218,88.0,2.0,357.552,test,12.898865699768066
/workspace/hbn_subset/R5/download/sub-NDARCG159AAP/eeg/sub-NDARCG159AAP_task-RestingState_eeg.set,R5,sub-NDARCG159AAP,10.0218,90.0,2.0,357.552,test,13.897167205810547
/workspace/hbn_subset/R5/download/sub-NDARCG159AAP/eeg/sub-NDARCG159AAP_task-RestingState_eeg.set,R5,sub-NDARCG159AAP,10.0218,92.0,2.0,357.552,test,11.693085670471191
/workspace/hbn_subset/R5/download/sub-NDARCG159AAP/eeg/sub-NDARCG159AAP_task-RestingState_eeg.set,R5,sub-NDARCG159AAP,10.0218,94.0,2.0,357.552,test,13.91699504852295
/workspace/hbn_subset/R5/download/sub-NDARCG159AAP/eeg/sub-NDARCG159AAP_task-RestingState_eeg.set,R5,sub-NDARCG159AAP,10.0218,96.0,2.0,357.552,test,12.489764213562012
/workspace/hbn_subset/R5/download/sub-NDARCG159AAP/eeg/sub-NDARCG159AAP_task-RestingState_eeg.set,R5,sub-NDARCG159AAP,10.0218,98.0,2.0,357.552,test,11.614880561828613
/workspace/hbn_subset/R5/download/sub-NDARCG159AAP/eeg/sub-NDARCG159AAP_task-RestingState_eeg.set,R5,sub-NDARCG159AAP,10.0218,100.0,2.0,357.552,test,11.615519523620605
/workspace/hbn_subset/R5/download/sub-NDARCG159AAP/eeg/sub-NDARCG159AAP_task-RestingState_eeg.set,R5,sub-NDARCG159AAP,10.0218,102.0,2.0,357.552,test,13.043696403503418
/workspace/hbn_subset/R5/download/sub-NDARCG159AAP/eeg/sub-NDARCG159AAP_task-RestingState_eeg.set,R5,sub-NDARCG159AAP,10.0218,104.0,2.0,357.552,test,10.244949340820312
/workspace/hbn_subset/R5/download/sub-NDARCG159AAP/eeg/sub-NDARCG159AAP_task-RestingState_eeg.set,R5,sub-NDARCG159AAP,10.0218,106.0,2.0,357.552,test,11.567058563232422
/workspace/hbn_subset/R5/download/sub-NDARCG159AAP/eeg/sub-NDARCG159AAP_task-RestingState_eeg.set,R5,sub-NDARCG159AAP,10.0218,108.0,2.0,357.552,test,12.392879486083984
/workspace/hbn_subset/R5/download/sub-NDARCG159AAP/eeg/sub-NDARCG159AAP_task-RestingState_eeg.set,R5,sub-NDARCG159AAP,10.0218,110.0,2.0,357.552,test,14.414318084716797
/workspace/hbn_subset/R5/download/sub-NDARCG159AAP/eeg/sub-NDARCG159AAP_task-RestingState_eeg.set,R5,sub-NDARCG159AAP,10.0218,112.0,2.0,357.552,test,11.230866432189941
/workspace/hbn_subset/R5/download/sub-NDARCG159AAP/eeg/sub-NDARCG159AAP_task-RestingState_eeg.set,R5,sub-NDARCG159AAP,10.0218,114.0,2.0,357.552,test,14.55248737335205
/workspace/hbn_subset/R5/download/sub-NDARCG159AAP/eeg/sub-NDARCG159AAP_task-RestingState_eeg.set,R5,sub-NDARCG159AAP,10.0218,116.0,2.0,357.552,test,10.409317016601562
/workspace/hbn_subset/R5/download/sub-NDARCG159AAP/eeg/sub-NDARCG159AAP_task-RestingState_eeg.set,R5,sub-NDARCG159AAP,10.0218,118.0,2.0,357.552,test,10.894632339477539
/workspace/hbn_subset/R5/download/sub-NDARCG438NML/eeg/sub-NDARCG438NML_task-RestingState_eeg.set,R5,sub-NDARCG438NML,16.1386,0.0,2.0,356.47,test,13.217241287231445
/workspace/hbn_subset/R5/download/sub-NDARCG438NML/eeg/sub-NDARCG438NML_task-RestingState_eeg.set,R5,sub-NDARCG438NML,16.1386,2.0,2.0,356.47,test,13.003941535949707
/workspace/hbn_subset/R5/download/sub-NDARCG438NML/eeg/sub-NDARCG438NML_task-RestingState_eeg.set,R5,sub-NDARCG438NML,16.1386,4.0,2.0,356.47,test,13.748880386352539
/workspace/hbn_subset/R5/download/sub-NDARCG438NML/eeg/sub-NDARCG438NML_task-RestingState_eeg.set,R5,sub-NDARCG438NML,16.1386,6.0,2.0,356.47,test,11.88717269897461
/workspace/hbn_subset/R5/download/sub-NDARCG438NML/eeg/sub-NDARCG438NML_task-RestingState_eeg.set,R5,sub-NDARCG438NML,16.1386,8.0,2.0,356.47,test,11.821612358093262
/workspace/hbn_subset/R5/download/sub-NDARCG438NML/eeg/sub-NDARCG438NML_task-RestingState_eeg.set,R5,sub-NDARCG438NML,16.1386,10.0,2.0,356.47,test,11.219284057617188
/workspace/hbn_subset/R5/download/sub-NDARCG438NML/eeg/sub-NDARCG438NML_task-RestingState_eeg.set,R5,sub-NDARCG438NML,16.1386,12.0,2.0,356.47,test,11.671539306640625
/workspace/hbn_subset/R5/download/sub-NDARCG438NML/eeg/sub-NDARCG438NML_task-RestingState_eeg.set,R5,sub-NDARCG438NML,16.1386,14.0,2.0,356.47,test,12.072821617126465
/workspace/hbn_subset/R5/download/sub-NDARCG438NML/eeg/sub-NDARCG438NML_task-RestingState_eeg.set,R5,sub-NDARCG438NML,16.1386,16.0,2.0,356.47,test,11.719803810119629
/workspace/hbn_subset/R5/download/sub-NDARCG438NML/eeg/sub-NDARCG438NML_task-RestingState_eeg.set,R5,sub-NDARCG438NML,16.1386,18.0,2.0,356.47,test,12.149983406066895
/workspace/hbn_subset/R5/download/sub-NDARCG438NML/eeg/sub-NDARCG438NML_task-RestingState_eeg.set,R5,sub-NDARCG438NML,16.1386,20.0,2.0,356.47,test,14.57778263092041
/workspace/hbn_subset/R5/download/sub-NDARCG438NML/eeg/sub-NDARCG438NML_task-RestingState_eeg.set,R5,sub-NDARCG438NML,16.1386,22.0,2.0,356.47,test,13.6548490524292
/workspace/hbn_subset/R5/download/sub-NDARCG438NML/eeg/sub-NDARCG438NML_task-RestingState_eeg.set,R5,sub-NDARCG438NML,16.1386,24.0,2.0,356.47,test,14.483386993408203
/workspace/hbn_subset/R5/download/sub-NDARCG438NML/eeg/sub-NDARCG438NML_task-RestingState_eeg.set,R5,sub-NDARCG438NML,16.1386,26.0,2.0,356.47,test,13.731218338012695
/workspace/hbn_subset/R5/download/sub-NDARCG438NML/eeg/sub-NDARCG438NML_task-RestingState_eeg.set,R5,sub-NDARCG438NML,16.1386,28.0,2.0,356.47,test,14.702982902526855
/workspace/hbn_subset/R5/download/sub-NDARCG438NML/eeg/sub-NDARCG438NML_task-RestingState_eeg.set,R5,sub-NDARCG438NML,16.1386,30.0,2.0,356.47,test,12.431565284729004
/workspace/hbn_subset/R5/download/sub-NDARCG438NML/eeg/sub-NDARCG438NML_task-RestingState_eeg.set,R5,sub-NDARCG438NML,16.1386,32.0,2.0,356.47,test,11.657946586608887
/workspace/hbn_subset/R5/download/sub-NDARCG438NML/eeg/sub-NDARCG438NML_task-RestingState_eeg.set,R5,sub-NDARCG438NML,16.1386,34.0,2.0,356.47,test,11.230177879333496
/workspace/hbn_subset/R5/download/sub-NDARCG438NML/eeg/sub-NDARCG438NML_task-RestingState_eeg.set,R5,sub-NDARCG438NML,16.1386,36.0,2.0,356.47,test,10.361510276794434
/workspace/hbn_subset/R5/download/sub-NDARCG438NML/eeg/sub-NDARCG438NML_task-RestingState_eeg.set,R5,sub-NDARCG438NML,16.1386,38.0,2.0,356.47,test,11.29720401763916
/workspace/hbn_subset/R5/download/sub-NDARCG438NML/eeg/sub-NDARCG438NML_task-RestingState_eeg.set,R5,sub-NDARCG438NML,16.1386,40.0,2.0,356.47,test,11.2185640335083
/workspace/hbn_subset/R5/download/sub-NDARCG438NML/eeg/sub-NDARCG438NML_task-RestingState_eeg.set,R5,sub-NDARCG438NML,16.1386,42.0,2.0,356.47,test,10.44945240020752
/workspace/hbn_subset/R5/download/sub-NDARCG438NML/eeg/sub-NDARCG438NML_task-RestingState_eeg.set,R5,sub-NDARCG438NML,16.1386,44.0,2.0,356.47,test,11.931731224060059
/workspace/hbn_subset/R5/download/sub-NDARCG438NML/eeg/sub-NDARCG438NML_task-RestingState_eeg.set,R5,sub-NDARCG438NML,16.1386,46.0,2.0,356.47,test,11.426846504211426
/workspace/hbn_subset/R5/download/sub-NDARCG438NML/eeg/sub-NDARCG438NML_task-RestingState_eeg.set,R5,sub-NDARCG438NML,16.1386,48.0,2.0,356.47,test,12.326347351074219
/workspace/hbn_subset/R5/download/sub-NDARCG438NML/eeg/sub-NDARCG438NML_task-RestingState_eeg.set,R5,sub-NDARCG438NML,16.1386,50.0,2.0,356.47,test,13.0652494430542
/workspace/hbn_subset/R5/download/sub-NDARCG438NML/eeg/sub-NDARCG438NML_task-RestingState_eeg.set,R5,sub-NDARCG438NML,16.1386,52.0,2.0,356.47,test,12.146507263183594
/workspace/hbn_subset/R5/download/sub-NDARCG438NML/eeg/sub-NDARCG438NML_task-RestingState_eeg.set,R5,sub-NDARCG438NML,16.1386,54.0,2.0,356.47,test,13.932768821716309
/workspace/hbn_subset/R5/download/sub-NDARCG438NML/eeg/sub-NDARCG438NML_task-RestingState_eeg.set,R5,sub-NDARCG438NML,16.1386,56.0,2.0,356.47,test,12.136713981628418
/workspace/hbn_subset/R5/download/sub-NDARCG438NML/eeg/sub-NDARCG438NML_task-RestingState_eeg.set,R5,sub-NDARCG438NML,16.1386,58.0,2.0,356.47,test,13.971976280212402
/workspace/hbn_subset/R5/download/sub-NDARCG438NML/eeg/sub-NDARCG438NML_task-RestingState_eeg.set,R5,sub-NDARCG438NML,16.1386,60.0,2.0,356.47,test,12.536030769348145
/workspace/hbn_subset/R5/download/sub-NDARCG438NML/eeg/sub-NDARCG438NML_task-RestingState_eeg.set,R5,sub-NDARCG438NML,16.1386,62.0,2.0,356.47,test,13.030692100524902
/workspace/hbn_subset/R5/download/sub-NDARCG438NML/eeg/sub-NDARCG438NML_task-RestingState_eeg.set,R5,sub-NDARCG438NML,16.1386,64.0,2.0,356.47,test,12.129323959350586
/workspace/hbn_subset/R5/download/sub-NDARCG438NML/eeg/sub-NDARCG438NML_task-RestingState_eeg.set,R5,sub-NDARCG438NML,16.1386,66.0,2.0,356.47,test,11.250885009765625
/workspace/hbn_subset/R5/download/sub-NDARCG438NML/eeg/sub-NDARCG438NML_task-RestingState_eeg.set,R5,sub-NDARCG438NML,16.1386,68.0,2.0,356.47,test,10.170716285705566
/workspace/hbn_subset/R5/download/sub-NDARCG438NML/eeg/sub-NDARCG438NML_task-RestingState_eeg.set,R5,sub-NDARCG438NML,16.1386,70.0,2.0,356.47,test,12.349684715270996
/workspace/hbn_subset/R5/download/sub-NDARCG438NML/eeg/sub-NDARCG438NML_task-RestingState_eeg.set,R5,sub-NDARCG438NML,16.1386,72.0,2.0,356.47,test,12.476926803588867
/workspace/hbn_subset/R5/download/sub-NDARCG438NML/eeg/sub-NDARCG438NML_task-RestingState_eeg.set,R5,sub-NDARCG438NML,16.1386,74.0,2.0,356.47,test,14.852163314819336
/workspace/hbn_subset/R5/download/sub-NDARCG438NML/eeg/sub-NDARCG438NML_task-RestingState_eeg.set,R5,sub-NDARCG438NML,16.1386,76.0,2.0,356.47,test,14.021952629089355
/workspace/hbn_subset/R5/download/sub-NDARCG438NML/eeg/sub-NDARCG438NML_task-RestingState_eeg.set,R5,sub-NDARCG438NML,16.1386,78.0,2.0,356.47,test,12.846293449401855
/workspace/hbn_subset/R5/download/sub-NDARCG438NML/eeg/sub-NDARCG438NML_task-RestingState_eeg.set,R5,sub-NDARCG438NML,16.1386,80.0,2.0,356.47,test,13.72796630859375
/workspace/hbn_subset/R5/download/sub-NDARCG438NML/eeg/sub-NDARCG438NML_task-RestingState_eeg.set,R5,sub-NDARCG438NML,16.1386,82.0,2.0,356.47,test,13.786860466003418
/workspace/hbn_subset/R5/download/sub-NDARCG438NML/eeg/sub-NDARCG438NML_task-RestingState_eeg.set,R5,sub-NDARCG438NML,16.1386,84.0,2.0,356.47,test,14.053605079650879
/workspace/hbn_subset/R5/download/sub-NDARCG438NML/eeg/sub-NDARCG438NML_task-RestingState_eeg.set,R5,sub-NDARCG438NML,16.1386,86.0,2.0,356.47,test,11.80146598815918
/workspace/hbn_subset/R5/download/sub-NDARCG438NML/eeg/sub-NDARCG438NML_task-RestingState_eeg.set,R5,sub-NDARCG438NML,16.1386,88.0,2.0,356.47,test,11.385740280151367
/workspace/hbn_subset/R5/download/sub-NDARCG438NML/eeg/sub-NDARCG438NML_task-RestingState_eeg.set,R5,sub-NDARCG438NML,16.1386,90.0,2.0,356.47,test,12.874259948730469
/workspace/hbn_subset/R5/download/sub-NDARCG438NML/eeg/sub-NDARCG438NML_task-RestingState_eeg.set,R5,sub-NDARCG438NML,16.1386,92.0,2.0,356.47,test,13.285841941833496
/workspace/hbn_subset/R5/download/sub-NDARCG438NML/eeg/sub-NDARCG438NML_task-RestingState_eeg.set,R5,sub-NDARCG438NML,16.1386,94.0,2.0,356.47,test,13.194767951965332
/workspace/hbn_subset/R5/download/sub-NDARCG438NML/eeg/sub-NDARCG438NML_task-RestingState_eeg.set,R5,sub-NDARCG438NML,16.1386,96.0,2.0,356.47,test,12.27497386932373
/workspace/hbn_subset/R5/download/sub-NDARCG438NML/eeg/sub-NDARCG438NML_task-RestingState_eeg.set,R5,sub-NDARCG438NML,16.1386,98.0,2.0,356.47,test,15.36110782623291
/workspace/hbn_subset/R5/download/sub-NDARCG438NML/eeg/sub-NDARCG438NML_task-RestingState_eeg.set,R5,sub-NDARCG438NML,16.1386,100.0,2.0,356.47,test,12.273171424865723
/workspace/hbn_subset/R5/download/sub-NDARCG438NML/eeg/sub-NDARCG438NML_task-RestingState_eeg.set,R5,sub-NDARCG438NML,16.1386,102.0,2.0,356.47,test,9.702850341796875
/workspace/hbn_subset/R5/download/sub-NDARCG438NML/eeg/sub-NDARCG438NML_task-RestingState_eeg.set,R5,sub-NDARCG438NML,16.1386,104.0,2.0,356.47,test,14.263875961303711
/workspace/hbn_subset/R5/download/sub-NDARCG438NML/eeg/sub-NDARCG438NML_task-RestingState_eeg.set,R5,sub-NDARCG438NML,16.1386,106.0,2.0,356.47,test,12.649177551269531
/workspace/hbn_subset/R5/download/sub-NDARCG438NML/eeg/sub-NDARCG438NML_task-RestingState_eeg.set,R5,sub-NDARCG438NML,16.1386,108.0,2.0,356.47,test,11.215457916259766
/workspace/hbn_subset/R5/download/sub-NDARCG438NML/eeg/sub-NDARCG438NML_task-RestingState_eeg.set,R5,sub-NDARCG438NML,16.1386,110.0,2.0,356.47,test,11.474835395812988
/workspace/hbn_subset/R5/download/sub-NDARCG438NML/eeg/sub-NDARCG438NML_task-RestingState_eeg.set,R5,sub-NDARCG438NML,16.1386,112.0,2.0,356.47,test,14.351095199584961
/workspace/hbn_subset/R5/download/sub-NDARCG438NML/eeg/sub-NDARCG438NML_task-RestingState_eeg.set,R5,sub-NDARCG438NML,16.1386,114.0,2.0,356.47,test,11.58241081237793
/workspace/hbn_subset/R5/download/sub-NDARCG438NML/eeg/sub-NDARCG438NML_task-RestingState_eeg.set,R5,sub-NDARCG438NML,16.1386,116.0,2.0,356.47,test,11.6159086227417
/workspace/hbn_subset/R5/download/sub-NDARCG438NML/eeg/sub-NDARCG438NML_task-RestingState_eeg.set,R5,sub-NDARCG438NML,16.1386,118.0,2.0,356.47,test,17.291879653930664
/workspace/hbn_subset/R5/download/sub-NDARCH868WVX/eeg/sub-NDARCH868WVX_task-RestingState_eeg.set,R5,sub-NDARCH868WVX,5.7369,0.0,2.0,393.114,test,7.20607852935791
/workspace/hbn_subset/R5/download/sub-NDARCH868WVX/eeg/sub-NDARCH868WVX_task-RestingState_eeg.set,R5,sub-NDARCH868WVX,5.7369,2.0,2.0,393.114,test,7.7424726486206055
/workspace/hbn_subset/R5/download/sub-NDARCH868WVX/eeg/sub-NDARCH868WVX_task-RestingState_eeg.set,R5,sub-NDARCH868WVX,5.7369,4.0,2.0,393.114,test,7.152491092681885
/workspace/hbn_subset/R5/download/sub-NDARCH868WVX/eeg/sub-NDARCH868WVX_task-RestingState_eeg.set,R5,sub-NDARCH868WVX,5.7369,6.0,2.0,393.114,test,7.376339435577393
/workspace/hbn_subset/R5/download/sub-NDARCH868WVX/eeg/sub-NDARCH868WVX_task-RestingState_eeg.set,R5,sub-NDARCH868WVX,5.7369,8.0,2.0,393.114,test,7.872872352600098
/workspace/hbn_subset/R5/download/sub-NDARCH868WVX/eeg/sub-NDARCH868WVX_task-RestingState_eeg.set,R5,sub-NDARCH868WVX,5.7369,10.0,2.0,393.114,test,7.534280776977539
/workspace/hbn_subset/R5/download/sub-NDARCH868WVX/eeg/sub-NDARCH868WVX_task-RestingState_eeg.set,R5,sub-NDARCH868WVX,5.7369,12.0,2.0,393.114,test,7.114980697631836
/workspace/hbn_subset/R5/download/sub-NDARCH868WVX/eeg/sub-NDARCH868WVX_task-RestingState_eeg.set,R5,sub-NDARCH868WVX,5.7369,14.0,2.0,393.114,test,7.35589599609375
/workspace/hbn_subset/R5/download/sub-NDARCH868WVX/eeg/sub-NDARCH868WVX_task-RestingState_eeg.set,R5,sub-NDARCH868WVX,5.7369,16.0,2.0,393.114,test,7.85106897354126
/workspace/hbn_subset/R5/download/sub-NDARCH868WVX/eeg/sub-NDARCH868WVX_task-RestingState_eeg.set,R5,sub-NDARCH868WVX,5.7369,18.0,2.0,393.114,test,7.26228141784668
/workspace/hbn_subset/R5/download/sub-NDARCH868WVX/eeg/sub-NDARCH868WVX_task-RestingState_eeg.set,R5,sub-NDARCH868WVX,5.7369,20.0,2.0,393.114,test,7.816161632537842
/workspace/hbn_subset/R5/download/sub-NDARCH868WVX/eeg/sub-NDARCH868WVX_task-RestingState_eeg.set,R5,sub-NDARCH868WVX,5.7369,22.0,2.0,393.114,test,7.755331516265869
/workspace/hbn_subset/R5/download/sub-NDARCH868WVX/eeg/sub-NDARCH868WVX_task-RestingState_eeg.set,R5,sub-NDARCH868WVX,5.7369,24.0,2.0,393.114,test,7.025424480438232
/workspace/hbn_subset/R5/download/sub-NDARCH868WVX/eeg/sub-NDARCH868WVX_task-RestingState_eeg.set,R5,sub-NDARCH868WVX,5.7369,26.0,2.0,393.114,test,7.761348247528076
/workspace/hbn_subset/R5/download/sub-NDARCH868WVX/eeg/sub-NDARCH868WVX_task-RestingState_eeg.set,R5,sub-NDARCH868WVX,5.7369,28.0,2.0,393.114,test,7.3058180809021
/workspace/hbn_subset/R5/download/sub-NDARCH868WVX/eeg/sub-NDARCH868WVX_task-RestingState_eeg.set,R5,sub-NDARCH868WVX,5.7369,30.0,2.0,393.114,test,7.476170063018799
/workspace/hbn_subset/R5/download/sub-NDARCH868WVX/eeg/sub-NDARCH868WVX_task-RestingState_eeg.set,R5,sub-NDARCH868WVX,5.7369,32.0,2.0,393.114,test,6.950240135192871
/workspace/hbn_subset/R5/download/sub-NDARCH868WVX/eeg/sub-NDARCH868WVX_task-RestingState_eeg.set,R5,sub-NDARCH868WVX,5.7369,34.0,2.0,393.114,test,7.353269577026367
/workspace/hbn_subset/R5/download/sub-NDARCH868WVX/eeg/sub-NDARCH868WVX_task-RestingState_eeg.set,R5,sub-NDARCH868WVX,5.7369,36.0,2.0,393.114,test,7.763340950012207
/workspace/hbn_subset/R5/download/sub-NDARCH868WVX/eeg/sub-NDARCH868WVX_task-RestingState_eeg.set,R5,sub-NDARCH868WVX,5.7369,38.0,2.0,393.114,test,7.532593727111816
/workspace/hbn_subset/R5/download/sub-NDARCH868WVX/eeg/sub-NDARCH868WVX_task-RestingState_eeg.set,R5,sub-NDARCH868WVX,5.7369,40.0,2.0,393.114,test,7.999321937561035
/workspace/hbn_subset/R5/download/sub-NDARCH868WVX/eeg/sub-NDARCH868WVX_task-RestingState_eeg.set,R5,sub-NDARCH868WVX,5.7369,42.0,2.0,393.114,test,8.226262092590332
/workspace/hbn_subset/R5/download/sub-NDARCH868WVX/eeg/sub-NDARCH868WVX_task-RestingState_eeg.set,R5,sub-NDARCH868WVX,5.7369,44.0,2.0,393.114,test,6.753513336181641
/workspace/hbn_subset/R5/download/sub-NDARCH868WVX/eeg/sub-NDARCH868WVX_task-RestingState_eeg.set,R5,sub-NDARCH868WVX,5.7369,46.0,2.0,393.114,test,7.471485614776611
/workspace/hbn_subset/R5/download/sub-NDARCH868WVX/eeg/sub-NDARCH868WVX_task-RestingState_eeg.set,R5,sub-NDARCH868WVX,5.7369,48.0,2.0,393.114,test,7.402327537536621
/workspace/hbn_subset/R5/download/sub-NDARCH868WVX/eeg/sub-NDARCH868WVX_task-RestingState_eeg.set,R5,sub-NDARCH868WVX,5.7369,50.0,2.0,393.114,test,7.053653717041016
/workspace/hbn_subset/R5/download/sub-NDARCH868WVX/eeg/sub-NDARCH868WVX_task-RestingState_eeg.set,R5,sub-NDARCH868WVX,5.7369,52.0,2.0,393.114,test,7.70026159286499
/workspace/hbn_subset/R5/download/sub-NDARCH868WVX/eeg/sub-NDARCH868WVX_task-RestingState_eeg.set,R5,sub-NDARCH868WVX,5.7369,54.0,2.0,393.114,test,8.556892395019531
/workspace/hbn_subset/R5/download/sub-NDARCH868WVX/eeg/sub-NDARCH868WVX_task-RestingState_eeg.set,R5,sub-NDARCH868WVX,5.7369,56.0,2.0,393.114,test,8.244264602661133
/workspace/hbn_subset/R5/download/sub-NDARCH868WVX/eeg/sub-NDARCH868WVX_task-RestingState_eeg.set,R5,sub-NDARCH868WVX,5.7369,58.0,2.0,393.114,test,7.339320182800293
/workspace/hbn_subset/R5/download/sub-NDARCH868WVX/eeg/sub-NDARCH868WVX_task-RestingState_eeg.set,R5,sub-NDARCH868WVX,5.7369,60.0,2.0,393.114,test,7.887518882751465
/workspace/hbn_subset/R5/download/sub-NDARCH868WVX/eeg/sub-NDARCH868WVX_task-RestingState_eeg.set,R5,sub-NDARCH868WVX,5.7369,62.0,2.0,393.114,test,7.857268333435059
/workspace/hbn_subset/R5/download/sub-NDARCH868WVX/eeg/sub-NDARCH868WVX_task-RestingState_eeg.set,R5,sub-NDARCH868WVX,5.7369,64.0,2.0,393.114,test,7.880713939666748
/workspace/hbn_subset/R5/download/sub-NDARCH868WVX/eeg/sub-NDARCH868WVX_task-RestingState_eeg.set,R5,sub-NDARCH868WVX,5.7369,66.0,2.0,393.114,test,7.3287177085876465
/workspace/hbn_subset/R5/download/sub-NDARCH868WVX/eeg/sub-NDARCH868WVX_task-RestingState_eeg.set,R5,sub-NDARCH868WVX,5.7369,68.0,2.0,393.114,test,7.040595531463623
/workspace/hbn_subset/R5/download/sub-NDARCH868WVX/eeg/sub-NDARCH868WVX_task-RestingState_eeg.set,R5,sub-NDARCH868WVX,5.7369,70.0,2.0,393.114,test,7.403989791870117
/workspace/hbn_subset/R5/download/sub-NDARCH868WVX/eeg/sub-NDARCH868WVX_task-RestingState_eeg.set,R5,sub-NDARCH868WVX,5.7369,72.0,2.0,393.114,test,7.266801357269287
/workspace/hbn_subset/R5/download/sub-NDARCH868WVX/eeg/sub-NDARCH868WVX_task-RestingState_eeg.set,R5,sub-NDARCH868WVX,5.7369,74.0,2.0,393.114,test,7.4717230796813965
/workspace/hbn_subset/R5/download/sub-NDARCH868WVX/eeg/sub-NDARCH868WVX_task-RestingState_eeg.set,R5,sub-NDARCH868WVX,5.7369,76.0,2.0,393.114,test,6.831305503845215
/workspace/hbn_subset/R5/download/sub-NDARCH868WVX/eeg/sub-NDARCH868WVX_task-RestingState_eeg.set,R5,sub-NDARCH868WVX,5.7369,78.0,2.0,393.114,test,7.432671546936035
/workspace/hbn_subset/R5/download/sub-NDARCH868WVX/eeg/sub-NDARCH868WVX_task-RestingState_eeg.set,R5,sub-NDARCH868WVX,5.7369,80.0,2.0,393.114,test,6.737617492675781
/workspace/hbn_subset/R5/download/sub-NDARCH868WVX/eeg/sub-NDARCH868WVX_task-RestingState_eeg.set,R5,sub-NDARCH868WVX,5.7369,82.0,2.0,393.114,test,8.522577285766602
/workspace/hbn_subset/R5/download/sub-NDARCH868WVX/eeg/sub-NDARCH868WVX_task-RestingState_eeg.set,R5,sub-NDARCH868WVX,5.7369,84.0,2.0,393.114,test,7.519983768463135
/workspace/hbn_subset/R5/download/sub-NDARCH868WVX/eeg/sub-NDARCH868WVX_task-RestingState_eeg.set,R5,sub-NDARCH868WVX,5.7369,86.0,2.0,393.114,test,7.771451950073242
/workspace/hbn_subset/R5/download/sub-NDARCH868WVX/eeg/sub-NDARCH868WVX_task-RestingState_eeg.set,R5,sub-NDARCH868WVX,5.7369,88.0,2.0,393.114,test,8.123991966247559
/workspace/hbn_subset/R5/download/sub-NDARCH868WVX/eeg/sub-NDARCH868WVX_task-RestingState_eeg.set,R5,sub-NDARCH868WVX,5.7369,90.0,2.0,393.114,test,7.058614730834961
/workspace/hbn_subset/R5/download/sub-NDARCH868WVX/eeg/sub-NDARCH868WVX_task-RestingState_eeg.set,R5,sub-NDARCH868WVX,5.7369,92.0,2.0,393.114,test,7.561532497406006
/workspace/hbn_subset/R5/download/sub-NDARCH868WVX/eeg/sub-NDARCH868WVX_task-RestingState_eeg.set,R5,sub-NDARCH868WVX,5.7369,94.0,2.0,393.114,test,7.090750694274902
/workspace/hbn_subset/R5/download/sub-NDARCH868WVX/eeg/sub-NDARCH868WVX_task-RestingState_eeg.set,R5,sub-NDARCH868WVX,5.7369,96.0,2.0,393.114,test,7.160773277282715
/workspace/hbn_subset/R5/download/sub-NDARCH868WVX/eeg/sub-NDARCH868WVX_task-RestingState_eeg.set,R5,sub-NDARCH868WVX,5.7369,98.0,2.0,393.114,test,7.230965614318848
/workspace/hbn_subset/R5/download/sub-NDARCH868WVX/eeg/sub-NDARCH868WVX_task-RestingState_eeg.set,R5,sub-NDARCH868WVX,5.7369,100.0,2.0,393.114,test,7.31005859375
/workspace/hbn_subset/R5/download/sub-NDARCH868WVX/eeg/sub-NDARCH868WVX_task-RestingState_eeg.set,R5,sub-NDARCH868WVX,5.7369,102.0,2.0,393.114,test,7.549199104309082
/workspace/hbn_subset/R5/download/sub-NDARCH868WVX/eeg/sub-NDARCH868WVX_task-RestingState_eeg.set,R5,sub-NDARCH868WVX,5.7369,104.0,2.0,393.114,test,7.356257915496826
/workspace/hbn_subset/R5/download/sub-NDARCH868WVX/eeg/sub-NDARCH868WVX_task-RestingState_eeg.set,R5,sub-NDARCH868WVX,5.7369,106.0,2.0,393.114,test,7.086268901824951
/workspace/hbn_subset/R5/download/sub-NDARCH868WVX/eeg/sub-NDARCH868WVX_task-RestingState_eeg.set,R5,sub-NDARCH868WVX,5.7369,108.0,2.0,393.114,test,7.210158824920654
/workspace/hbn_subset/R5/download/sub-NDARCH868WVX/eeg/sub-NDARCH868WVX_task-RestingState_eeg.set,R5,sub-NDARCH868WVX,5.7369,110.0,2.0,393.114,test,7.107995510101318
/workspace/hbn_subset/R5/download/sub-NDARCH868WVX/eeg/sub-NDARCH868WVX_task-RestingState_eeg.set,R5,sub-NDARCH868WVX,5.7369,112.0,2.0,393.114,test,7.131667137145996
/workspace/hbn_subset/R5/download/sub-NDARCH868WVX/eeg/sub-NDARCH868WVX_task-RestingState_eeg.set,R5,sub-NDARCH868WVX,5.7369,114.0,2.0,393.114,test,7.162600040435791
/workspace/hbn_subset/R5/download/sub-NDARCH868WVX/eeg/sub-NDARCH868WVX_task-RestingState_eeg.set,R5,sub-NDARCH868WVX,5.7369,116.0,2.0,393.114,test,6.975040912628174
/workspace/hbn_subset/R5/download/sub-NDARCH868WVX/eeg/sub-NDARCH868WVX_task-RestingState_eeg.set,R5,sub-NDARCH868WVX,5.7369,118.0,2.0,393.114,test,7.684062480926514
/workspace/hbn_subset/R5/download/sub-NDARCM717HCJ/eeg/sub-NDARCM717HCJ_task-RestingState_eeg.set,R5,sub-NDARCM717HCJ,11.3528,0.0,2.0,636.214,test,9.755629539489746
/workspace/hbn_subset/R5/download/sub-NDARCM717HCJ/eeg/sub-NDARCM717HCJ_task-RestingState_eeg.set,R5,sub-NDARCM717HCJ,11.3528,2.0,2.0,636.214,test,10.147660255432129
/workspace/hbn_subset/R5/download/sub-NDARCM717HCJ/eeg/sub-NDARCM717HCJ_task-RestingState_eeg.set,R5,sub-NDARCM717HCJ,11.3528,4.0,2.0,636.214,test,9.513579368591309
/workspace/hbn_subset/R5/download/sub-NDARCM717HCJ/eeg/sub-NDARCM717HCJ_task-RestingState_eeg.set,R5,sub-NDARCM717HCJ,11.3528,6.0,2.0,636.214,test,11.787484169006348
/workspace/hbn_subset/R5/download/sub-NDARCM717HCJ/eeg/sub-NDARCM717HCJ_task-RestingState_eeg.set,R5,sub-NDARCM717HCJ,11.3528,8.0,2.0,636.214,test,9.853251457214355
/workspace/hbn_subset/R5/download/sub-NDARCM717HCJ/eeg/sub-NDARCM717HCJ_task-RestingState_eeg.set,R5,sub-NDARCM717HCJ,11.3528,10.0,2.0,636.214,test,8.97567367553711
/workspace/hbn_subset/R5/download/sub-NDARCM717HCJ/eeg/sub-NDARCM717HCJ_task-RestingState_eeg.set,R5,sub-NDARCM717HCJ,11.3528,12.0,2.0,636.214,test,12.149317741394043
/workspace/hbn_subset/R5/download/sub-NDARCM717HCJ/eeg/sub-NDARCM717HCJ_task-RestingState_eeg.set,R5,sub-NDARCM717HCJ,11.3528,14.0,2.0,636.214,test,8.869620323181152
/workspace/hbn_subset/R5/download/sub-NDARCM717HCJ/eeg/sub-NDARCM717HCJ_task-RestingState_eeg.set,R5,sub-NDARCM717HCJ,11.3528,16.0,2.0,636.214,test,10.983941078186035
/workspace/hbn_subset/R5/download/sub-NDARCM717HCJ/eeg/sub-NDARCM717HCJ_task-RestingState_eeg.set,R5,sub-NDARCM717HCJ,11.3528,18.0,2.0,636.214,test,7.0968828201293945
/workspace/hbn_subset/R5/download/sub-NDARCM717HCJ/eeg/sub-NDARCM717HCJ_task-RestingState_eeg.set,R5,sub-NDARCM717HCJ,11.3528,20.0,2.0,636.214,test,7.777778625488281
/workspace/hbn_subset/R5/download/sub-NDARCM717HCJ/eeg/sub-NDARCM717HCJ_task-RestingState_eeg.set,R5,sub-NDARCM717HCJ,11.3528,22.0,2.0,636.214,test,8.857035636901855
/workspace/hbn_subset/R5/download/sub-NDARCM717HCJ/eeg/sub-NDARCM717HCJ_task-RestingState_eeg.set,R5,sub-NDARCM717HCJ,11.3528,24.0,2.0,636.214,test,12.008183479309082
/workspace/hbn_subset/R5/download/sub-NDARCM717HCJ/eeg/sub-NDARCM717HCJ_task-RestingState_eeg.set,R5,sub-NDARCM717HCJ,11.3528,26.0,2.0,636.214,test,12.246694564819336
/workspace/hbn_subset/R5/download/sub-NDARCM717HCJ/eeg/sub-NDARCM717HCJ_task-RestingState_eeg.set,R5,sub-NDARCM717HCJ,11.3528,28.0,2.0,636.214,test,12.194308280944824
/workspace/hbn_subset/R5/download/sub-NDARCM717HCJ/eeg/sub-NDARCM717HCJ_task-RestingState_eeg.set,R5,sub-NDARCM717HCJ,11.3528,30.0,2.0,636.214,test,11.850339889526367
/workspace/hbn_subset/R5/download/sub-NDARCM717HCJ/eeg/sub-NDARCM717HCJ_task-RestingState_eeg.set,R5,sub-NDARCM717HCJ,11.3528,32.0,2.0,636.214,test,12.284981727600098
/workspace/hbn_subset/R5/download/sub-NDARCM717HCJ/eeg/sub-NDARCM717HCJ_task-RestingState_eeg.set,R5,sub-NDARCM717HCJ,11.3528,34.0,2.0,636.214,test,11.502501487731934
/workspace/hbn_subset/R5/download/sub-NDARCM717HCJ/eeg/sub-NDARCM717HCJ_task-RestingState_eeg.set,R5,sub-NDARCM717HCJ,11.3528,36.0,2.0,636.214,test,11.306031227111816
/workspace/hbn_subset/R5/download/sub-NDARCM717HCJ/eeg/sub-NDARCM717HCJ_task-RestingState_eeg.set,R5,sub-NDARCM717HCJ,11.3528,38.0,2.0,636.214,test,10.87775707244873
/workspace/hbn_subset/R5/download/sub-NDARCM717HCJ/eeg/sub-NDARCM717HCJ_task-RestingState_eeg.set,R5,sub-NDARCM717HCJ,11.3528,40.0,2.0,636.214,test,7.461226940155029
/workspace/hbn_subset/R5/download/sub-NDARCM717HCJ/eeg/sub-NDARCM717HCJ_task-RestingState_eeg.set,R5,sub-NDARCM717HCJ,11.3528,42.0,2.0,636.214,test,10.296271324157715
/workspace/hbn_subset/R5/download/sub-NDARCM717HCJ/eeg/sub-NDARCM717HCJ_task-RestingState_eeg.set,R5,sub-NDARCM717HCJ,11.3528,44.0,2.0,636.214,test,11.854818344116211
/workspace/hbn_subset/R5/download/sub-NDARCM717HCJ/eeg/sub-NDARCM717HCJ_task-RestingState_eeg.set,R5,sub-NDARCM717HCJ,11.3528,46.0,2.0,636.214,test,8.454185485839844
/workspace/hbn_subset/R5/download/sub-NDARCM717HCJ/eeg/sub-NDARCM717HCJ_task-RestingState_eeg.set,R5,sub-NDARCM717HCJ,11.3528,48.0,2.0,636.214,test,10.965203285217285
/workspace/hbn_subset/R5/download/sub-NDARCM717HCJ/eeg/sub-NDARCM717HCJ_task-RestingState_eeg.set,R5,sub-NDARCM717HCJ,11.3528,50.0,2.0,636.214,test,12.55466365814209
/workspace/hbn_subset/R5/download/sub-NDARCM717HCJ/eeg/sub-NDARCM717HCJ_task-RestingState_eeg.set,R5,sub-NDARCM717HCJ,11.3528,52.0,2.0,636.214,test,11.059592247009277
/workspace/hbn_subset/R5/download/sub-NDARCM717HCJ/eeg/sub-NDARCM717HCJ_task-RestingState_eeg.set,R5,sub-NDARCM717HCJ,11.3528,54.0,2.0,636.214,test,9.98824405670166
/workspace/hbn_subset/R5/download/sub-NDARCM717HCJ/eeg/sub-NDARCM717HCJ_task-RestingState_eeg.set,R5,sub-NDARCM717HCJ,11.3528,56.0,2.0,636.214,test,8.777979850769043
/workspace/hbn_subset/R5/download/sub-NDARCM717HCJ/eeg/sub-NDARCM717HCJ_task-RestingState_eeg.set,R5,sub-NDARCM717HCJ,11.3528,58.0,2.0,636.214,test,10.163606643676758
/workspace/hbn_subset/R5/download/sub-NDARCM717HCJ/eeg/sub-NDARCM717HCJ_task-RestingState_eeg.set,R5,sub-NDARCM717HCJ,11.3528,60.0,2.0,636.214,test,12.844857215881348
/workspace/hbn_subset/R5/download/sub-NDARCM717HCJ/eeg/sub-NDARCM717HCJ_task-RestingState_eeg.set,R5,sub-NDARCM717HCJ,11.3528,62.0,2.0,636.214,test,10.441904067993164
/workspace/hbn_subset/R5/download/sub-NDARCM717HCJ/eeg/sub-NDARCM717HCJ_task-RestingState_eeg.set,R5,sub-NDARCM717HCJ,11.3528,64.0,2.0,636.214,test,9.616462707519531
/workspace/hbn_subset/R5/download/sub-NDARCM717HCJ/eeg/sub-NDARCM717HCJ_task-RestingState_eeg.set,R5,sub-NDARCM717HCJ,11.3528,66.0,2.0,636.214,test,11.06527042388916
/workspace/hbn_subset/R5/download/sub-NDARCM717HCJ/eeg/sub-NDARCM717HCJ_task-RestingState_eeg.set,R5,sub-NDARCM717HCJ,11.3528,68.0,2.0,636.214,test,12.475418090820312
/workspace/hbn_subset/R5/download/sub-NDARCM717HCJ/eeg/sub-NDARCM717HCJ_task-RestingState_eeg.set,R5,sub-NDARCM717HCJ,11.3528,70.0,2.0,636.214,test,9.3037691116333
/workspace/hbn_subset/R5/download/sub-NDARCM717HCJ/eeg/sub-NDARCM717HCJ_task-RestingState_eeg.set,R5,sub-NDARCM717HCJ,11.3528,72.0,2.0,636.214,test,11.506274223327637
/workspace/hbn_subset/R5/download/sub-NDARCM717HCJ/eeg/sub-NDARCM717HCJ_task-RestingState_eeg.set,R5,sub-NDARCM717HCJ,11.3528,74.0,2.0,636.214,test,10.780179023742676
/workspace/hbn_subset/R5/download/sub-NDARCM717HCJ/eeg/sub-NDARCM717HCJ_task-RestingState_eeg.set,R5,sub-NDARCM717HCJ,11.3528,76.0,2.0,636.214,test,11.33044719696045
/workspace/hbn_subset/R5/download/sub-NDARCM717HCJ/eeg/sub-NDARCM717HCJ_task-RestingState_eeg.set,R5,sub-NDARCM717HCJ,11.3528,78.0,2.0,636.214,test,9.225285530090332
/workspace/hbn_subset/R5/download/sub-NDARCM717HCJ/eeg/sub-NDARCM717HCJ_task-RestingState_eeg.set,R5,sub-NDARCM717HCJ,11.3528,80.0,2.0,636.214,test,10.716476440429688
/workspace/hbn_subset/R5/download/sub-NDARCM717HCJ/eeg/sub-NDARCM717HCJ_task-RestingState_eeg.set,R5,sub-NDARCM717HCJ,11.3528,82.0,2.0,636.214,test,8.984533309936523
/workspace/hbn_subset/R5/download/sub-NDARCM717HCJ/eeg/sub-NDARCM717HCJ_task-RestingState_eeg.set,R5,sub-NDARCM717HCJ,11.3528,84.0,2.0,636.214,test,11.241148948669434
/workspace/hbn_subset/R5/download/sub-NDARCM717HCJ/eeg/sub-NDARCM717HCJ_task-RestingState_eeg.set,R5,sub-NDARCM717HCJ,11.3528,86.0,2.0,636.214,test,10.94852066040039
/workspace/hbn_subset/R5/download/sub-NDARCM717HCJ/eeg/sub-NDARCM717HCJ_task-RestingState_eeg.set,R5,sub-NDARCM717HCJ,11.3528,88.0,2.0,636.214,test,11.345362663269043
/workspace/hbn_subset/R5/download/sub-NDARCM717HCJ/eeg/sub-NDARCM717HCJ_task-RestingState_eeg.set,R5,sub-NDARCM717HCJ,11.3528,90.0,2.0,636.214,test,8.327972412109375
/workspace/hbn_subset/R5/download/sub-NDARCM717HCJ/eeg/sub-NDARCM717HCJ_task-RestingState_eeg.set,R5,sub-NDARCM717HCJ,11.3528,92.0,2.0,636.214,test,12.918580055236816
/workspace/hbn_subset/R5/download/sub-NDARCM717HCJ/eeg/sub-NDARCM717HCJ_task-RestingState_eeg.set,R5,sub-NDARCM717HCJ,11.3528,94.0,2.0,636.214,test,9.026233673095703
/workspace/hbn_subset/R5/download/sub-NDARCM717HCJ/eeg/sub-NDARCM717HCJ_task-RestingState_eeg.set,R5,sub-NDARCM717HCJ,11.3528,96.0,2.0,636.214,test,10.438363075256348
/workspace/hbn_subset/R5/download/sub-NDARCM717HCJ/eeg/sub-NDARCM717HCJ_task-RestingState_eeg.set,R5,sub-NDARCM717HCJ,11.3528,98.0,2.0,636.214,test,11.1370849609375
/workspace/hbn_subset/R5/download/sub-NDARCM717HCJ/eeg/sub-NDARCM717HCJ_task-RestingState_eeg.set,R5,sub-NDARCM717HCJ,11.3528,100.0,2.0,636.214,test,11.247441291809082
/workspace/hbn_subset/R5/download/sub-NDARCM717HCJ/eeg/sub-NDARCM717HCJ_task-RestingState_eeg.set,R5,sub-NDARCM717HCJ,11.3528,102.0,2.0,636.214,test,10.598162651062012
/workspace/hbn_subset/R5/download/sub-NDARCM717HCJ/eeg/sub-NDARCM717HCJ_task-RestingState_eeg.set,R5,sub-NDARCM717HCJ,11.3528,104.0,2.0,636.214,test,8.05345630645752
/workspace/hbn_subset/R5/download/sub-NDARCM717HCJ/eeg/sub-NDARCM717HCJ_task-RestingState_eeg.set,R5,sub-NDARCM717HCJ,11.3528,106.0,2.0,636.214,test,10.835421562194824
/workspace/hbn_subset/R5/download/sub-NDARCM717HCJ/eeg/sub-NDARCM717HCJ_task-RestingState_eeg.set,R5,sub-NDARCM717HCJ,11.3528,108.0,2.0,636.214,test,8.654942512512207
/workspace/hbn_subset/R5/download/sub-NDARCM717HCJ/eeg/sub-NDARCM717HCJ_task-RestingState_eeg.set,R5,sub-NDARCM717HCJ,11.3528,110.0,2.0,636.214,test,10.719082832336426
/workspace/hbn_subset/R5/download/sub-NDARCM717HCJ/eeg/sub-NDARCM717HCJ_task-RestingState_eeg.set,R5,sub-NDARCM717HCJ,11.3528,112.0,2.0,636.214,test,11.23293685913086
/workspace/hbn_subset/R5/download/sub-NDARCM717HCJ/eeg/sub-NDARCM717HCJ_task-RestingState_eeg.set,R5,sub-NDARCM717HCJ,11.3528,114.0,2.0,636.214,test,10.973472595214844
/workspace/hbn_subset/R5/download/sub-NDARCM717HCJ/eeg/sub-NDARCM717HCJ_task-RestingState_eeg.set,R5,sub-NDARCM717HCJ,11.3528,116.0,2.0,636.214,test,10.31908130645752
/workspace/hbn_subset/R5/download/sub-NDARCM717HCJ/eeg/sub-NDARCM717HCJ_task-RestingState_eeg.set,R5,sub-NDARCM717HCJ,11.3528,118.0,2.0,636.214,test,11.967982292175293
/workspace/hbn_subset/R5/download/sub-NDARCR582GKJ/eeg/sub-NDARCR582GKJ_task-RestingState_eeg.set,R5,sub-NDARCR582GKJ,15.6157,0.0,2.0,361.458,test,6.6785149574279785
/workspace/hbn_subset/R5/download/sub-NDARCR582GKJ/eeg/sub-NDARCR582GKJ_task-RestingState_eeg.set,R5,sub-NDARCR582GKJ,15.6157,2.0,2.0,361.458,test,7.2721428871154785
/workspace/hbn_subset/R5/download/sub-NDARCR582GKJ/eeg/sub-NDARCR582GKJ_task-RestingState_eeg.set,R5,sub-NDARCR582GKJ,15.6157,4.0,2.0,361.458,test,6.97613000869751
/workspace/hbn_subset/R5/download/sub-NDARCR582GKJ/eeg/sub-NDARCR582GKJ_task-RestingState_eeg.set,R5,sub-NDARCR582GKJ,15.6157,6.0,2.0,361.458,test,7.562387943267822
/workspace/hbn_subset/R5/download/sub-NDARCR582GKJ/eeg/sub-NDARCR582GKJ_task-RestingState_eeg.set,R5,sub-NDARCR582GKJ,15.6157,8.0,2.0,361.458,test,7.312445163726807
/workspace/hbn_subset/R5/download/sub-NDARCR582GKJ/eeg/sub-NDARCR582GKJ_task-RestingState_eeg.set,R5,sub-NDARCR582GKJ,15.6157,10.0,2.0,361.458,test,7.630112171173096
/workspace/hbn_subset/R5/download/sub-NDARCR582GKJ/eeg/sub-NDARCR582GKJ_task-RestingState_eeg.set,R5,sub-NDARCR582GKJ,15.6157,12.0,2.0,361.458,test,7.988405227661133
/workspace/hbn_subset/R5/download/sub-NDARCR582GKJ/eeg/sub-NDARCR582GKJ_task-RestingState_eeg.set,R5,sub-NDARCR582GKJ,15.6157,14.0,2.0,361.458,test,8.775528907775879
/workspace/hbn_subset/R5/download/sub-NDARCR582GKJ/eeg/sub-NDARCR582GKJ_task-RestingState_eeg.set,R5,sub-NDARCR582GKJ,15.6157,16.0,2.0,361.458,test,6.757648944854736
/workspace/hbn_subset/R5/download/sub-NDARCR582GKJ/eeg/sub-NDARCR582GKJ_task-RestingState_eeg.set,R5,sub-NDARCR582GKJ,15.6157,18.0,2.0,361.458,test,9.211170196533203
/workspace/hbn_subset/R5/download/sub-NDARCR582GKJ/eeg/sub-NDARCR582GKJ_task-RestingState_eeg.set,R5,sub-NDARCR582GKJ,15.6157,20.0,2.0,361.458,test,7.101876258850098
/workspace/hbn_subset/R5/download/sub-NDARCR582GKJ/eeg/sub-NDARCR582GKJ_task-RestingState_eeg.set,R5,sub-NDARCR582GKJ,15.6157,22.0,2.0,361.458,test,5.901479721069336
/workspace/hbn_subset/R5/download/sub-NDARCR582GKJ/eeg/sub-NDARCR582GKJ_task-RestingState_eeg.set,R5,sub-NDARCR582GKJ,15.6157,24.0,2.0,361.458,test,6.996600151062012
/workspace/hbn_subset/R5/download/sub-NDARCR582GKJ/eeg/sub-NDARCR582GKJ_task-RestingState_eeg.set,R5,sub-NDARCR582GKJ,15.6157,26.0,2.0,361.458,test,5.324781894683838
/workspace/hbn_subset/R5/download/sub-NDARCR582GKJ/eeg/sub-NDARCR582GKJ_task-RestingState_eeg.set,R5,sub-NDARCR582GKJ,15.6157,28.0,2.0,361.458,test,7.733392238616943
/workspace/hbn_subset/R5/download/sub-NDARCR582GKJ/eeg/sub-NDARCR582GKJ_task-RestingState_eeg.set,R5,sub-NDARCR582GKJ,15.6157,30.0,2.0,361.458,test,7.733032703399658
/workspace/hbn_subset/R5/download/sub-NDARCR582GKJ/eeg/sub-NDARCR582GKJ_task-RestingState_eeg.set,R5,sub-NDARCR582GKJ,15.6157,32.0,2.0,361.458,test,6.71121883392334
/workspace/hbn_subset/R5/download/sub-NDARCR582GKJ/eeg/sub-NDARCR582GKJ_task-RestingState_eeg.set,R5,sub-NDARCR582GKJ,15.6157,34.0,2.0,361.458,test,5.463639736175537
/workspace/hbn_subset/R5/download/sub-NDARCR582GKJ/eeg/sub-NDARCR582GKJ_task-RestingState_eeg.set,R5,sub-NDARCR582GKJ,15.6157,36.0,2.0,361.458,test,7.806878566741943
/workspace/hbn_subset/R5/download/sub-NDARCR582GKJ/eeg/sub-NDARCR582GKJ_task-RestingState_eeg.set,R5,sub-NDARCR582GKJ,15.6157,38.0,2.0,361.458,test,8.192440032958984
/workspace/hbn_subset/R5/download/sub-NDARCR582GKJ/eeg/sub-NDARCR582GKJ_task-RestingState_eeg.set,R5,sub-NDARCR582GKJ,15.6157,40.0,2.0,361.458,test,7.2502923011779785
/workspace/hbn_subset/R5/download/sub-NDARCR582GKJ/eeg/sub-NDARCR582GKJ_task-RestingState_eeg.set,R5,sub-NDARCR582GKJ,15.6157,42.0,2.0,361.458,test,7.741003513336182
/workspace/hbn_subset/R5/download/sub-NDARCR582GKJ/eeg/sub-NDARCR582GKJ_task-RestingState_eeg.set,R5,sub-NDARCR582GKJ,15.6157,44.0,2.0,361.458,test,8.18879508972168
/workspace/hbn_subset/R5/download/sub-NDARCR582GKJ/eeg/sub-NDARCR582GKJ_task-RestingState_eeg.set,R5,sub-NDARCR582GKJ,15.6157,46.0,2.0,361.458,test,8.736167907714844
/workspace/hbn_subset/R5/download/sub-NDARCR582GKJ/eeg/sub-NDARCR582GKJ_task-RestingState_eeg.set,R5,sub-NDARCR582GKJ,15.6157,48.0,2.0,361.458,test,5.982938766479492
/workspace/hbn_subset/R5/download/sub-NDARCR582GKJ/eeg/sub-NDARCR582GKJ_task-RestingState_eeg.set,R5,sub-NDARCR582GKJ,15.6157,50.0,2.0,361.458,test,7.6917290687561035
/workspace/hbn_subset/R5/download/sub-NDARCR582GKJ/eeg/sub-NDARCR582GKJ_task-RestingState_eeg.set,R5,sub-NDARCR582GKJ,15.6157,52.0,2.0,361.458,test,8.20526123046875
/workspace/hbn_subset/R5/download/sub-NDARCR582GKJ/eeg/sub-NDARCR582GKJ_task-RestingState_eeg.set,R5,sub-NDARCR582GKJ,15.6157,54.0,2.0,361.458,test,8.261530876159668
/workspace/hbn_subset/R5/download/sub-NDARCR582GKJ/eeg/sub-NDARCR582GKJ_task-RestingState_eeg.set,R5,sub-NDARCR582GKJ,15.6157,56.0,2.0,361.458,test,7.509968280792236
/workspace/hbn_subset/R5/download/sub-NDARCR582GKJ/eeg/sub-NDARCR582GKJ_task-RestingState_eeg.set,R5,sub-NDARCR582GKJ,15.6157,58.0,2.0,361.458,test,8.275773048400879
/workspace/hbn_subset/R5/download/sub-NDARCR582GKJ/eeg/sub-NDARCR582GKJ_task-RestingState_eeg.set,R5,sub-NDARCR582GKJ,15.6157,60.0,2.0,361.458,test,5.596016883850098
/workspace/hbn_subset/R5/download/sub-NDARCR582GKJ/eeg/sub-NDARCR582GKJ_task-RestingState_eeg.set,R5,sub-NDARCR582GKJ,15.6157,62.0,2.0,361.458,test,8.192151069641113
/workspace/hbn_subset/R5/download/sub-NDARCR582GKJ/eeg/sub-NDARCR582GKJ_task-RestingState_eeg.set,R5,sub-NDARCR582GKJ,15.6157,64.0,2.0,361.458,test,8.85982894897461
/workspace/hbn_subset/R5/download/sub-NDARCR582GKJ/eeg/sub-NDARCR582GKJ_task-RestingState_eeg.set,R5,sub-NDARCR582GKJ,15.6157,66.0,2.0,361.458,test,7.448047161102295
/workspace/hbn_subset/R5/download/sub-NDARCR582GKJ/eeg/sub-NDARCR582GKJ_task-RestingState_eeg.set,R5,sub-NDARCR582GKJ,15.6157,68.0,2.0,361.458,test,7.89804744720459
/workspace/hbn_subset/R5/download/sub-NDARCR582GKJ/eeg/sub-NDARCR582GKJ_task-RestingState_eeg.set,R5,sub-NDARCR582GKJ,15.6157,70.0,2.0,361.458,test,8.601588249206543
/workspace/hbn_subset/R5/download/sub-NDARCR582GKJ/eeg/sub-NDARCR582GKJ_task-RestingState_eeg.set,R5,sub-NDARCR582GKJ,15.6157,72.0,2.0,361.458,test,9.857087135314941
/workspace/hbn_subset/R5/download/sub-NDARCR582GKJ/eeg/sub-NDARCR582GKJ_task-RestingState_eeg.set,R5,sub-NDARCR582GKJ,15.6157,74.0,2.0,361.458,test,6.354245185852051
/workspace/hbn_subset/R5/download/sub-NDARCR582GKJ/eeg/sub-NDARCR582GKJ_task-RestingState_eeg.set,R5,sub-NDARCR582GKJ,15.6157,76.0,2.0,361.458,test,7.8720293045043945
/workspace/hbn_subset/R5/download/sub-NDARCR582GKJ/eeg/sub-NDARCR582GKJ_task-RestingState_eeg.set,R5,sub-NDARCR582GKJ,15.6157,78.0,2.0,361.458,test,8.380959510803223
/workspace/hbn_subset/R5/download/sub-NDARCR582GKJ/eeg/sub-NDARCR582GKJ_task-RestingState_eeg.set,R5,sub-NDARCR582GKJ,15.6157,80.0,2.0,361.458,test,7.801239490509033
/workspace/hbn_subset/R5/download/sub-NDARCR582GKJ/eeg/sub-NDARCR582GKJ_task-RestingState_eeg.set,R5,sub-NDARCR582GKJ,15.6157,82.0,2.0,361.458,test,6.41788911819458
/workspace/hbn_subset/R5/download/sub-NDARCR582GKJ/eeg/sub-NDARCR582GKJ_task-RestingState_eeg.set,R5,sub-NDARCR582GKJ,15.6157,84.0,2.0,361.458,test,6.200795650482178
/workspace/hbn_subset/R5/download/sub-NDARCR582GKJ/eeg/sub-NDARCR582GKJ_task-RestingState_eeg.set,R5,sub-NDARCR582GKJ,15.6157,86.0,2.0,361.458,test,6.765133857727051
/workspace/hbn_subset/R5/download/sub-NDARCR582GKJ/eeg/sub-NDARCR582GKJ_task-RestingState_eeg.set,R5,sub-NDARCR582GKJ,15.6157,88.0,2.0,361.458,test,6.453460216522217
/workspace/hbn_subset/R5/download/sub-NDARCR582GKJ/eeg/sub-NDARCR582GKJ_task-RestingState_eeg.set,R5,sub-NDARCR582GKJ,15.6157,90.0,2.0,361.458,test,6.318577289581299
/workspace/hbn_subset/R5/download/sub-NDARCR582GKJ/eeg/sub-NDARCR582GKJ_task-RestingState_eeg.set,R5,sub-NDARCR582GKJ,15.6157,92.0,2.0,361.458,test,8.718463897705078
/workspace/hbn_subset/R5/download/sub-NDARCR582GKJ/eeg/sub-NDARCR582GKJ_task-RestingState_eeg.set,R5,sub-NDARCR582GKJ,15.6157,94.0,2.0,361.458,test,9.053665161132812
/workspace/hbn_subset/R5/download/sub-NDARCR582GKJ/eeg/sub-NDARCR582GKJ_task-RestingState_eeg.set,R5,sub-NDARCR582GKJ,15.6157,96.0,2.0,361.458,test,7.17268705368042
/workspace/hbn_subset/R5/download/sub-NDARCR582GKJ/eeg/sub-NDARCR582GKJ_task-RestingState_eeg.set,R5,sub-NDARCR582GKJ,15.6157,98.0,2.0,361.458,test,6.797101020812988
/workspace/hbn_subset/R5/download/sub-NDARCR582GKJ/eeg/sub-NDARCR582GKJ_task-RestingState_eeg.set,R5,sub-NDARCR582GKJ,15.6157,100.0,2.0,361.458,test,7.718136310577393
/workspace/hbn_subset/R5/download/sub-NDARCR582GKJ/eeg/sub-NDARCR582GKJ_task-RestingState_eeg.set,R5,sub-NDARCR582GKJ,15.6157,102.0,2.0,361.458,test,8.14642333984375
/workspace/hbn_subset/R5/download/sub-NDARCR582GKJ/eeg/sub-NDARCR582GKJ_task-RestingState_eeg.set,R5,sub-NDARCR582GKJ,15.6157,104.0,2.0,361.458,test,7.331387996673584
/workspace/hbn_subset/R5/download/sub-NDARCR582GKJ/eeg/sub-NDARCR582GKJ_task-RestingState_eeg.set,R5,sub-NDARCR582GKJ,15.6157,106.0,2.0,361.458,test,8.17945671081543
/workspace/hbn_subset/R5/download/sub-NDARCR582GKJ/eeg/sub-NDARCR582GKJ_task-RestingState_eeg.set,R5,sub-NDARCR582GKJ,15.6157,108.0,2.0,361.458,test,6.929331302642822
/workspace/hbn_subset/R5/download/sub-NDARCR582GKJ/eeg/sub-NDARCR582GKJ_task-RestingState_eeg.set,R5,sub-NDARCR582GKJ,15.6157,110.0,2.0,361.458,test,6.049816131591797
/workspace/hbn_subset/R5/download/sub-NDARCR582GKJ/eeg/sub-NDARCR582GKJ_task-RestingState_eeg.set,R5,sub-NDARCR582GKJ,15.6157,112.0,2.0,361.458,test,5.915163040161133
/workspace/hbn_subset/R5/download/sub-NDARCR582GKJ/eeg/sub-NDARCR582GKJ_task-RestingState_eeg.set,R5,sub-NDARCR582GKJ,15.6157,114.0,2.0,361.458,test,7.731797695159912
/workspace/hbn_subset/R5/download/sub-NDARCR582GKJ/eeg/sub-NDARCR582GKJ_task-RestingState_eeg.set,R5,sub-NDARCR582GKJ,15.6157,116.0,2.0,361.458,test,7.798736095428467
/workspace/hbn_subset/R5/download/sub-NDARCR582GKJ/eeg/sub-NDARCR582GKJ_task-RestingState_eeg.set,R5,sub-NDARCR582GKJ,15.6157,118.0,2.0,361.458,test,8.051117897033691
/workspace/hbn_subset/R5/download/sub-NDARCU633GCZ/eeg/sub-NDARCU633GCZ_task-RestingState_eeg.set,R5,sub-NDARCU633GCZ,17.7726,0.0,2.0,344.356,test,11.347987174987793
/workspace/hbn_subset/R5/download/sub-NDARCU633GCZ/eeg/sub-NDARCU633GCZ_task-RestingState_eeg.set,R5,sub-NDARCU633GCZ,17.7726,2.0,2.0,344.356,test,12.091157913208008
/workspace/hbn_subset/R5/download/sub-NDARCU633GCZ/eeg/sub-NDARCU633GCZ_task-RestingState_eeg.set,R5,sub-NDARCU633GCZ,17.7726,4.0,2.0,344.356,test,10.925415992736816
/workspace/hbn_subset/R5/download/sub-NDARCU633GCZ/eeg/sub-NDARCU633GCZ_task-RestingState_eeg.set,R5,sub-NDARCU633GCZ,17.7726,6.0,2.0,344.356,test,7.558960914611816
/workspace/hbn_subset/R5/download/sub-NDARCU633GCZ/eeg/sub-NDARCU633GCZ_task-RestingState_eeg.set,R5,sub-NDARCU633GCZ,17.7726,8.0,2.0,344.356,test,12.872278213500977
/workspace/hbn_subset/R5/download/sub-NDARCU633GCZ/eeg/sub-NDARCU633GCZ_task-RestingState_eeg.set,R5,sub-NDARCU633GCZ,17.7726,10.0,2.0,344.356,test,14.428753852844238
/workspace/hbn_subset/R5/download/sub-NDARCU633GCZ/eeg/sub-NDARCU633GCZ_task-RestingState_eeg.set,R5,sub-NDARCU633GCZ,17.7726,12.0,2.0,344.356,test,14.400067329406738
/workspace/hbn_subset/R5/download/sub-NDARCU633GCZ/eeg/sub-NDARCU633GCZ_task-RestingState_eeg.set,R5,sub-NDARCU633GCZ,17.7726,14.0,2.0,344.356,test,14.705690383911133
/workspace/hbn_subset/R5/download/sub-NDARCU633GCZ/eeg/sub-NDARCU633GCZ_task-RestingState_eeg.set,R5,sub-NDARCU633GCZ,17.7726,16.0,2.0,344.356,test,12.72608757019043
/workspace/hbn_subset/R5/download/sub-NDARCU633GCZ/eeg/sub-NDARCU633GCZ_task-RestingState_eeg.set,R5,sub-NDARCU633GCZ,17.7726,18.0,2.0,344.356,test,13.688759803771973
/workspace/hbn_subset/R5/download/sub-NDARCU633GCZ/eeg/sub-NDARCU633GCZ_task-RestingState_eeg.set,R5,sub-NDARCU633GCZ,17.7726,20.0,2.0,344.356,test,13.44611644744873
/workspace/hbn_subset/R5/download/sub-NDARCU633GCZ/eeg/sub-NDARCU633GCZ_task-RestingState_eeg.set,R5,sub-NDARCU633GCZ,17.7726,22.0,2.0,344.356,test,12.191949844360352
/workspace/hbn_subset/R5/download/sub-NDARCU633GCZ/eeg/sub-NDARCU633GCZ_task-RestingState_eeg.set,R5,sub-NDARCU633GCZ,17.7726,24.0,2.0,344.356,test,9.29106330871582
/workspace/hbn_subset/R5/download/sub-NDARCU633GCZ/eeg/sub-NDARCU633GCZ_task-RestingState_eeg.set,R5,sub-NDARCU633GCZ,17.7726,26.0,2.0,344.356,test,14.176738739013672
/workspace/hbn_subset/R5/download/sub-NDARCU633GCZ/eeg/sub-NDARCU633GCZ_task-RestingState_eeg.set,R5,sub-NDARCU633GCZ,17.7726,28.0,2.0,344.356,test,13.026761054992676
/workspace/hbn_subset/R5/download/sub-NDARCU633GCZ/eeg/sub-NDARCU633GCZ_task-RestingState_eeg.set,R5,sub-NDARCU633GCZ,17.7726,30.0,2.0,344.356,test,13.929278373718262
/workspace/hbn_subset/R5/download/sub-NDARCU633GCZ/eeg/sub-NDARCU633GCZ_task-RestingState_eeg.set,R5,sub-NDARCU633GCZ,17.7726,32.0,2.0,344.356,test,14.61110782623291
/workspace/hbn_subset/R5/download/sub-NDARCU633GCZ/eeg/sub-NDARCU633GCZ_task-RestingState_eeg.set,R5,sub-NDARCU633GCZ,17.7726,34.0,2.0,344.356,test,13.948808670043945
/workspace/hbn_subset/R5/download/sub-NDARCU633GCZ/eeg/sub-NDARCU633GCZ_task-RestingState_eeg.set,R5,sub-NDARCU633GCZ,17.7726,36.0,2.0,344.356,test,14.090962409973145
/workspace/hbn_subset/R5/download/sub-NDARCU633GCZ/eeg/sub-NDARCU633GCZ_task-RestingState_eeg.set,R5,sub-NDARCU633GCZ,17.7726,38.0,2.0,344.356,test,12.947685241699219
/workspace/hbn_subset/R5/download/sub-NDARCU633GCZ/eeg/sub-NDARCU633GCZ_task-RestingState_eeg.set,R5,sub-NDARCU633GCZ,17.7726,40.0,2.0,344.356,test,12.86435604095459
/workspace/hbn_subset/R5/download/sub-NDARCU633GCZ/eeg/sub-NDARCU633GCZ_task-RestingState_eeg.set,R5,sub-NDARCU633GCZ,17.7726,42.0,2.0,344.356,test,14.037274360656738
/workspace/hbn_subset/R5/download/sub-NDARCU633GCZ/eeg/sub-NDARCU633GCZ_task-RestingState_eeg.set,R5,sub-NDARCU633GCZ,17.7726,44.0,2.0,344.356,test,14.69821834564209
/workspace/hbn_subset/R5/download/sub-NDARCU633GCZ/eeg/sub-NDARCU633GCZ_task-RestingState_eeg.set,R5,sub-NDARCU633GCZ,17.7726,46.0,2.0,344.356,test,12.253541946411133
/workspace/hbn_subset/R5/download/sub-NDARCU633GCZ/eeg/sub-NDARCU633GCZ_task-RestingState_eeg.set,R5,sub-NDARCU633GCZ,17.7726,48.0,2.0,344.356,test,12.639451026916504
/workspace/hbn_subset/R5/download/sub-NDARCU633GCZ/eeg/sub-NDARCU633GCZ_task-RestingState_eeg.set,R5,sub-NDARCU633GCZ,17.7726,50.0,2.0,344.356,test,14.406094551086426
/workspace/hbn_subset/R5/download/sub-NDARCU633GCZ/eeg/sub-NDARCU633GCZ_task-RestingState_eeg.set,R5,sub-NDARCU633GCZ,17.7726,52.0,2.0,344.356,test,14.104458808898926
/workspace/hbn_subset/R5/download/sub-NDARCU633GCZ/eeg/sub-NDARCU633GCZ_task-RestingState_eeg.set,R5,sub-NDARCU633GCZ,17.7726,54.0,2.0,344.356,test,13.729063034057617
/workspace/hbn_subset/R5/download/sub-NDARCU633GCZ/eeg/sub-NDARCU633GCZ_task-RestingState_eeg.set,R5,sub-NDARCU633GCZ,17.7726,56.0,2.0,344.356,test,13.810797691345215
/workspace/hbn_subset/R5/download/sub-NDARCU633GCZ/eeg/sub-NDARCU633GCZ_task-RestingState_eeg.set,R5,sub-NDARCU633GCZ,17.7726,58.0,2.0,344.356,test,14.154742240905762
/workspace/hbn_subset/R5/download/sub-NDARCU633GCZ/eeg/sub-NDARCU633GCZ_task-RestingState_eeg.set,R5,sub-NDARCU633GCZ,17.7726,60.0,2.0,344.356,test,14.110647201538086
/workspace/hbn_subset/R5/download/sub-NDARCU633GCZ/eeg/sub-NDARCU633GCZ_task-RestingState_eeg.set,R5,sub-NDARCU633GCZ,17.7726,62.0,2.0,344.356,test,13.14306926727295
/workspace/hbn_subset/R5/download/sub-NDARCU633GCZ/eeg/sub-NDARCU633GCZ_task-RestingState_eeg.set,R5,sub-NDARCU633GCZ,17.7726,64.0,2.0,344.356,test,10.26772403717041
/workspace/hbn_subset/R5/download/sub-NDARCU633GCZ/eeg/sub-NDARCU633GCZ_task-RestingState_eeg.set,R5,sub-NDARCU633GCZ,17.7726,66.0,2.0,344.356,test,11.875443458557129
/workspace/hbn_subset/R5/download/sub-NDARCU633GCZ/eeg/sub-NDARCU633GCZ_task-RestingState_eeg.set,R5,sub-NDARCU633GCZ,17.7726,68.0,2.0,344.356,test,8.62096118927002
/workspace/hbn_subset/R5/download/sub-NDARCU633GCZ/eeg/sub-NDARCU633GCZ_task-RestingState_eeg.set,R5,sub-NDARCU633GCZ,17.7726,70.0,2.0,344.356,test,10.566515922546387
/workspace/hbn_subset/R5/download/sub-NDARCU633GCZ/eeg/sub-NDARCU633GCZ_task-RestingState_eeg.set,R5,sub-NDARCU633GCZ,17.7726,72.0,2.0,344.356,test,8.857121467590332
/workspace/hbn_subset/R5/download/sub-NDARCU633GCZ/eeg/sub-NDARCU633GCZ_task-RestingState_eeg.set,R5,sub-NDARCU633GCZ,17.7726,74.0,2.0,344.356,test,9.951467514038086
/workspace/hbn_subset/R5/download/sub-NDARCU633GCZ/eeg/sub-NDARCU633GCZ_task-RestingState_eeg.set,R5,sub-NDARCU633GCZ,17.7726,76.0,2.0,344.356,test,10.404984474182129
/workspace/hbn_subset/R5/download/sub-NDARCU633GCZ/eeg/sub-NDARCU633GCZ_task-RestingState_eeg.set,R5,sub-NDARCU633GCZ,17.7726,78.0,2.0,344.356,test,14.828850746154785
/workspace/hbn_subset/R5/download/sub-NDARCU633GCZ/eeg/sub-NDARCU633GCZ_task-RestingState_eeg.set,R5,sub-NDARCU633GCZ,17.7726,80.0,2.0,344.356,test,13.855181694030762
/workspace/hbn_subset/R5/download/sub-NDARCU633GCZ/eeg/sub-NDARCU633GCZ_task-RestingState_eeg.set,R5,sub-NDARCU633GCZ,17.7726,82.0,2.0,344.356,test,11.878127098083496
/workspace/hbn_subset/R5/download/sub-NDARCU633GCZ/eeg/sub-NDARCU633GCZ_task-RestingState_eeg.set,R5,sub-NDARCU633GCZ,17.7726,84.0,2.0,344.356,test,14.326539993286133
/workspace/hbn_subset/R5/download/sub-NDARCU633GCZ/eeg/sub-NDARCU633GCZ_task-RestingState_eeg.set,R5,sub-NDARCU633GCZ,17.7726,86.0,2.0,344.356,test,11.636621475219727
/workspace/hbn_subset/R5/download/sub-NDARCU633GCZ/eeg/sub-NDARCU633GCZ_task-RestingState_eeg.set,R5,sub-NDARCU633GCZ,17.7726,88.0,2.0,344.356,test,11.547422409057617
/workspace/hbn_subset/R5/download/sub-NDARCU633GCZ/eeg/sub-NDARCU633GCZ_task-RestingState_eeg.set,R5,sub-NDARCU633GCZ,17.7726,90.0,2.0,344.356,test,10.503840446472168
/workspace/hbn_subset/R5/download/sub-NDARCU633GCZ/eeg/sub-NDARCU633GCZ_task-RestingState_eeg.set,R5,sub-NDARCU633GCZ,17.7726,92.0,2.0,344.356,test,14.635043144226074
/workspace/hbn_subset/R5/download/sub-NDARCU633GCZ/eeg/sub-NDARCU633GCZ_task-RestingState_eeg.set,R5,sub-NDARCU633GCZ,17.7726,94.0,2.0,344.356,test,13.299053192138672
/workspace/hbn_subset/R5/download/sub-NDARCU633GCZ/eeg/sub-NDARCU633GCZ_task-RestingState_eeg.set,R5,sub-NDARCU633GCZ,17.7726,96.0,2.0,344.356,test,12.377798080444336
/workspace/hbn_subset/R5/download/sub-NDARCU633GCZ/eeg/sub-NDARCU633GCZ_task-RestingState_eeg.set,R5,sub-NDARCU633GCZ,17.7726,98.0,2.0,344.356,test,12.389655113220215
/workspace/hbn_subset/R5/download/sub-NDARCU633GCZ/eeg/sub-NDARCU633GCZ_task-RestingState_eeg.set,R5,sub-NDARCU633GCZ,17.7726,100.0,2.0,344.356,test,13.493388175964355
/workspace/hbn_subset/R5/download/sub-NDARCU633GCZ/eeg/sub-NDARCU633GCZ_task-RestingState_eeg.set,R5,sub-NDARCU633GCZ,17.7726,102.0,2.0,344.356,test,12.190205574035645
/workspace/hbn_subset/R5/download/sub-NDARCU633GCZ/eeg/sub-NDARCU633GCZ_task-RestingState_eeg.set,R5,sub-NDARCU633GCZ,17.7726,104.0,2.0,344.356,test,13.639240264892578
/workspace/hbn_subset/R5/download/sub-NDARCU633GCZ/eeg/sub-NDARCU633GCZ_task-RestingState_eeg.set,R5,sub-NDARCU633GCZ,17.7726,106.0,2.0,344.356,test,12.255142211914062
/workspace/hbn_subset/R5/download/sub-NDARCU633GCZ/eeg/sub-NDARCU633GCZ_task-RestingState_eeg.set,R5,sub-NDARCU633GCZ,17.7726,108.0,2.0,344.356,test,12.910687446594238
/workspace/hbn_subset/R5/download/sub-NDARCU633GCZ/eeg/sub-NDARCU633GCZ_task-RestingState_eeg.set,R5,sub-NDARCU633GCZ,17.7726,110.0,2.0,344.356,test,12.714845657348633
/workspace/hbn_subset/R5/download/sub-NDARCU633GCZ/eeg/sub-NDARCU633GCZ_task-RestingState_eeg.set,R5,sub-NDARCU633GCZ,17.7726,112.0,2.0,344.356,test,12.692734718322754
/workspace/hbn_subset/R5/download/sub-NDARCU633GCZ/eeg/sub-NDARCU633GCZ_task-RestingState_eeg.set,R5,sub-NDARCU633GCZ,17.7726,114.0,2.0,344.356,test,13.990096092224121
/workspace/hbn_subset/R5/download/sub-NDARCU633GCZ/eeg/sub-NDARCU633GCZ_task-RestingState_eeg.set,R5,sub-NDARCU633GCZ,17.7726,116.0,2.0,344.356,test,13.587310791015625
/workspace/hbn_subset/R5/download/sub-NDARCU633GCZ/eeg/sub-NDARCU633GCZ_task-RestingState_eeg.set,R5,sub-NDARCU633GCZ,17.7726,118.0,2.0,344.356,test,14.568939208984375
/workspace/hbn_subset/R5/download/sub-NDARCU736GZ1/eeg/sub-NDARCU736GZ1_task-RestingState_eeg.set,R5,sub-NDARCU736GZ1,8.2372,0.0,2.0,349.178,test,9.180445671081543
/workspace/hbn_subset/R5/download/sub-NDARCU736GZ1/eeg/sub-NDARCU736GZ1_task-RestingState_eeg.set,R5,sub-NDARCU736GZ1,8.2372,2.0,2.0,349.178,test,9.601134300231934
/workspace/hbn_subset/R5/download/sub-NDARCU736GZ1/eeg/sub-NDARCU736GZ1_task-RestingState_eeg.set,R5,sub-NDARCU736GZ1,8.2372,4.0,2.0,349.178,test,9.057943344116211
/workspace/hbn_subset/R5/download/sub-NDARCU736GZ1/eeg/sub-NDARCU736GZ1_task-RestingState_eeg.set,R5,sub-NDARCU736GZ1,8.2372,6.0,2.0,349.178,test,10.461894035339355
/workspace/hbn_subset/R5/download/sub-NDARCU736GZ1/eeg/sub-NDARCU736GZ1_task-RestingState_eeg.set,R5,sub-NDARCU736GZ1,8.2372,8.0,2.0,349.178,test,8.029621124267578
/workspace/hbn_subset/R5/download/sub-NDARCU736GZ1/eeg/sub-NDARCU736GZ1_task-RestingState_eeg.set,R5,sub-NDARCU736GZ1,8.2372,10.0,2.0,349.178,test,9.139771461486816
/workspace/hbn_subset/R5/download/sub-NDARCU736GZ1/eeg/sub-NDARCU736GZ1_task-RestingState_eeg.set,R5,sub-NDARCU736GZ1,8.2372,12.0,2.0,349.178,test,9.127038955688477
/workspace/hbn_subset/R5/download/sub-NDARCU736GZ1/eeg/sub-NDARCU736GZ1_task-RestingState_eeg.set,R5,sub-NDARCU736GZ1,8.2372,14.0,2.0,349.178,test,9.405211448669434
/workspace/hbn_subset/R5/download/sub-NDARCU736GZ1/eeg/sub-NDARCU736GZ1_task-RestingState_eeg.set,R5,sub-NDARCU736GZ1,8.2372,16.0,2.0,349.178,test,10.1262788772583
/workspace/hbn_subset/R5/download/sub-NDARCU736GZ1/eeg/sub-NDARCU736GZ1_task-RestingState_eeg.set,R5,sub-NDARCU736GZ1,8.2372,18.0,2.0,349.178,test,8.464441299438477
/workspace/hbn_subset/R5/download/sub-NDARCU736GZ1/eeg/sub-NDARCU736GZ1_task-RestingState_eeg.set,R5,sub-NDARCU736GZ1,8.2372,20.0,2.0,349.178,test,8.620634078979492
/workspace/hbn_subset/R5/download/sub-NDARCU736GZ1/eeg/sub-NDARCU736GZ1_task-RestingState_eeg.set,R5,sub-NDARCU736GZ1,8.2372,22.0,2.0,349.178,test,8.648696899414062
/workspace/hbn_subset/R5/download/sub-NDARCU736GZ1/eeg/sub-NDARCU736GZ1_task-RestingState_eeg.set,R5,sub-NDARCU736GZ1,8.2372,24.0,2.0,349.178,test,8.03005599975586
/workspace/hbn_subset/R5/download/sub-NDARCU736GZ1/eeg/sub-NDARCU736GZ1_task-RestingState_eeg.set,R5,sub-NDARCU736GZ1,8.2372,26.0,2.0,349.178,test,9.276923179626465
/workspace/hbn_subset/R5/download/sub-NDARCU736GZ1/eeg/sub-NDARCU736GZ1_task-RestingState_eeg.set,R5,sub-NDARCU736GZ1,8.2372,28.0,2.0,349.178,test,11.60544490814209
/workspace/hbn_subset/R5/download/sub-NDARCU736GZ1/eeg/sub-NDARCU736GZ1_task-RestingState_eeg.set,R5,sub-NDARCU736GZ1,8.2372,30.0,2.0,349.178,test,9.172602653503418
/workspace/hbn_subset/R5/download/sub-NDARCU736GZ1/eeg/sub-NDARCU736GZ1_task-RestingState_eeg.set,R5,sub-NDARCU736GZ1,8.2372,32.0,2.0,349.178,test,9.512495040893555
/workspace/hbn_subset/R5/download/sub-NDARCU736GZ1/eeg/sub-NDARCU736GZ1_task-RestingState_eeg.set,R5,sub-NDARCU736GZ1,8.2372,34.0,2.0,349.178,test,10.477582931518555
/workspace/hbn_subset/R5/download/sub-NDARCU736GZ1/eeg/sub-NDARCU736GZ1_task-RestingState_eeg.set,R5,sub-NDARCU736GZ1,8.2372,36.0,2.0,349.178,test,9.191563606262207
/workspace/hbn_subset/R5/download/sub-NDARCU736GZ1/eeg/sub-NDARCU736GZ1_task-RestingState_eeg.set,R5,sub-NDARCU736GZ1,8.2372,38.0,2.0,349.178,test,9.868879318237305
/workspace/hbn_subset/R5/download/sub-NDARCU736GZ1/eeg/sub-NDARCU736GZ1_task-RestingState_eeg.set,R5,sub-NDARCU736GZ1,8.2372,40.0,2.0,349.178,test,10.315478324890137
/workspace/hbn_subset/R5/download/sub-NDARCU736GZ1/eeg/sub-NDARCU736GZ1_task-RestingState_eeg.set,R5,sub-NDARCU736GZ1,8.2372,42.0,2.0,349.178,test,9.379467964172363
/workspace/hbn_subset/R5/download/sub-NDARCU736GZ1/eeg/sub-NDARCU736GZ1_task-RestingState_eeg.set,R5,sub-NDARCU736GZ1,8.2372,44.0,2.0,349.178,test,8.403879165649414
/workspace/hbn_subset/R5/download/sub-NDARCU736GZ1/eeg/sub-NDARCU736GZ1_task-RestingState_eeg.set,R5,sub-NDARCU736GZ1,8.2372,46.0,2.0,349.178,test,9.542932510375977
/workspace/hbn_subset/R5/download/sub-NDARCU736GZ1/eeg/sub-NDARCU736GZ1_task-RestingState_eeg.set,R5,sub-NDARCU736GZ1,8.2372,48.0,2.0,349.178,test,8.104473114013672
/workspace/hbn_subset/R5/download/sub-NDARCU736GZ1/eeg/sub-NDARCU736GZ1_task-RestingState_eeg.set,R5,sub-NDARCU736GZ1,8.2372,50.0,2.0,349.178,test,9.570493698120117
/workspace/hbn_subset/R5/download/sub-NDARCU736GZ1/eeg/sub-NDARCU736GZ1_task-RestingState_eeg.set,R5,sub-NDARCU736GZ1,8.2372,52.0,2.0,349.178,test,9.351468086242676
/workspace/hbn_subset/R5/download/sub-NDARCU736GZ1/eeg/sub-NDARCU736GZ1_task-RestingState_eeg.set,R5,sub-NDARCU736GZ1,8.2372,54.0,2.0,349.178,test,9.324074745178223
/workspace/hbn_subset/R5/download/sub-NDARCU736GZ1/eeg/sub-NDARCU736GZ1_task-RestingState_eeg.set,R5,sub-NDARCU736GZ1,8.2372,56.0,2.0,349.178,test,10.596295356750488
/workspace/hbn_subset/R5/download/sub-NDARCU736GZ1/eeg/sub-NDARCU736GZ1_task-RestingState_eeg.set,R5,sub-NDARCU736GZ1,8.2372,58.0,2.0,349.178,test,9.832830429077148
/workspace/hbn_subset/R5/download/sub-NDARCU736GZ1/eeg/sub-NDARCU736GZ1_task-RestingState_eeg.set,R5,sub-NDARCU736GZ1,8.2372,60.0,2.0,349.178,test,8.296157836914062
/workspace/hbn_subset/R5/download/sub-NDARCU736GZ1/eeg/sub-NDARCU736GZ1_task-RestingState_eeg.set,R5,sub-NDARCU736GZ1,8.2372,62.0,2.0,349.178,test,8.206687927246094
/workspace/hbn_subset/R5/download/sub-NDARCU736GZ1/eeg/sub-NDARCU736GZ1_task-RestingState_eeg.set,R5,sub-NDARCU736GZ1,8.2372,64.0,2.0,349.178,test,9.539420127868652
/workspace/hbn_subset/R5/download/sub-NDARCU736GZ1/eeg/sub-NDARCU736GZ1_task-RestingState_eeg.set,R5,sub-NDARCU736GZ1,8.2372,66.0,2.0,349.178,test,10.5874662399292
/workspace/hbn_subset/R5/download/sub-NDARCU736GZ1/eeg/sub-NDARCU736GZ1_task-RestingState_eeg.set,R5,sub-NDARCU736GZ1,8.2372,68.0,2.0,349.178,test,9.734382629394531
/workspace/hbn_subset/R5/download/sub-NDARCU736GZ1/eeg/sub-NDARCU736GZ1_task-RestingState_eeg.set,R5,sub-NDARCU736GZ1,8.2372,70.0,2.0,349.178,test,7.816485404968262
/workspace/hbn_subset/R5/download/sub-NDARCU736GZ1/eeg/sub-NDARCU736GZ1_task-RestingState_eeg.set,R5,sub-NDARCU736GZ1,8.2372,72.0,2.0,349.178,test,8.795239448547363
/workspace/hbn_subset/R5/download/sub-NDARCU736GZ1/eeg/sub-NDARCU736GZ1_task-RestingState_eeg.set,R5,sub-NDARCU736GZ1,8.2372,74.0,2.0,349.178,test,8.311455726623535
/workspace/hbn_subset/R5/download/sub-NDARCU736GZ1/eeg/sub-NDARCU736GZ1_task-RestingState_eeg.set,R5,sub-NDARCU736GZ1,8.2372,76.0,2.0,349.178,test,7.5675458908081055
/workspace/hbn_subset/R5/download/sub-NDARCU736GZ1/eeg/sub-NDARCU736GZ1_task-RestingState_eeg.set,R5,sub-NDARCU736GZ1,8.2372,78.0,2.0,349.178,test,6.953100204467773
/workspace/hbn_subset/R5/download/sub-NDARCU736GZ1/eeg/sub-NDARCU736GZ1_task-RestingState_eeg.set,R5,sub-NDARCU736GZ1,8.2372,80.0,2.0,349.178,test,7.329099655151367
/workspace/hbn_subset/R5/download/sub-NDARCU736GZ1/eeg/sub-NDARCU736GZ1_task-RestingState_eeg.set,R5,sub-NDARCU736GZ1,8.2372,82.0,2.0,349.178,test,7.732983112335205
/workspace/hbn_subset/R5/download/sub-NDARCU736GZ1/eeg/sub-NDARCU736GZ1_task-RestingState_eeg.set,R5,sub-NDARCU736GZ1,8.2372,84.0,2.0,349.178,test,8.408687591552734
/workspace/hbn_subset/R5/download/sub-NDARCU736GZ1/eeg/sub-NDARCU736GZ1_task-RestingState_eeg.set,R5,sub-NDARCU736GZ1,8.2372,86.0,2.0,349.178,test,8.065695762634277
/workspace/hbn_subset/R5/download/sub-NDARCU736GZ1/eeg/sub-NDARCU736GZ1_task-RestingState_eeg.set,R5,sub-NDARCU736GZ1,8.2372,88.0,2.0,349.178,test,7.710580825805664
/workspace/hbn_subset/R5/download/sub-NDARCU736GZ1/eeg/sub-NDARCU736GZ1_task-RestingState_eeg.set,R5,sub-NDARCU736GZ1,8.2372,90.0,2.0,349.178,test,7.7528533935546875
/workspace/hbn_subset/R5/download/sub-NDARCU736GZ1/eeg/sub-NDARCU736GZ1_task-RestingState_eeg.set,R5,sub-NDARCU736GZ1,8.2372,92.0,2.0,349.178,test,10.547896385192871
/workspace/hbn_subset/R5/download/sub-NDARCU736GZ1/eeg/sub-NDARCU736GZ1_task-RestingState_eeg.set,R5,sub-NDARCU736GZ1,8.2372,94.0,2.0,349.178,test,8.940095901489258
/workspace/hbn_subset/R5/download/sub-NDARCU736GZ1/eeg/sub-NDARCU736GZ1_task-RestingState_eeg.set,R5,sub-NDARCU736GZ1,8.2372,96.0,2.0,349.178,test,7.93424129486084
/workspace/hbn_subset/R5/download/sub-NDARCU736GZ1/eeg/sub-NDARCU736GZ1_task-RestingState_eeg.set,R5,sub-NDARCU736GZ1,8.2372,98.0,2.0,349.178,test,7.694894313812256
/workspace/hbn_subset/R5/download/sub-NDARCU736GZ1/eeg/sub-NDARCU736GZ1_task-RestingState_eeg.set,R5,sub-NDARCU736GZ1,8.2372,100.0,2.0,349.178,test,9.646942138671875
/workspace/hbn_subset/R5/download/sub-NDARCU736GZ1/eeg/sub-NDARCU736GZ1_task-RestingState_eeg.set,R5,sub-NDARCU736GZ1,8.2372,102.0,2.0,349.178,test,9.428731918334961
/workspace/hbn_subset/R5/download/sub-NDARCU736GZ1/eeg/sub-NDARCU736GZ1_task-RestingState_eeg.set,R5,sub-NDARCU736GZ1,8.2372,104.0,2.0,349.178,test,9.679985046386719
/workspace/hbn_subset/R5/download/sub-NDARCU736GZ1/eeg/sub-NDARCU736GZ1_task-RestingState_eeg.set,R5,sub-NDARCU736GZ1,8.2372,106.0,2.0,349.178,test,8.807209014892578
/workspace/hbn_subset/R5/download/sub-NDARCU736GZ1/eeg/sub-NDARCU736GZ1_task-RestingState_eeg.set,R5,sub-NDARCU736GZ1,8.2372,108.0,2.0,349.178,test,8.923866271972656
/workspace/hbn_subset/R5/download/sub-NDARCU736GZ1/eeg/sub-NDARCU736GZ1_task-RestingState_eeg.set,R5,sub-NDARCU736GZ1,8.2372,110.0,2.0,349.178,test,8.756593704223633
/workspace/hbn_subset/R5/download/sub-NDARCU736GZ1/eeg/sub-NDARCU736GZ1_task-RestingState_eeg.set,R5,sub-NDARCU736GZ1,8.2372,112.0,2.0,349.178,test,8.634868621826172
/workspace/hbn_subset/R5/download/sub-NDARCU736GZ1/eeg/sub-NDARCU736GZ1_task-RestingState_eeg.set,R5,sub-NDARCU736GZ1,8.2372,114.0,2.0,349.178,test,9.208765029907227
/workspace/hbn_subset/R5/download/sub-NDARCU736GZ1/eeg/sub-NDARCU736GZ1_task-RestingState_eeg.set,R5,sub-NDARCU736GZ1,8.2372,116.0,2.0,349.178,test,8.706836700439453
/workspace/hbn_subset/R5/download/sub-NDARCU736GZ1/eeg/sub-NDARCU736GZ1_task-RestingState_eeg.set,R5,sub-NDARCU736GZ1,8.2372,118.0,2.0,349.178,test,9.347185134887695
/workspace/hbn_subset/R5/download/sub-NDARCU744XWL/eeg/sub-NDARCU744XWL_task-RestingState_eeg.set,R5,sub-NDARCU744XWL,10.5035,0.0,2.0,433.064,test,8.442989349365234
/workspace/hbn_subset/R5/download/sub-NDARCU744XWL/eeg/sub-NDARCU744XWL_task-RestingState_eeg.set,R5,sub-NDARCU744XWL,10.5035,2.0,2.0,433.064,test,7.750885486602783
/workspace/hbn_subset/R5/download/sub-NDARCU744XWL/eeg/sub-NDARCU744XWL_task-RestingState_eeg.set,R5,sub-NDARCU744XWL,10.5035,4.0,2.0,433.064,test,8.532882690429688
/workspace/hbn_subset/R5/download/sub-NDARCU744XWL/eeg/sub-NDARCU744XWL_task-RestingState_eeg.set,R5,sub-NDARCU744XWL,10.5035,6.0,2.0,433.064,test,8.169452667236328
/workspace/hbn_subset/R5/download/sub-NDARCU744XWL/eeg/sub-NDARCU744XWL_task-RestingState_eeg.set,R5,sub-NDARCU744XWL,10.5035,8.0,2.0,433.064,test,7.498227119445801
/workspace/hbn_subset/R5/download/sub-NDARCU744XWL/eeg/sub-NDARCU744XWL_task-RestingState_eeg.set,R5,sub-NDARCU744XWL,10.5035,10.0,2.0,433.064,test,8.690228462219238
/workspace/hbn_subset/R5/download/sub-NDARCU744XWL/eeg/sub-NDARCU744XWL_task-RestingState_eeg.set,R5,sub-NDARCU744XWL,10.5035,12.0,2.0,433.064,test,7.9937005043029785
/workspace/hbn_subset/R5/download/sub-NDARCU744XWL/eeg/sub-NDARCU744XWL_task-RestingState_eeg.set,R5,sub-NDARCU744XWL,10.5035,14.0,2.0,433.064,test,8.074508666992188
/workspace/hbn_subset/R5/download/sub-NDARCU744XWL/eeg/sub-NDARCU744XWL_task-RestingState_eeg.set,R5,sub-NDARCU744XWL,10.5035,16.0,2.0,433.064,test,8.34760856628418
/workspace/hbn_subset/R5/download/sub-NDARCU744XWL/eeg/sub-NDARCU744XWL_task-RestingState_eeg.set,R5,sub-NDARCU744XWL,10.5035,18.0,2.0,433.064,test,9.292014122009277
/workspace/hbn_subset/R5/download/sub-NDARCU744XWL/eeg/sub-NDARCU744XWL_task-RestingState_eeg.set,R5,sub-NDARCU744XWL,10.5035,20.0,2.0,433.064,test,8.533918380737305
/workspace/hbn_subset/R5/download/sub-NDARCU744XWL/eeg/sub-NDARCU744XWL_task-RestingState_eeg.set,R5,sub-NDARCU744XWL,10.5035,22.0,2.0,433.064,test,8.795348167419434
/workspace/hbn_subset/R5/download/sub-NDARCU744XWL/eeg/sub-NDARCU744XWL_task-RestingState_eeg.set,R5,sub-NDARCU744XWL,10.5035,24.0,2.0,433.064,test,8.921473503112793
/workspace/hbn_subset/R5/download/sub-NDARCU744XWL/eeg/sub-NDARCU744XWL_task-RestingState_eeg.set,R5,sub-NDARCU744XWL,10.5035,26.0,2.0,433.064,test,8.420991897583008
/workspace/hbn_subset/R5/download/sub-NDARCU744XWL/eeg/sub-NDARCU744XWL_task-RestingState_eeg.set,R5,sub-NDARCU744XWL,10.5035,28.0,2.0,433.064,test,8.363593101501465
/workspace/hbn_subset/R5/download/sub-NDARCU744XWL/eeg/sub-NDARCU744XWL_task-RestingState_eeg.set,R5,sub-NDARCU744XWL,10.5035,30.0,2.0,433.064,test,8.682991981506348
/workspace/hbn_subset/R5/download/sub-NDARCU744XWL/eeg/sub-NDARCU744XWL_task-RestingState_eeg.set,R5,sub-NDARCU744XWL,10.5035,32.0,2.0,433.064,test,7.70379638671875
/workspace/hbn_subset/R5/download/sub-NDARCU744XWL/eeg/sub-NDARCU744XWL_task-RestingState_eeg.set,R5,sub-NDARCU744XWL,10.5035,34.0,2.0,433.064,test,7.514204502105713
/workspace/hbn_subset/R5/download/sub-NDARCU744XWL/eeg/sub-NDARCU744XWL_task-RestingState_eeg.set,R5,sub-NDARCU744XWL,10.5035,36.0,2.0,433.064,test,8.01508617401123
/workspace/hbn_subset/R5/download/sub-NDARCU744XWL/eeg/sub-NDARCU744XWL_task-RestingState_eeg.set,R5,sub-NDARCU744XWL,10.5035,38.0,2.0,433.064,test,8.03067684173584
/workspace/hbn_subset/R5/download/sub-NDARCU744XWL/eeg/sub-NDARCU744XWL_task-RestingState_eeg.set,R5,sub-NDARCU744XWL,10.5035,40.0,2.0,433.064,test,7.410305500030518
/workspace/hbn_subset/R5/download/sub-NDARCU744XWL/eeg/sub-NDARCU744XWL_task-RestingState_eeg.set,R5,sub-NDARCU744XWL,10.5035,42.0,2.0,433.064,test,7.8381829261779785
/workspace/hbn_subset/R5/download/sub-NDARCU744XWL/eeg/sub-NDARCU744XWL_task-RestingState_eeg.set,R5,sub-NDARCU744XWL,10.5035,44.0,2.0,433.064,test,7.4655070304870605
/workspace/hbn_subset/R5/download/sub-NDARCU744XWL/eeg/sub-NDARCU744XWL_task-RestingState_eeg.set,R5,sub-NDARCU744XWL,10.5035,46.0,2.0,433.064,test,7.8906569480896
/workspace/hbn_subset/R5/download/sub-NDARCU744XWL/eeg/sub-NDARCU744XWL_task-RestingState_eeg.set,R5,sub-NDARCU744XWL,10.5035,48.0,2.0,433.064,test,6.989680767059326
/workspace/hbn_subset/R5/download/sub-NDARCU744XWL/eeg/sub-NDARCU744XWL_task-RestingState_eeg.set,R5,sub-NDARCU744XWL,10.5035,50.0,2.0,433.064,test,7.50792932510376
/workspace/hbn_subset/R5/download/sub-NDARCU744XWL/eeg/sub-NDARCU744XWL_task-RestingState_eeg.set,R5,sub-NDARCU744XWL,10.5035,52.0,2.0,433.064,test,7.17552375793457
/workspace/hbn_subset/R5/download/sub-NDARCU744XWL/eeg/sub-NDARCU744XWL_task-RestingState_eeg.set,R5,sub-NDARCU744XWL,10.5035,54.0,2.0,433.064,test,8.317436218261719
/workspace/hbn_subset/R5/download/sub-NDARCU744XWL/eeg/sub-NDARCU744XWL_task-RestingState_eeg.set,R5,sub-NDARCU744XWL,10.5035,56.0,2.0,433.064,test,8.467439651489258
/workspace/hbn_subset/R5/download/sub-NDARCU744XWL/eeg/sub-NDARCU744XWL_task-RestingState_eeg.set,R5,sub-NDARCU744XWL,10.5035,58.0,2.0,433.064,test,7.659309387207031
/workspace/hbn_subset/R5/download/sub-NDARCU744XWL/eeg/sub-NDARCU744XWL_task-RestingState_eeg.set,R5,sub-NDARCU744XWL,10.5035,60.0,2.0,433.064,test,9.264803886413574
/workspace/hbn_subset/R5/download/sub-NDARCU744XWL/eeg/sub-NDARCU744XWL_task-RestingState_eeg.set,R5,sub-NDARCU744XWL,10.5035,62.0,2.0,433.064,test,7.2253098487854
/workspace/hbn_subset/R5/download/sub-NDARCU744XWL/eeg/sub-NDARCU744XWL_task-RestingState_eeg.set,R5,sub-NDARCU744XWL,10.5035,64.0,2.0,433.064,test,7.642508506774902
/workspace/hbn_subset/R5/download/sub-NDARCU744XWL/eeg/sub-NDARCU744XWL_task-RestingState_eeg.set,R5,sub-NDARCU744XWL,10.5035,66.0,2.0,433.064,test,8.330865859985352
/workspace/hbn_subset/R5/download/sub-NDARCU744XWL/eeg/sub-NDARCU744XWL_task-RestingState_eeg.set,R5,sub-NDARCU744XWL,10.5035,68.0,2.0,433.064,test,8.245047569274902
/workspace/hbn_subset/R5/download/sub-NDARCU744XWL/eeg/sub-NDARCU744XWL_task-RestingState_eeg.set,R5,sub-NDARCU744XWL,10.5035,70.0,2.0,433.064,test,8.160097122192383
/workspace/hbn_subset/R5/download/sub-NDARCU744XWL/eeg/sub-NDARCU744XWL_task-RestingState_eeg.set,R5,sub-NDARCU744XWL,10.5035,72.0,2.0,433.064,test,7.785528659820557
/workspace/hbn_subset/R5/download/sub-NDARCU744XWL/eeg/sub-NDARCU744XWL_task-RestingState_eeg.set,R5,sub-NDARCU744XWL,10.5035,74.0,2.0,433.064,test,8.60438346862793
/workspace/hbn_subset/R5/download/sub-NDARCU744XWL/eeg/sub-NDARCU744XWL_task-RestingState_eeg.set,R5,sub-NDARCU744XWL,10.5035,76.0,2.0,433.064,test,7.915994167327881
/workspace/hbn_subset/R5/download/sub-NDARCU744XWL/eeg/sub-NDARCU744XWL_task-RestingState_eeg.set,R5,sub-NDARCU744XWL,10.5035,78.0,2.0,433.064,test,7.319063186645508
/workspace/hbn_subset/R5/download/sub-NDARCU744XWL/eeg/sub-NDARCU744XWL_task-RestingState_eeg.set,R5,sub-NDARCU744XWL,10.5035,80.0,2.0,433.064,test,7.375710964202881
/workspace/hbn_subset/R5/download/sub-NDARCU744XWL/eeg/sub-NDARCU744XWL_task-RestingState_eeg.set,R5,sub-NDARCU744XWL,10.5035,82.0,2.0,433.064,test,7.805285453796387
/workspace/hbn_subset/R5/download/sub-NDARCU744XWL/eeg/sub-NDARCU744XWL_task-RestingState_eeg.set,R5,sub-NDARCU744XWL,10.5035,84.0,2.0,433.064,test,7.379238128662109
/workspace/hbn_subset/R5/download/sub-NDARCU744XWL/eeg/sub-NDARCU744XWL_task-RestingState_eeg.set,R5,sub-NDARCU744XWL,10.5035,86.0,2.0,433.064,test,7.485508918762207
/workspace/hbn_subset/R5/download/sub-NDARCU744XWL/eeg/sub-NDARCU744XWL_task-RestingState_eeg.set,R5,sub-NDARCU744XWL,10.5035,88.0,2.0,433.064,test,8.040966033935547
/workspace/hbn_subset/R5/download/sub-NDARCU744XWL/eeg/sub-NDARCU744XWL_task-RestingState_eeg.set,R5,sub-NDARCU744XWL,10.5035,90.0,2.0,433.064,test,8.386956214904785
/workspace/hbn_subset/R5/download/sub-NDARCU744XWL/eeg/sub-NDARCU744XWL_task-RestingState_eeg.set,R5,sub-NDARCU744XWL,10.5035,92.0,2.0,433.064,test,7.698115825653076
/workspace/hbn_subset/R5/download/sub-NDARCU744XWL/eeg/sub-NDARCU744XWL_task-RestingState_eeg.set,R5,sub-NDARCU744XWL,10.5035,94.0,2.0,433.064,test,8.91353702545166
/workspace/hbn_subset/R5/download/sub-NDARCU744XWL/eeg/sub-NDARCU744XWL_task-RestingState_eeg.set,R5,sub-NDARCU744XWL,10.5035,96.0,2.0,433.064,test,7.443294048309326
/workspace/hbn_subset/R5/download/sub-NDARCU744XWL/eeg/sub-NDARCU744XWL_task-RestingState_eeg.set,R5,sub-NDARCU744XWL,10.5035,98.0,2.0,433.064,test,8.752457618713379
/workspace/hbn_subset/R5/download/sub-NDARCU744XWL/eeg/sub-NDARCU744XWL_task-RestingState_eeg.set,R5,sub-NDARCU744XWL,10.5035,100.0,2.0,433.064,test,8.55683422088623
/workspace/hbn_subset/R5/download/sub-NDARCU744XWL/eeg/sub-NDARCU744XWL_task-RestingState_eeg.set,R5,sub-NDARCU744XWL,10.5035,102.0,2.0,433.064,test,7.962893486022949
/workspace/hbn_subset/R5/download/sub-NDARCU744XWL/eeg/sub-NDARCU744XWL_task-RestingState_eeg.set,R5,sub-NDARCU744XWL,10.5035,104.0,2.0,433.064,test,8.32915210723877
/workspace/hbn_subset/R5/download/sub-NDARCU744XWL/eeg/sub-NDARCU744XWL_task-RestingState_eeg.set,R5,sub-NDARCU744XWL,10.5035,106.0,2.0,433.064,test,7.5365729331970215
/workspace/hbn_subset/R5/download/sub-NDARCU744XWL/eeg/sub-NDARCU744XWL_task-RestingState_eeg.set,R5,sub-NDARCU744XWL,10.5035,108.0,2.0,433.064,test,7.7788543701171875
/workspace/hbn_subset/R5/download/sub-NDARCU744XWL/eeg/sub-NDARCU744XWL_task-RestingState_eeg.set,R5,sub-NDARCU744XWL,10.5035,110.0,2.0,433.064,test,7.1584858894348145
/workspace/hbn_subset/R5/download/sub-NDARCU744XWL/eeg/sub-NDARCU744XWL_task-RestingState_eeg.set,R5,sub-NDARCU744XWL,10.5035,112.0,2.0,433.064,test,7.517027854919434
/workspace/hbn_subset/R5/download/sub-NDARCU744XWL/eeg/sub-NDARCU744XWL_task-RestingState_eeg.set,R5,sub-NDARCU744XWL,10.5035,114.0,2.0,433.064,test,7.404855251312256
/workspace/hbn_subset/R5/download/sub-NDARCU744XWL/eeg/sub-NDARCU744XWL_task-RestingState_eeg.set,R5,sub-NDARCU744XWL,10.5035,116.0,2.0,433.064,test,6.711350917816162
/workspace/hbn_subset/R5/download/sub-NDARCU744XWL/eeg/sub-NDARCU744XWL_task-RestingState_eeg.set,R5,sub-NDARCU744XWL,10.5035,118.0,2.0,433.064,test,8.455479621887207
/workspace/hbn_subset/R5/download/sub-NDARCV606ZZ5/eeg/sub-NDARCV606ZZ5_task-RestingState_eeg.set,R5,sub-NDARCV606ZZ5,13.4746,0.0,2.0,348.824,test,9.746889114379883
/workspace/hbn_subset/R5/download/sub-NDARCV606ZZ5/eeg/sub-NDARCV606ZZ5_task-RestingState_eeg.set,R5,sub-NDARCV606ZZ5,13.4746,2.0,2.0,348.824,test,11.158193588256836
/workspace/hbn_subset/R5/download/sub-NDARCV606ZZ5/eeg/sub-NDARCV606ZZ5_task-RestingState_eeg.set,R5,sub-NDARCV606ZZ5,13.4746,4.0,2.0,348.824,test,10.93569564819336
/workspace/hbn_subset/R5/download/sub-NDARCV606ZZ5/eeg/sub-NDARCV606ZZ5_task-RestingState_eeg.set,R5,sub-NDARCV606ZZ5,13.4746,6.0,2.0,348.824,test,11.810559272766113
/workspace/hbn_subset/R5/download/sub-NDARCV606ZZ5/eeg/sub-NDARCV606ZZ5_task-RestingState_eeg.set,R5,sub-NDARCV606ZZ5,13.4746,8.0,2.0,348.824,test,11.748490333557129
/workspace/hbn_subset/R5/download/sub-NDARCV606ZZ5/eeg/sub-NDARCV606ZZ5_task-RestingState_eeg.set,R5,sub-NDARCV606ZZ5,13.4746,10.0,2.0,348.824,test,11.219855308532715
/workspace/hbn_subset/R5/download/sub-NDARCV606ZZ5/eeg/sub-NDARCV606ZZ5_task-RestingState_eeg.set,R5,sub-NDARCV606ZZ5,13.4746,12.0,2.0,348.824,test,12.257455825805664
/workspace/hbn_subset/R5/download/sub-NDARCV606ZZ5/eeg/sub-NDARCV606ZZ5_task-RestingState_eeg.set,R5,sub-NDARCV606ZZ5,13.4746,14.0,2.0,348.824,test,10.681933403015137
/workspace/hbn_subset/R5/download/sub-NDARCV606ZZ5/eeg/sub-NDARCV606ZZ5_task-RestingState_eeg.set,R5,sub-NDARCV606ZZ5,13.4746,16.0,2.0,348.824,test,11.311062812805176
/workspace/hbn_subset/R5/download/sub-NDARCV606ZZ5/eeg/sub-NDARCV606ZZ5_task-RestingState_eeg.set,R5,sub-NDARCV606ZZ5,13.4746,18.0,2.0,348.824,test,11.002630233764648
/workspace/hbn_subset/R5/download/sub-NDARCV606ZZ5/eeg/sub-NDARCV606ZZ5_task-RestingState_eeg.set,R5,sub-NDARCV606ZZ5,13.4746,20.0,2.0,348.824,test,10.79302978515625
/workspace/hbn_subset/R5/download/sub-NDARCV606ZZ5/eeg/sub-NDARCV606ZZ5_task-RestingState_eeg.set,R5,sub-NDARCV606ZZ5,13.4746,22.0,2.0,348.824,test,10.818601608276367
/workspace/hbn_subset/R5/download/sub-NDARCV606ZZ5/eeg/sub-NDARCV606ZZ5_task-RestingState_eeg.set,R5,sub-NDARCV606ZZ5,13.4746,24.0,2.0,348.824,test,11.592716217041016
/workspace/hbn_subset/R5/download/sub-NDARCV606ZZ5/eeg/sub-NDARCV606ZZ5_task-RestingState_eeg.set,R5,sub-NDARCV606ZZ5,13.4746,26.0,2.0,348.824,test,11.326268196105957
/workspace/hbn_subset/R5/download/sub-NDARCV606ZZ5/eeg/sub-NDARCV606ZZ5_task-RestingState_eeg.set,R5,sub-NDARCV606ZZ5,13.4746,28.0,2.0,348.824,test,10.104337692260742
/workspace/hbn_subset/R5/download/sub-NDARCV606ZZ5/eeg/sub-NDARCV606ZZ5_task-RestingState_eeg.set,R5,sub-NDARCV606ZZ5,13.4746,30.0,2.0,348.824,test,11.706589698791504
/workspace/hbn_subset/R5/download/sub-NDARCV606ZZ5/eeg/sub-NDARCV606ZZ5_task-RestingState_eeg.set,R5,sub-NDARCV606ZZ5,13.4746,32.0,2.0,348.824,test,11.462000846862793
/workspace/hbn_subset/R5/download/sub-NDARCV606ZZ5/eeg/sub-NDARCV606ZZ5_task-RestingState_eeg.set,R5,sub-NDARCV606ZZ5,13.4746,34.0,2.0,348.824,test,11.51745891571045
/workspace/hbn_subset/R5/download/sub-NDARCV606ZZ5/eeg/sub-NDARCV606ZZ5_task-RestingState_eeg.set,R5,sub-NDARCV606ZZ5,13.4746,36.0,2.0,348.824,test,12.374398231506348
/workspace/hbn_subset/R5/download/sub-NDARCV606ZZ5/eeg/sub-NDARCV606ZZ5_task-RestingState_eeg.set,R5,sub-NDARCV606ZZ5,13.4746,38.0,2.0,348.824,test,11.459094047546387
/workspace/hbn_subset/R5/download/sub-NDARCV606ZZ5/eeg/sub-NDARCV606ZZ5_task-RestingState_eeg.set,R5,sub-NDARCV606ZZ5,13.4746,40.0,2.0,348.824,test,12.279484748840332
/workspace/hbn_subset/R5/download/sub-NDARCV606ZZ5/eeg/sub-NDARCV606ZZ5_task-RestingState_eeg.set,R5,sub-NDARCV606ZZ5,13.4746,42.0,2.0,348.824,test,11.17851734161377
/workspace/hbn_subset/R5/download/sub-NDARCV606ZZ5/eeg/sub-NDARCV606ZZ5_task-RestingState_eeg.set,R5,sub-NDARCV606ZZ5,13.4746,44.0,2.0,348.824,test,11.61803913116455
/workspace/hbn_subset/R5/download/sub-NDARCV606ZZ5/eeg/sub-NDARCV606ZZ5_task-RestingState_eeg.set,R5,sub-NDARCV606ZZ5,13.4746,46.0,2.0,348.824,test,10.583582878112793
/workspace/hbn_subset/R5/download/sub-NDARCV606ZZ5/eeg/sub-NDARCV606ZZ5_task-RestingState_eeg.set,R5,sub-NDARCV606ZZ5,13.4746,48.0,2.0,348.824,test,11.13473129272461
/workspace/hbn_subset/R5/download/sub-NDARCV606ZZ5/eeg/sub-NDARCV606ZZ5_task-RestingState_eeg.set,R5,sub-NDARCV606ZZ5,13.4746,50.0,2.0,348.824,test,11.263317108154297
/workspace/hbn_subset/R5/download/sub-NDARCV606ZZ5/eeg/sub-NDARCV606ZZ5_task-RestingState_eeg.set,R5,sub-NDARCV606ZZ5,13.4746,52.0,2.0,348.824,test,11.804924011230469
/workspace/hbn_subset/R5/download/sub-NDARCV606ZZ5/eeg/sub-NDARCV606ZZ5_task-RestingState_eeg.set,R5,sub-NDARCV606ZZ5,13.4746,54.0,2.0,348.824,test,10.693001747131348
/workspace/hbn_subset/R5/download/sub-NDARCV606ZZ5/eeg/sub-NDARCV606ZZ5_task-RestingState_eeg.set,R5,sub-NDARCV606ZZ5,13.4746,56.0,2.0,348.824,test,10.191835403442383
/workspace/hbn_subset/R5/download/sub-NDARCV606ZZ5/eeg/sub-NDARCV606ZZ5_task-RestingState_eeg.set,R5,sub-NDARCV606ZZ5,13.4746,58.0,2.0,348.824,test,11.995645523071289
/workspace/hbn_subset/R5/download/sub-NDARCV606ZZ5/eeg/sub-NDARCV606ZZ5_task-RestingState_eeg.set,R5,sub-NDARCV606ZZ5,13.4746,60.0,2.0,348.824,test,11.63682746887207
/workspace/hbn_subset/R5/download/sub-NDARCV606ZZ5/eeg/sub-NDARCV606ZZ5_task-RestingState_eeg.set,R5,sub-NDARCV606ZZ5,13.4746,62.0,2.0,348.824,test,10.524797439575195
/workspace/hbn_subset/R5/download/sub-NDARCV606ZZ5/eeg/sub-NDARCV606ZZ5_task-RestingState_eeg.set,R5,sub-NDARCV606ZZ5,13.4746,64.0,2.0,348.824,test,12.070329666137695
/workspace/hbn_subset/R5/download/sub-NDARCV606ZZ5/eeg/sub-NDARCV606ZZ5_task-RestingState_eeg.set,R5,sub-NDARCV606ZZ5,13.4746,66.0,2.0,348.824,test,11.838053703308105
/workspace/hbn_subset/R5/download/sub-NDARCV606ZZ5/eeg/sub-NDARCV606ZZ5_task-RestingState_eeg.set,R5,sub-NDARCV606ZZ5,13.4746,68.0,2.0,348.824,test,12.061119079589844
/workspace/hbn_subset/R5/download/sub-NDARCV606ZZ5/eeg/sub-NDARCV606ZZ5_task-RestingState_eeg.set,R5,sub-NDARCV606ZZ5,13.4746,70.0,2.0,348.824,test,11.735157012939453
/workspace/hbn_subset/R5/download/sub-NDARCV606ZZ5/eeg/sub-NDARCV606ZZ5_task-RestingState_eeg.set,R5,sub-NDARCV606ZZ5,13.4746,72.0,2.0,348.824,test,10.576863288879395
/workspace/hbn_subset/R5/download/sub-NDARCV606ZZ5/eeg/sub-NDARCV606ZZ5_task-RestingState_eeg.set,R5,sub-NDARCV606ZZ5,13.4746,74.0,2.0,348.824,test,12.926355361938477
/workspace/hbn_subset/R5/download/sub-NDARCV606ZZ5/eeg/sub-NDARCV606ZZ5_task-RestingState_eeg.set,R5,sub-NDARCV606ZZ5,13.4746,76.0,2.0,348.824,test,11.278964042663574
/workspace/hbn_subset/R5/download/sub-NDARCV606ZZ5/eeg/sub-NDARCV606ZZ5_task-RestingState_eeg.set,R5,sub-NDARCV606ZZ5,13.4746,78.0,2.0,348.824,test,12.015863418579102
/workspace/hbn_subset/R5/download/sub-NDARCV606ZZ5/eeg/sub-NDARCV606ZZ5_task-RestingState_eeg.set,R5,sub-NDARCV606ZZ5,13.4746,80.0,2.0,348.824,test,12.573479652404785
/workspace/hbn_subset/R5/download/sub-NDARCV606ZZ5/eeg/sub-NDARCV606ZZ5_task-RestingState_eeg.set,R5,sub-NDARCV606ZZ5,13.4746,82.0,2.0,348.824,test,12.163106918334961
/workspace/hbn_subset/R5/download/sub-NDARCV606ZZ5/eeg/sub-NDARCV606ZZ5_task-RestingState_eeg.set,R5,sub-NDARCV606ZZ5,13.4746,84.0,2.0,348.824,test,10.773225784301758
/workspace/hbn_subset/R5/download/sub-NDARCV606ZZ5/eeg/sub-NDARCV606ZZ5_task-RestingState_eeg.set,R5,sub-NDARCV606ZZ5,13.4746,86.0,2.0,348.824,test,10.383166313171387
/workspace/hbn_subset/R5/download/sub-NDARCV606ZZ5/eeg/sub-NDARCV606ZZ5_task-RestingState_eeg.set,R5,sub-NDARCV606ZZ5,13.4746,88.0,2.0,348.824,test,12.177216529846191
/workspace/hbn_subset/R5/download/sub-NDARCV606ZZ5/eeg/sub-NDARCV606ZZ5_task-RestingState_eeg.set,R5,sub-NDARCV606ZZ5,13.4746,90.0,2.0,348.824,test,12.273592948913574
/workspace/hbn_subset/R5/download/sub-NDARCV606ZZ5/eeg/sub-NDARCV606ZZ5_task-RestingState_eeg.set,R5,sub-NDARCV606ZZ5,13.4746,92.0,2.0,348.824,test,11.129212379455566
/workspace/hbn_subset/R5/download/sub-NDARCV606ZZ5/eeg/sub-NDARCV606ZZ5_task-RestingState_eeg.set,R5,sub-NDARCV606ZZ5,13.4746,94.0,2.0,348.824,test,10.64238166809082
/workspace/hbn_subset/R5/download/sub-NDARCV606ZZ5/eeg/sub-NDARCV606ZZ5_task-RestingState_eeg.set,R5,sub-NDARCV606ZZ5,13.4746,96.0,2.0,348.824,test,12.727487564086914
/workspace/hbn_subset/R5/download/sub-NDARCV606ZZ5/eeg/sub-NDARCV606ZZ5_task-RestingState_eeg.set,R5,sub-NDARCV606ZZ5,13.4746,98.0,2.0,348.824,test,10.316742897033691
/workspace/hbn_subset/R5/download/sub-NDARCV606ZZ5/eeg/sub-NDARCV606ZZ5_task-RestingState_eeg.set,R5,sub-NDARCV606ZZ5,13.4746,100.0,2.0,348.824,test,11.551809310913086
/workspace/hbn_subset/R5/download/sub-NDARCV606ZZ5/eeg/sub-NDARCV606ZZ5_task-RestingState_eeg.set,R5,sub-NDARCV606ZZ5,13.4746,102.0,2.0,348.824,test,12.198001861572266
/workspace/hbn_subset/R5/download/sub-NDARCV606ZZ5/eeg/sub-NDARCV606ZZ5_task-RestingState_eeg.set,R5,sub-NDARCV606ZZ5,13.4746,104.0,2.0,348.824,test,11.814258575439453
/workspace/hbn_subset/R5/download/sub-NDARCV606ZZ5/eeg/sub-NDARCV606ZZ5_task-RestingState_eeg.set,R5,sub-NDARCV606ZZ5,13.4746,106.0,2.0,348.824,test,11.424166679382324
/workspace/hbn_subset/R5/download/sub-NDARCV606ZZ5/eeg/sub-NDARCV606ZZ5_task-RestingState_eeg.set,R5,sub-NDARCV606ZZ5,13.4746,108.0,2.0,348.824,test,10.854546546936035
/workspace/hbn_subset/R5/download/sub-NDARCV606ZZ5/eeg/sub-NDARCV606ZZ5_task-RestingState_eeg.set,R5,sub-NDARCV606ZZ5,13.4746,110.0,2.0,348.824,test,11.442919731140137
/workspace/hbn_subset/R5/download/sub-NDARCV606ZZ5/eeg/sub-NDARCV606ZZ5_task-RestingState_eeg.set,R5,sub-NDARCV606ZZ5,13.4746,112.0,2.0,348.824,test,11.551008224487305
/workspace/hbn_subset/R5/download/sub-NDARCV606ZZ5/eeg/sub-NDARCV606ZZ5_task-RestingState_eeg.set,R5,sub-NDARCV606ZZ5,13.4746,114.0,2.0,348.824,test,11.57857894897461
/workspace/hbn_subset/R5/download/sub-NDARCV606ZZ5/eeg/sub-NDARCV606ZZ5_task-RestingState_eeg.set,R5,sub-NDARCV606ZZ5,13.4746,116.0,2.0,348.824,test,12.017864227294922
/workspace/hbn_subset/R5/download/sub-NDARCV606ZZ5/eeg/sub-NDARCV606ZZ5_task-RestingState_eeg.set,R5,sub-NDARCV606ZZ5,13.4746,118.0,2.0,348.824,test,11.464314460754395
/workspace/hbn_subset/R5/download/sub-NDARCV981XUY/eeg/sub-NDARCV981XUY_task-RestingState_eeg.set,R5,sub-NDARCV981XUY,15.7794,0.0,2.0,349.87,test,11.055155754089355
/workspace/hbn_subset/R5/download/sub-NDARCV981XUY/eeg/sub-NDARCV981XUY_task-RestingState_eeg.set,R5,sub-NDARCV981XUY,15.7794,2.0,2.0,349.87,test,11.396292686462402
/workspace/hbn_subset/R5/download/sub-NDARCV981XUY/eeg/sub-NDARCV981XUY_task-RestingState_eeg.set,R5,sub-NDARCV981XUY,15.7794,4.0,2.0,349.87,test,10.824913024902344
/workspace/hbn_subset/R5/download/sub-NDARCV981XUY/eeg/sub-NDARCV981XUY_task-RestingState_eeg.set,R5,sub-NDARCV981XUY,15.7794,6.0,2.0,349.87,test,10.723134994506836
/workspace/hbn_subset/R5/download/sub-NDARCV981XUY/eeg/sub-NDARCV981XUY_task-RestingState_eeg.set,R5,sub-NDARCV981XUY,15.7794,8.0,2.0,349.87,test,10.523087501525879
/workspace/hbn_subset/R5/download/sub-NDARCV981XUY/eeg/sub-NDARCV981XUY_task-RestingState_eeg.set,R5,sub-NDARCV981XUY,15.7794,10.0,2.0,349.87,test,10.757575988769531
/workspace/hbn_subset/R5/download/sub-NDARCV981XUY/eeg/sub-NDARCV981XUY_task-RestingState_eeg.set,R5,sub-NDARCV981XUY,15.7794,12.0,2.0,349.87,test,10.46500015258789
/workspace/hbn_subset/R5/download/sub-NDARCV981XUY/eeg/sub-NDARCV981XUY_task-RestingState_eeg.set,R5,sub-NDARCV981XUY,15.7794,14.0,2.0,349.87,test,11.15977954864502
/workspace/hbn_subset/R5/download/sub-NDARCV981XUY/eeg/sub-NDARCV981XUY_task-RestingState_eeg.set,R5,sub-NDARCV981XUY,15.7794,16.0,2.0,349.87,test,10.516976356506348
/workspace/hbn_subset/R5/download/sub-NDARCV981XUY/eeg/sub-NDARCV981XUY_task-RestingState_eeg.set,R5,sub-NDARCV981XUY,15.7794,18.0,2.0,349.87,test,11.380187034606934
/workspace/hbn_subset/R5/download/sub-NDARCV981XUY/eeg/sub-NDARCV981XUY_task-RestingState_eeg.set,R5,sub-NDARCV981XUY,15.7794,20.0,2.0,349.87,test,11.08689022064209
/workspace/hbn_subset/R5/download/sub-NDARCV981XUY/eeg/sub-NDARCV981XUY_task-RestingState_eeg.set,R5,sub-NDARCV981XUY,15.7794,22.0,2.0,349.87,test,11.310444831848145
/workspace/hbn_subset/R5/download/sub-NDARCV981XUY/eeg/sub-NDARCV981XUY_task-RestingState_eeg.set,R5,sub-NDARCV981XUY,15.7794,24.0,2.0,349.87,test,10.31635856628418
/workspace/hbn_subset/R5/download/sub-NDARCV981XUY/eeg/sub-NDARCV981XUY_task-RestingState_eeg.set,R5,sub-NDARCV981XUY,15.7794,26.0,2.0,349.87,test,13.43612003326416
/workspace/hbn_subset/R5/download/sub-NDARCV981XUY/eeg/sub-NDARCV981XUY_task-RestingState_eeg.set,R5,sub-NDARCV981XUY,15.7794,28.0,2.0,349.87,test,10.444890975952148
/workspace/hbn_subset/R5/download/sub-NDARCV981XUY/eeg/sub-NDARCV981XUY_task-RestingState_eeg.set,R5,sub-NDARCV981XUY,15.7794,30.0,2.0,349.87,test,12.297919273376465
/workspace/hbn_subset/R5/download/sub-NDARCV981XUY/eeg/sub-NDARCV981XUY_task-RestingState_eeg.set,R5,sub-NDARCV981XUY,15.7794,32.0,2.0,349.87,test,11.255082130432129
/workspace/hbn_subset/R5/download/sub-NDARCV981XUY/eeg/sub-NDARCV981XUY_task-RestingState_eeg.set,R5,sub-NDARCV981XUY,15.7794,34.0,2.0,349.87,test,10.811131477355957
/workspace/hbn_subset/R5/download/sub-NDARCV981XUY/eeg/sub-NDARCV981XUY_task-RestingState_eeg.set,R5,sub-NDARCV981XUY,15.7794,36.0,2.0,349.87,test,11.225625038146973
/workspace/hbn_subset/R5/download/sub-NDARCV981XUY/eeg/sub-NDARCV981XUY_task-RestingState_eeg.set,R5,sub-NDARCV981XUY,15.7794,38.0,2.0,349.87,test,11.914978981018066
/workspace/hbn_subset/R5/download/sub-NDARCV981XUY/eeg/sub-NDARCV981XUY_task-RestingState_eeg.set,R5,sub-NDARCV981XUY,15.7794,40.0,2.0,349.87,test,12.118829727172852
/workspace/hbn_subset/R5/download/sub-NDARCV981XUY/eeg/sub-NDARCV981XUY_task-RestingState_eeg.set,R5,sub-NDARCV981XUY,15.7794,42.0,2.0,349.87,test,12.120598793029785
/workspace/hbn_subset/R5/download/sub-NDARCV981XUY/eeg/sub-NDARCV981XUY_task-RestingState_eeg.set,R5,sub-NDARCV981XUY,15.7794,44.0,2.0,349.87,test,11.673648834228516
/workspace/hbn_subset/R5/download/sub-NDARCV981XUY/eeg/sub-NDARCV981XUY_task-RestingState_eeg.set,R5,sub-NDARCV981XUY,15.7794,46.0,2.0,349.87,test,11.105111122131348
/workspace/hbn_subset/R5/download/sub-NDARCV981XUY/eeg/sub-NDARCV981XUY_task-RestingState_eeg.set,R5,sub-NDARCV981XUY,15.7794,48.0,2.0,349.87,test,11.877317428588867
/workspace/hbn_subset/R5/download/sub-NDARCV981XUY/eeg/sub-NDARCV981XUY_task-RestingState_eeg.set,R5,sub-NDARCV981XUY,15.7794,50.0,2.0,349.87,test,11.15902042388916
/workspace/hbn_subset/R5/download/sub-NDARCV981XUY/eeg/sub-NDARCV981XUY_task-RestingState_eeg.set,R5,sub-NDARCV981XUY,15.7794,52.0,2.0,349.87,test,11.307499885559082
/workspace/hbn_subset/R5/download/sub-NDARCV981XUY/eeg/sub-NDARCV981XUY_task-RestingState_eeg.set,R5,sub-NDARCV981XUY,15.7794,54.0,2.0,349.87,test,11.104659080505371
/workspace/hbn_subset/R5/download/sub-NDARCV981XUY/eeg/sub-NDARCV981XUY_task-RestingState_eeg.set,R5,sub-NDARCV981XUY,15.7794,56.0,2.0,349.87,test,9.662511825561523
/workspace/hbn_subset/R5/download/sub-NDARCV981XUY/eeg/sub-NDARCV981XUY_task-RestingState_eeg.set,R5,sub-NDARCV981XUY,15.7794,58.0,2.0,349.87,test,10.143117904663086
/workspace/hbn_subset/R5/download/sub-NDARCV981XUY/eeg/sub-NDARCV981XUY_task-RestingState_eeg.set,R5,sub-NDARCV981XUY,15.7794,60.0,2.0,349.87,test,10.66974925994873
/workspace/hbn_subset/R5/download/sub-NDARCV981XUY/eeg/sub-NDARCV981XUY_task-RestingState_eeg.set,R5,sub-NDARCV981XUY,15.7794,62.0,2.0,349.87,test,11.542877197265625
/workspace/hbn_subset/R5/download/sub-NDARCV981XUY/eeg/sub-NDARCV981XUY_task-RestingState_eeg.set,R5,sub-NDARCV981XUY,15.7794,64.0,2.0,349.87,test,10.508560180664062
/workspace/hbn_subset/R5/download/sub-NDARCV981XUY/eeg/sub-NDARCV981XUY_task-RestingState_eeg.set,R5,sub-NDARCV981XUY,15.7794,66.0,2.0,349.87,test,12.208096504211426
/workspace/hbn_subset/R5/download/sub-NDARCV981XUY/eeg/sub-NDARCV981XUY_task-RestingState_eeg.set,R5,sub-NDARCV981XUY,15.7794,68.0,2.0,349.87,test,11.949422836303711
/workspace/hbn_subset/R5/download/sub-NDARCV981XUY/eeg/sub-NDARCV981XUY_task-RestingState_eeg.set,R5,sub-NDARCV981XUY,15.7794,70.0,2.0,349.87,test,11.19466495513916
/workspace/hbn_subset/R5/download/sub-NDARCV981XUY/eeg/sub-NDARCV981XUY_task-RestingState_eeg.set,R5,sub-NDARCV981XUY,15.7794,72.0,2.0,349.87,test,11.962759971618652
/workspace/hbn_subset/R5/download/sub-NDARCV981XUY/eeg/sub-NDARCV981XUY_task-RestingState_eeg.set,R5,sub-NDARCV981XUY,15.7794,74.0,2.0,349.87,test,11.992144584655762
/workspace/hbn_subset/R5/download/sub-NDARCV981XUY/eeg/sub-NDARCV981XUY_task-RestingState_eeg.set,R5,sub-NDARCV981XUY,15.7794,76.0,2.0,349.87,test,12.615509033203125
/workspace/hbn_subset/R5/download/sub-NDARCV981XUY/eeg/sub-NDARCV981XUY_task-RestingState_eeg.set,R5,sub-NDARCV981XUY,15.7794,78.0,2.0,349.87,test,12.024591445922852
/workspace/hbn_subset/R5/download/sub-NDARCV981XUY/eeg/sub-NDARCV981XUY_task-RestingState_eeg.set,R5,sub-NDARCV981XUY,15.7794,80.0,2.0,349.87,test,13.18901538848877
/workspace/hbn_subset/R5/download/sub-NDARCV981XUY/eeg/sub-NDARCV981XUY_task-RestingState_eeg.set,R5,sub-NDARCV981XUY,15.7794,82.0,2.0,349.87,test,11.496889114379883
/workspace/hbn_subset/R5/download/sub-NDARCV981XUY/eeg/sub-NDARCV981XUY_task-RestingState_eeg.set,R5,sub-NDARCV981XUY,15.7794,84.0,2.0,349.87,test,10.651021957397461
/workspace/hbn_subset/R5/download/sub-NDARCV981XUY/eeg/sub-NDARCV981XUY_task-RestingState_eeg.set,R5,sub-NDARCV981XUY,15.7794,86.0,2.0,349.87,test,11.446614265441895
/workspace/hbn_subset/R5/download/sub-NDARCV981XUY/eeg/sub-NDARCV981XUY_task-RestingState_eeg.set,R5,sub-NDARCV981XUY,15.7794,88.0,2.0,349.87,test,12.963423728942871
/workspace/hbn_subset/R5/download/sub-NDARCV981XUY/eeg/sub-NDARCV981XUY_task-RestingState_eeg.set,R5,sub-NDARCV981XUY,15.7794,90.0,2.0,349.87,test,10.534355163574219
/workspace/hbn_subset/R5/download/sub-NDARCV981XUY/eeg/sub-NDARCV981XUY_task-RestingState_eeg.set,R5,sub-NDARCV981XUY,15.7794,92.0,2.0,349.87,test,11.289182662963867
/workspace/hbn_subset/R5/download/sub-NDARCV981XUY/eeg/sub-NDARCV981XUY_task-RestingState_eeg.set,R5,sub-NDARCV981XUY,15.7794,94.0,2.0,349.87,test,11.986334800720215
/workspace/hbn_subset/R5/download/sub-NDARCV981XUY/eeg/sub-NDARCV981XUY_task-RestingState_eeg.set,R5,sub-NDARCV981XUY,15.7794,96.0,2.0,349.87,test,11.416971206665039
/workspace/hbn_subset/R5/download/sub-NDARCV981XUY/eeg/sub-NDARCV981XUY_task-RestingState_eeg.set,R5,sub-NDARCV981XUY,15.7794,98.0,2.0,349.87,test,10.803672790527344
/workspace/hbn_subset/R5/download/sub-NDARCV981XUY/eeg/sub-NDARCV981XUY_task-RestingState_eeg.set,R5,sub-NDARCV981XUY,15.7794,100.0,2.0,349.87,test,10.978682518005371
/workspace/hbn_subset/R5/download/sub-NDARCV981XUY/eeg/sub-NDARCV981XUY_task-RestingState_eeg.set,R5,sub-NDARCV981XUY,15.7794,102.0,2.0,349.87,test,10.888476371765137
/workspace/hbn_subset/R5/download/sub-NDARCV981XUY/eeg/sub-NDARCV981XUY_task-RestingState_eeg.set,R5,sub-NDARCV981XUY,15.7794,104.0,2.0,349.87,test,11.25110912322998
/workspace/hbn_subset/R5/download/sub-NDARCV981XUY/eeg/sub-NDARCV981XUY_task-RestingState_eeg.set,R5,sub-NDARCV981XUY,15.7794,106.0,2.0,349.87,test,10.763215065002441
/workspace/hbn_subset/R5/download/sub-NDARCV981XUY/eeg/sub-NDARCV981XUY_task-RestingState_eeg.set,R5,sub-NDARCV981XUY,15.7794,108.0,2.0,349.87,test,11.934918403625488
/workspace/hbn_subset/R5/download/sub-NDARCV981XUY/eeg/sub-NDARCV981XUY_task-RestingState_eeg.set,R5,sub-NDARCV981XUY,15.7794,110.0,2.0,349.87,test,12.883673667907715
/workspace/hbn_subset/R5/download/sub-NDARCV981XUY/eeg/sub-NDARCV981XUY_task-RestingState_eeg.set,R5,sub-NDARCV981XUY,15.7794,112.0,2.0,349.87,test,11.853731155395508
/workspace/hbn_subset/R5/download/sub-NDARCV981XUY/eeg/sub-NDARCV981XUY_task-RestingState_eeg.set,R5,sub-NDARCV981XUY,15.7794,114.0,2.0,349.87,test,12.058804512023926
/workspace/hbn_subset/R5/download/sub-NDARCV981XUY/eeg/sub-NDARCV981XUY_task-RestingState_eeg.set,R5,sub-NDARCV981XUY,15.7794,116.0,2.0,349.87,test,11.645835876464844
/workspace/hbn_subset/R5/download/sub-NDARCV981XUY/eeg/sub-NDARCV981XUY_task-RestingState_eeg.set,R5,sub-NDARCV981XUY,15.7794,118.0,2.0,349.87,test,10.953299522399902
/workspace/hbn_subset/R5/download/sub-NDARDA573XGG/eeg/sub-NDARDA573XGG_task-RestingState_eeg.set,R5,sub-NDARDA573XGG,15.3939,0.0,2.0,346.174,test,10.23745346069336
/workspace/hbn_subset/R5/download/sub-NDARDA573XGG/eeg/sub-NDARDA573XGG_task-RestingState_eeg.set,R5,sub-NDARDA573XGG,15.3939,2.0,2.0,346.174,test,10.06310749053955
/workspace/hbn_subset/R5/download/sub-NDARDA573XGG/eeg/sub-NDARDA573XGG_task-RestingState_eeg.set,R5,sub-NDARDA573XGG,15.3939,4.0,2.0,346.174,test,10.20549488067627
/workspace/hbn_subset/R5/download/sub-NDARDA573XGG/eeg/sub-NDARDA573XGG_task-RestingState_eeg.set,R5,sub-NDARDA573XGG,15.3939,6.0,2.0,346.174,test,10.272088050842285
/workspace/hbn_subset/R5/download/sub-NDARDA573XGG/eeg/sub-NDARDA573XGG_task-RestingState_eeg.set,R5,sub-NDARDA573XGG,15.3939,8.0,2.0,346.174,test,10.410751342773438
/workspace/hbn_subset/R5/download/sub-NDARDA573XGG/eeg/sub-NDARDA573XGG_task-RestingState_eeg.set,R5,sub-NDARDA573XGG,15.3939,10.0,2.0,346.174,test,9.86943531036377
/workspace/hbn_subset/R5/download/sub-NDARDA573XGG/eeg/sub-NDARDA573XGG_task-RestingState_eeg.set,R5,sub-NDARDA573XGG,15.3939,12.0,2.0,346.174,test,10.505335807800293
/workspace/hbn_subset/R5/download/sub-NDARDA573XGG/eeg/sub-NDARDA573XGG_task-RestingState_eeg.set,R5,sub-NDARDA573XGG,15.3939,14.0,2.0,346.174,test,9.929401397705078
/workspace/hbn_subset/R5/download/sub-NDARDA573XGG/eeg/sub-NDARDA573XGG_task-RestingState_eeg.set,R5,sub-NDARDA573XGG,15.3939,16.0,2.0,346.174,test,9.887389183044434
/workspace/hbn_subset/R5/download/sub-NDARDA573XGG/eeg/sub-NDARDA573XGG_task-RestingState_eeg.set,R5,sub-NDARDA573XGG,15.3939,18.0,2.0,346.174,test,9.93336009979248
/workspace/hbn_subset/R5/download/sub-NDARDA573XGG/eeg/sub-NDARDA573XGG_task-RestingState_eeg.set,R5,sub-NDARDA573XGG,15.3939,20.0,2.0,346.174,test,9.58181095123291
/workspace/hbn_subset/R5/download/sub-NDARDA573XGG/eeg/sub-NDARDA573XGG_task-RestingState_eeg.set,R5,sub-NDARDA573XGG,15.3939,22.0,2.0,346.174,test,9.692102432250977
/workspace/hbn_subset/R5/download/sub-NDARDA573XGG/eeg/sub-NDARDA573XGG_task-RestingState_eeg.set,R5,sub-NDARDA573XGG,15.3939,24.0,2.0,346.174,test,9.466631889343262
/workspace/hbn_subset/R5/download/sub-NDARDA573XGG/eeg/sub-NDARDA573XGG_task-RestingState_eeg.set,R5,sub-NDARDA573XGG,15.3939,26.0,2.0,346.174,test,9.41457748413086
/workspace/hbn_subset/R5/download/sub-NDARDA573XGG/eeg/sub-NDARDA573XGG_task-RestingState_eeg.set,R5,sub-NDARDA573XGG,15.3939,28.0,2.0,346.174,test,8.92102336883545
/workspace/hbn_subset/R5/download/sub-NDARDA573XGG/eeg/sub-NDARDA573XGG_task-RestingState_eeg.set,R5,sub-NDARDA573XGG,15.3939,30.0,2.0,346.174,test,9.318775177001953
/workspace/hbn_subset/R5/download/sub-NDARDA573XGG/eeg/sub-NDARDA573XGG_task-RestingState_eeg.set,R5,sub-NDARDA573XGG,15.3939,32.0,2.0,346.174,test,9.536248207092285
/workspace/hbn_subset/R5/download/sub-NDARDA573XGG/eeg/sub-NDARDA573XGG_task-RestingState_eeg.set,R5,sub-NDARDA573XGG,15.3939,34.0,2.0,346.174,test,9.86205768585205
/workspace/hbn_subset/R5/download/sub-NDARDA573XGG/eeg/sub-NDARDA573XGG_task-RestingState_eeg.set,R5,sub-NDARDA573XGG,15.3939,36.0,2.0,346.174,test,8.765324592590332
/workspace/hbn_subset/R5/download/sub-NDARDA573XGG/eeg/sub-NDARDA573XGG_task-RestingState_eeg.set,R5,sub-NDARDA573XGG,15.3939,38.0,2.0,346.174,test,9.187363624572754
/workspace/hbn_subset/R5/download/sub-NDARDA573XGG/eeg/sub-NDARDA573XGG_task-RestingState_eeg.set,R5,sub-NDARDA573XGG,15.3939,40.0,2.0,346.174,test,10.335051536560059
/workspace/hbn_subset/R5/download/sub-NDARDA573XGG/eeg/sub-NDARDA573XGG_task-RestingState_eeg.set,R5,sub-NDARDA573XGG,15.3939,42.0,2.0,346.174,test,9.002248764038086
/workspace/hbn_subset/R5/download/sub-NDARDA573XGG/eeg/sub-NDARDA573XGG_task-RestingState_eeg.set,R5,sub-NDARDA573XGG,15.3939,44.0,2.0,346.174,test,8.763631820678711
/workspace/hbn_subset/R5/download/sub-NDARDA573XGG/eeg/sub-NDARDA573XGG_task-RestingState_eeg.set,R5,sub-NDARDA573XGG,15.3939,46.0,2.0,346.174,test,8.886361122131348
/workspace/hbn_subset/R5/download/sub-NDARDA573XGG/eeg/sub-NDARDA573XGG_task-RestingState_eeg.set,R5,sub-NDARDA573XGG,15.3939,48.0,2.0,346.174,test,9.263840675354004
/workspace/hbn_subset/R5/download/sub-NDARDA573XGG/eeg/sub-NDARDA573XGG_task-RestingState_eeg.set,R5,sub-NDARDA573XGG,15.3939,50.0,2.0,346.174,test,9.386209487915039
/workspace/hbn_subset/R5/download/sub-NDARDA573XGG/eeg/sub-NDARDA573XGG_task-RestingState_eeg.set,R5,sub-NDARDA573XGG,15.3939,52.0,2.0,346.174,test,8.94239330291748
/workspace/hbn_subset/R5/download/sub-NDARDA573XGG/eeg/sub-NDARDA573XGG_task-RestingState_eeg.set,R5,sub-NDARDA573XGG,15.3939,54.0,2.0,346.174,test,8.651633262634277
/workspace/hbn_subset/R5/download/sub-NDARDA573XGG/eeg/sub-NDARDA573XGG_task-RestingState_eeg.set,R5,sub-NDARDA573XGG,15.3939,56.0,2.0,346.174,test,9.13046932220459
/workspace/hbn_subset/R5/download/sub-NDARDA573XGG/eeg/sub-NDARDA573XGG_task-RestingState_eeg.set,R5,sub-NDARDA573XGG,15.3939,58.0,2.0,346.174,test,9.699612617492676
/workspace/hbn_subset/R5/download/sub-NDARDA573XGG/eeg/sub-NDARDA573XGG_task-RestingState_eeg.set,R5,sub-NDARDA573XGG,15.3939,60.0,2.0,346.174,test,9.044859886169434
/workspace/hbn_subset/R5/download/sub-NDARDA573XGG/eeg/sub-NDARDA573XGG_task-RestingState_eeg.set,R5,sub-NDARDA573XGG,15.3939,62.0,2.0,346.174,test,9.318921089172363
/workspace/hbn_subset/R5/download/sub-NDARDA573XGG/eeg/sub-NDARDA573XGG_task-RestingState_eeg.set,R5,sub-NDARDA573XGG,15.3939,64.0,2.0,346.174,test,9.81772232055664
/workspace/hbn_subset/R5/download/sub-NDARDA573XGG/eeg/sub-NDARDA573XGG_task-RestingState_eeg.set,R5,sub-NDARDA573XGG,15.3939,66.0,2.0,346.174,test,9.221513748168945
/workspace/hbn_subset/R5/download/sub-NDARDA573XGG/eeg/sub-NDARDA573XGG_task-RestingState_eeg.set,R5,sub-NDARDA573XGG,15.3939,68.0,2.0,346.174,test,10.20026969909668
/workspace/hbn_subset/R5/download/sub-NDARDA573XGG/eeg/sub-NDARDA573XGG_task-RestingState_eeg.set,R5,sub-NDARDA573XGG,15.3939,70.0,2.0,346.174,test,9.258031845092773
/workspace/hbn_subset/R5/download/sub-NDARDA573XGG/eeg/sub-NDARDA573XGG_task-RestingState_eeg.set,R5,sub-NDARDA573XGG,15.3939,72.0,2.0,346.174,test,10.407547950744629
/workspace/hbn_subset/R5/download/sub-NDARDA573XGG/eeg/sub-NDARDA573XGG_task-RestingState_eeg.set,R5,sub-NDARDA573XGG,15.3939,74.0,2.0,346.174,test,10.11351490020752
/workspace/hbn_subset/R5/download/sub-NDARDA573XGG/eeg/sub-NDARDA573XGG_task-RestingState_eeg.set,R5,sub-NDARDA573XGG,15.3939,76.0,2.0,346.174,test,9.810517311096191
/workspace/hbn_subset/R5/download/sub-NDARDA573XGG/eeg/sub-NDARDA573XGG_task-RestingState_eeg.set,R5,sub-NDARDA573XGG,15.3939,78.0,2.0,346.174,test,9.200138092041016
/workspace/hbn_subset/R5/download/sub-NDARDA573XGG/eeg/sub-NDARDA573XGG_task-RestingState_eeg.set,R5,sub-NDARDA573XGG,15.3939,80.0,2.0,346.174,test,8.893049240112305
/workspace/hbn_subset/R5/download/sub-NDARDA573XGG/eeg/sub-NDARDA573XGG_task-RestingState_eeg.set,R5,sub-NDARDA573XGG,15.3939,82.0,2.0,346.174,test,10.321531295776367
/workspace/hbn_subset/R5/download/sub-NDARDA573XGG/eeg/sub-NDARDA573XGG_task-RestingState_eeg.set,R5,sub-NDARDA573XGG,15.3939,84.0,2.0,346.174,test,9.997550964355469
/workspace/hbn_subset/R5/download/sub-NDARDA573XGG/eeg/sub-NDARDA573XGG_task-RestingState_eeg.set,R5,sub-NDARDA573XGG,15.3939,86.0,2.0,346.174,test,9.810935020446777
/workspace/hbn_subset/R5/download/sub-NDARDA573XGG/eeg/sub-NDARDA573XGG_task-RestingState_eeg.set,R5,sub-NDARDA573XGG,15.3939,88.0,2.0,346.174,test,9.519440650939941
/workspace/hbn_subset/R5/download/sub-NDARDA573XGG/eeg/sub-NDARDA573XGG_task-RestingState_eeg.set,R5,sub-NDARDA573XGG,15.3939,90.0,2.0,346.174,test,9.367260932922363
/workspace/hbn_subset/R5/download/sub-NDARDA573XGG/eeg/sub-NDARDA573XGG_task-RestingState_eeg.set,R5,sub-NDARDA573XGG,15.3939,92.0,2.0,346.174,test,9.776995658874512
/workspace/hbn_subset/R5/download/sub-NDARDA573XGG/eeg/sub-NDARDA573XGG_task-RestingState_eeg.set,R5,sub-NDARDA573XGG,15.3939,94.0,2.0,346.174,test,10.345734596252441
/workspace/hbn_subset/R5/download/sub-NDARDA573XGG/eeg/sub-NDARDA573XGG_task-RestingState_eeg.set,R5,sub-NDARDA573XGG,15.3939,96.0,2.0,346.174,test,10.422809600830078
/workspace/hbn_subset/R5/download/sub-NDARDA573XGG/eeg/sub-NDARDA573XGG_task-RestingState_eeg.set,R5,sub-NDARDA573XGG,15.3939,98.0,2.0,346.174,test,9.077546119689941
/workspace/hbn_subset/R5/download/sub-NDARDA573XGG/eeg/sub-NDARDA573XGG_task-RestingState_eeg.set,R5,sub-NDARDA573XGG,15.3939,100.0,2.0,346.174,test,10.624368667602539
/workspace/hbn_subset/R5/download/sub-NDARDA573XGG/eeg/sub-NDARDA573XGG_task-RestingState_eeg.set,R5,sub-NDARDA573XGG,15.3939,102.0,2.0,346.174,test,10.014660835266113
/workspace/hbn_subset/R5/download/sub-NDARDA573XGG/eeg/sub-NDARDA573XGG_task-RestingState_eeg.set,R5,sub-NDARDA573XGG,15.3939,104.0,2.0,346.174,test,9.527182579040527
/workspace/hbn_subset/R5/download/sub-NDARDA573XGG/eeg/sub-NDARDA573XGG_task-RestingState_eeg.set,R5,sub-NDARDA573XGG,15.3939,106.0,2.0,346.174,test,10.444226264953613
/workspace/hbn_subset/R5/download/sub-NDARDA573XGG/eeg/sub-NDARDA573XGG_task-RestingState_eeg.set,R5,sub-NDARDA573XGG,15.3939,108.0,2.0,346.174,test,9.699139595031738
/workspace/hbn_subset/R5/download/sub-NDARDA573XGG/eeg/sub-NDARDA573XGG_task-RestingState_eeg.set,R5,sub-NDARDA573XGG,15.3939,110.0,2.0,346.174,test,10.782264709472656
/workspace/hbn_subset/R5/download/sub-NDARDA573XGG/eeg/sub-NDARDA573XGG_task-RestingState_eeg.set,R5,sub-NDARDA573XGG,15.3939,112.0,2.0,346.174,test,9.750584602355957
/workspace/hbn_subset/R5/download/sub-NDARDA573XGG/eeg/sub-NDARDA573XGG_task-RestingState_eeg.set,R5,sub-NDARDA573XGG,15.3939,114.0,2.0,346.174,test,9.539061546325684
/workspace/hbn_subset/R5/download/sub-NDARDA573XGG/eeg/sub-NDARDA573XGG_task-RestingState_eeg.set,R5,sub-NDARDA573XGG,15.3939,116.0,2.0,346.174,test,8.882981300354004
/workspace/hbn_subset/R5/download/sub-NDARDA573XGG/eeg/sub-NDARDA573XGG_task-RestingState_eeg.set,R5,sub-NDARDA573XGG,15.3939,118.0,2.0,346.174,test,9.502260208129883
/workspace/hbn_subset/R5/download/sub-NDARDB224XUD/eeg/sub-NDARDB224XUD_task-RestingState_eeg.set,R5,sub-NDARDB224XUD,11.6342,0.0,2.0,350.824,test,9.127777099609375
/workspace/hbn_subset/R5/download/sub-NDARDB224XUD/eeg/sub-NDARDB224XUD_task-RestingState_eeg.set,R5,sub-NDARDB224XUD,11.6342,2.0,2.0,350.824,test,10.710853576660156
/workspace/hbn_subset/R5/download/sub-NDARDB224XUD/eeg/sub-NDARDB224XUD_task-RestingState_eeg.set,R5,sub-NDARDB224XUD,11.6342,4.0,2.0,350.824,test,8.62572193145752
/workspace/hbn_subset/R5/download/sub-NDARDB224XUD/eeg/sub-NDARDB224XUD_task-RestingState_eeg.set,R5,sub-NDARDB224XUD,11.6342,6.0,2.0,350.824,test,8.78960132598877
/workspace/hbn_subset/R5/download/sub-NDARDB224XUD/eeg/sub-NDARDB224XUD_task-RestingState_eeg.set,R5,sub-NDARDB224XUD,11.6342,8.0,2.0,350.824,test,8.67065143585205
/workspace/hbn_subset/R5/download/sub-NDARDB224XUD/eeg/sub-NDARDB224XUD_task-RestingState_eeg.set,R5,sub-NDARDB224XUD,11.6342,10.0,2.0,350.824,test,8.485754013061523
/workspace/hbn_subset/R5/download/sub-NDARDB224XUD/eeg/sub-NDARDB224XUD_task-RestingState_eeg.set,R5,sub-NDARDB224XUD,11.6342,12.0,2.0,350.824,test,9.648072242736816
/workspace/hbn_subset/R5/download/sub-NDARDB224XUD/eeg/sub-NDARDB224XUD_task-RestingState_eeg.set,R5,sub-NDARDB224XUD,11.6342,14.0,2.0,350.824,test,8.633941650390625
/workspace/hbn_subset/R5/download/sub-NDARDB224XUD/eeg/sub-NDARDB224XUD_task-RestingState_eeg.set,R5,sub-NDARDB224XUD,11.6342,16.0,2.0,350.824,test,8.797497749328613
/workspace/hbn_subset/R5/download/sub-NDARDB224XUD/eeg/sub-NDARDB224XUD_task-RestingState_eeg.set,R5,sub-NDARDB224XUD,11.6342,18.0,2.0,350.824,test,8.36699104309082
/workspace/hbn_subset/R5/download/sub-NDARDB224XUD/eeg/sub-NDARDB224XUD_task-RestingState_eeg.set,R5,sub-NDARDB224XUD,11.6342,20.0,2.0,350.824,test,8.156882286071777
/workspace/hbn_subset/R5/download/sub-NDARDB224XUD/eeg/sub-NDARDB224XUD_task-RestingState_eeg.set,R5,sub-NDARDB224XUD,11.6342,22.0,2.0,350.824,test,8.786524772644043
/workspace/hbn_subset/R5/download/sub-NDARDB224XUD/eeg/sub-NDARDB224XUD_task-RestingState_eeg.set,R5,sub-NDARDB224XUD,11.6342,24.0,2.0,350.824,test,8.834126472473145
/workspace/hbn_subset/R5/download/sub-NDARDB224XUD/eeg/sub-NDARDB224XUD_task-RestingState_eeg.set,R5,sub-NDARDB224XUD,11.6342,26.0,2.0,350.824,test,8.85844898223877
/workspace/hbn_subset/R5/download/sub-NDARDB224XUD/eeg/sub-NDARDB224XUD_task-RestingState_eeg.set,R5,sub-NDARDB224XUD,11.6342,28.0,2.0,350.824,test,8.658217430114746
/workspace/hbn_subset/R5/download/sub-NDARDB224XUD/eeg/sub-NDARDB224XUD_task-RestingState_eeg.set,R5,sub-NDARDB224XUD,11.6342,30.0,2.0,350.824,test,8.914112091064453
/workspace/hbn_subset/R5/download/sub-NDARDB224XUD/eeg/sub-NDARDB224XUD_task-RestingState_eeg.set,R5,sub-NDARDB224XUD,11.6342,32.0,2.0,350.824,test,8.254244804382324
/workspace/hbn_subset/R5/download/sub-NDARDB224XUD/eeg/sub-NDARDB224XUD_task-RestingState_eeg.set,R5,sub-NDARDB224XUD,11.6342,34.0,2.0,350.824,test,8.840849876403809
/workspace/hbn_subset/R5/download/sub-NDARDB224XUD/eeg/sub-NDARDB224XUD_task-RestingState_eeg.set,R5,sub-NDARDB224XUD,11.6342,36.0,2.0,350.824,test,9.632841110229492
/workspace/hbn_subset/R5/download/sub-NDARDB224XUD/eeg/sub-NDARDB224XUD_task-RestingState_eeg.set,R5,sub-NDARDB224XUD,11.6342,38.0,2.0,350.824,test,8.826556205749512
/workspace/hbn_subset/R5/download/sub-NDARDB224XUD/eeg/sub-NDARDB224XUD_task-RestingState_eeg.set,R5,sub-NDARDB224XUD,11.6342,40.0,2.0,350.824,test,9.50390338897705
/workspace/hbn_subset/R5/download/sub-NDARDB224XUD/eeg/sub-NDARDB224XUD_task-RestingState_eeg.set,R5,sub-NDARDB224XUD,11.6342,42.0,2.0,350.824,test,9.02458667755127
/workspace/hbn_subset/R5/download/sub-NDARDB224XUD/eeg/sub-NDARDB224XUD_task-RestingState_eeg.set,R5,sub-NDARDB224XUD,11.6342,44.0,2.0,350.824,test,8.312332153320312
/workspace/hbn_subset/R5/download/sub-NDARDB224XUD/eeg/sub-NDARDB224XUD_task-RestingState_eeg.set,R5,sub-NDARDB224XUD,11.6342,46.0,2.0,350.824,test,9.037705421447754
/workspace/hbn_subset/R5/download/sub-NDARDB224XUD/eeg/sub-NDARDB224XUD_task-RestingState_eeg.set,R5,sub-NDARDB224XUD,11.6342,48.0,2.0,350.824,test,9.921624183654785
/workspace/hbn_subset/R5/download/sub-NDARDB224XUD/eeg/sub-NDARDB224XUD_task-RestingState_eeg.set,R5,sub-NDARDB224XUD,11.6342,50.0,2.0,350.824,test,10.285029411315918
/workspace/hbn_subset/R5/download/sub-NDARDB224XUD/eeg/sub-NDARDB224XUD_task-RestingState_eeg.set,R5,sub-NDARDB224XUD,11.6342,52.0,2.0,350.824,test,9.38325023651123
/workspace/hbn_subset/R5/download/sub-NDARDB224XUD/eeg/sub-NDARDB224XUD_task-RestingState_eeg.set,R5,sub-NDARDB224XUD,11.6342,54.0,2.0,350.824,test,9.106654167175293
/workspace/hbn_subset/R5/download/sub-NDARDB224XUD/eeg/sub-NDARDB224XUD_task-RestingState_eeg.set,R5,sub-NDARDB224XUD,11.6342,56.0,2.0,350.824,test,9.853777885437012
/workspace/hbn_subset/R5/download/sub-NDARDB224XUD/eeg/sub-NDARDB224XUD_task-RestingState_eeg.set,R5,sub-NDARDB224XUD,11.6342,58.0,2.0,350.824,test,9.592658996582031
/workspace/hbn_subset/R5/download/sub-NDARDB224XUD/eeg/sub-NDARDB224XUD_task-RestingState_eeg.set,R5,sub-NDARDB224XUD,11.6342,60.0,2.0,350.824,test,9.665894508361816
/workspace/hbn_subset/R5/download/sub-NDARDB224XUD/eeg/sub-NDARDB224XUD_task-RestingState_eeg.set,R5,sub-NDARDB224XUD,11.6342,62.0,2.0,350.824,test,9.078032493591309
/workspace/hbn_subset/R5/download/sub-NDARDB224XUD/eeg/sub-NDARDB224XUD_task-RestingState_eeg.set,R5,sub-NDARDB224XUD,11.6342,64.0,2.0,350.824,test,9.314729690551758
/workspace/hbn_subset/R5/download/sub-NDARDB224XUD/eeg/sub-NDARDB224XUD_task-RestingState_eeg.set,R5,sub-NDARDB224XUD,11.6342,66.0,2.0,350.824,test,9.121827125549316
/workspace/hbn_subset/R5/download/sub-NDARDB224XUD/eeg/sub-NDARDB224XUD_task-RestingState_eeg.set,R5,sub-NDARDB224XUD,11.6342,68.0,2.0,350.824,test,9.96591567993164
/workspace/hbn_subset/R5/download/sub-NDARDB224XUD/eeg/sub-NDARDB224XUD_task-RestingState_eeg.set,R5,sub-NDARDB224XUD,11.6342,70.0,2.0,350.824,test,8.892258644104004
/workspace/hbn_subset/R5/download/sub-NDARDB224XUD/eeg/sub-NDARDB224XUD_task-RestingState_eeg.set,R5,sub-NDARDB224XUD,11.6342,72.0,2.0,350.824,test,8.821747779846191
/workspace/hbn_subset/R5/download/sub-NDARDB224XUD/eeg/sub-NDARDB224XUD_task-RestingState_eeg.set,R5,sub-NDARDB224XUD,11.6342,74.0,2.0,350.824,test,9.866668701171875
/workspace/hbn_subset/R5/download/sub-NDARDB224XUD/eeg/sub-NDARDB224XUD_task-RestingState_eeg.set,R5,sub-NDARDB224XUD,11.6342,76.0,2.0,350.824,test,9.399467468261719
/workspace/hbn_subset/R5/download/sub-NDARDB224XUD/eeg/sub-NDARDB224XUD_task-RestingState_eeg.set,R5,sub-NDARDB224XUD,11.6342,78.0,2.0,350.824,test,9.505839347839355
/workspace/hbn_subset/R5/download/sub-NDARDB224XUD/eeg/sub-NDARDB224XUD_task-RestingState_eeg.set,R5,sub-NDARDB224XUD,11.6342,80.0,2.0,350.824,test,9.203359603881836
/workspace/hbn_subset/R5/download/sub-NDARDB224XUD/eeg/sub-NDARDB224XUD_task-RestingState_eeg.set,R5,sub-NDARDB224XUD,11.6342,82.0,2.0,350.824,test,9.139142990112305
/workspace/hbn_subset/R5/download/sub-NDARDB224XUD/eeg/sub-NDARDB224XUD_task-RestingState_eeg.set,R5,sub-NDARDB224XUD,11.6342,84.0,2.0,350.824,test,9.980164527893066
/workspace/hbn_subset/R5/download/sub-NDARDB224XUD/eeg/sub-NDARDB224XUD_task-RestingState_eeg.set,R5,sub-NDARDB224XUD,11.6342,86.0,2.0,350.824,test,9.78178882598877
/workspace/hbn_subset/R5/download/sub-NDARDB224XUD/eeg/sub-NDARDB224XUD_task-RestingState_eeg.set,R5,sub-NDARDB224XUD,11.6342,88.0,2.0,350.824,test,10.029362678527832
/workspace/hbn_subset/R5/download/sub-NDARDB224XUD/eeg/sub-NDARDB224XUD_task-RestingState_eeg.set,R5,sub-NDARDB224XUD,11.6342,90.0,2.0,350.824,test,10.36669921875
/workspace/hbn_subset/R5/download/sub-NDARDB224XUD/eeg/sub-NDARDB224XUD_task-RestingState_eeg.set,R5,sub-NDARDB224XUD,11.6342,92.0,2.0,350.824,test,10.07911205291748
/workspace/hbn_subset/R5/download/sub-NDARDB224XUD/eeg/sub-NDARDB224XUD_task-RestingState_eeg.set,R5,sub-NDARDB224XUD,11.6342,94.0,2.0,350.824,test,8.800899505615234
/workspace/hbn_subset/R5/download/sub-NDARDB224XUD/eeg/sub-NDARDB224XUD_task-RestingState_eeg.set,R5,sub-NDARDB224XUD,11.6342,96.0,2.0,350.824,test,9.46199893951416
/workspace/hbn_subset/R5/download/sub-NDARDB224XUD/eeg/sub-NDARDB224XUD_task-RestingState_eeg.set,R5,sub-NDARDB224XUD,11.6342,98.0,2.0,350.824,test,9.582249641418457
/workspace/hbn_subset/R5/download/sub-NDARDB224XUD/eeg/sub-NDARDB224XUD_task-RestingState_eeg.set,R5,sub-NDARDB224XUD,11.6342,100.0,2.0,350.824,test,9.926401138305664
/workspace/hbn_subset/R5/download/sub-NDARDB224XUD/eeg/sub-NDARDB224XUD_task-RestingState_eeg.set,R5,sub-NDARDB224XUD,11.6342,102.0,2.0,350.824,test,10.023609161376953
/workspace/hbn_subset/R5/download/sub-NDARDB224XUD/eeg/sub-NDARDB224XUD_task-RestingState_eeg.set,R5,sub-NDARDB224XUD,11.6342,104.0,2.0,350.824,test,9.977011680603027
/workspace/hbn_subset/R5/download/sub-NDARDB224XUD/eeg/sub-NDARDB224XUD_task-RestingState_eeg.set,R5,sub-NDARDB224XUD,11.6342,106.0,2.0,350.824,test,9.321629524230957
/workspace/hbn_subset/R5/download/sub-NDARDB224XUD/eeg/sub-NDARDB224XUD_task-RestingState_eeg.set,R5,sub-NDARDB224XUD,11.6342,108.0,2.0,350.824,test,8.971301078796387
/workspace/hbn_subset/R5/download/sub-NDARDB224XUD/eeg/sub-NDARDB224XUD_task-RestingState_eeg.set,R5,sub-NDARDB224XUD,11.6342,110.0,2.0,350.824,test,9.551239967346191
/workspace/hbn_subset/R5/download/sub-NDARDB224XUD/eeg/sub-NDARDB224XUD_task-RestingState_eeg.set,R5,sub-NDARDB224XUD,11.6342,112.0,2.0,350.824,test,8.589133262634277
/workspace/hbn_subset/R5/download/sub-NDARDB224XUD/eeg/sub-NDARDB224XUD_task-RestingState_eeg.set,R5,sub-NDARDB224XUD,11.6342,114.0,2.0,350.824,test,9.652177810668945
/workspace/hbn_subset/R5/download/sub-NDARDB224XUD/eeg/sub-NDARDB224XUD_task-RestingState_eeg.set,R5,sub-NDARDB224XUD,11.6342,116.0,2.0,350.824,test,7.99870491027832
/workspace/hbn_subset/R5/download/sub-NDARDB224XUD/eeg/sub-NDARDB224XUD_task-RestingState_eeg.set,R5,sub-NDARDB224XUD,11.6342,118.0,2.0,350.824,test,9.5045747756958
/workspace/hbn_subset/R5/download/sub-NDARDC843HHM/eeg/sub-NDARDC843HHM_task-RestingState_eeg.set,R5,sub-NDARDC843HHM,9.7593,0.0,2.0,362.764,test,9.990432739257812
/workspace/hbn_subset/R5/download/sub-NDARDC843HHM/eeg/sub-NDARDC843HHM_task-RestingState_eeg.set,R5,sub-NDARDC843HHM,9.7593,2.0,2.0,362.764,test,9.991992950439453
/workspace/hbn_subset/R5/download/sub-NDARDC843HHM/eeg/sub-NDARDC843HHM_task-RestingState_eeg.set,R5,sub-NDARDC843HHM,9.7593,4.0,2.0,362.764,test,10.57119083404541
/workspace/hbn_subset/R5/download/sub-NDARDC843HHM/eeg/sub-NDARDC843HHM_task-RestingState_eeg.set,R5,sub-NDARDC843HHM,9.7593,6.0,2.0,362.764,test,10.733193397521973
/workspace/hbn_subset/R5/download/sub-NDARDC843HHM/eeg/sub-NDARDC843HHM_task-RestingState_eeg.set,R5,sub-NDARDC843HHM,9.7593,8.0,2.0,362.764,test,11.027582168579102
/workspace/hbn_subset/R5/download/sub-NDARDC843HHM/eeg/sub-NDARDC843HHM_task-RestingState_eeg.set,R5,sub-NDARDC843HHM,9.7593,10.0,2.0,362.764,test,10.746856689453125
/workspace/hbn_subset/R5/download/sub-NDARDC843HHM/eeg/sub-NDARDC843HHM_task-RestingState_eeg.set,R5,sub-NDARDC843HHM,9.7593,12.0,2.0,362.764,test,10.896023750305176
/workspace/hbn_subset/R5/download/sub-NDARDC843HHM/eeg/sub-NDARDC843HHM_task-RestingState_eeg.set,R5,sub-NDARDC843HHM,9.7593,14.0,2.0,362.764,test,11.200383186340332
/workspace/hbn_subset/R5/download/sub-NDARDC843HHM/eeg/sub-NDARDC843HHM_task-RestingState_eeg.set,R5,sub-NDARDC843HHM,9.7593,16.0,2.0,362.764,test,11.121406555175781
/workspace/hbn_subset/R5/download/sub-NDARDC843HHM/eeg/sub-NDARDC843HHM_task-RestingState_eeg.set,R5,sub-NDARDC843HHM,9.7593,18.0,2.0,362.764,test,11.132797241210938
/workspace/hbn_subset/R5/download/sub-NDARDC843HHM/eeg/sub-NDARDC843HHM_task-RestingState_eeg.set,R5,sub-NDARDC843HHM,9.7593,20.0,2.0,362.764,test,10.249335289001465
/workspace/hbn_subset/R5/download/sub-NDARDC843HHM/eeg/sub-NDARDC843HHM_task-RestingState_eeg.set,R5,sub-NDARDC843HHM,9.7593,22.0,2.0,362.764,test,10.258756637573242
/workspace/hbn_subset/R5/download/sub-NDARDC843HHM/eeg/sub-NDARDC843HHM_task-RestingState_eeg.set,R5,sub-NDARDC843HHM,9.7593,24.0,2.0,362.764,test,10.985578536987305
/workspace/hbn_subset/R5/download/sub-NDARDC843HHM/eeg/sub-NDARDC843HHM_task-RestingState_eeg.set,R5,sub-NDARDC843HHM,9.7593,26.0,2.0,362.764,test,9.873849868774414
/workspace/hbn_subset/R5/download/sub-NDARDC843HHM/eeg/sub-NDARDC843HHM_task-RestingState_eeg.set,R5,sub-NDARDC843HHM,9.7593,28.0,2.0,362.764,test,9.356225967407227
/workspace/hbn_subset/R5/download/sub-NDARDC843HHM/eeg/sub-NDARDC843HHM_task-RestingState_eeg.set,R5,sub-NDARDC843HHM,9.7593,30.0,2.0,362.764,test,8.972640991210938
/workspace/hbn_subset/R5/download/sub-NDARDC843HHM/eeg/sub-NDARDC843HHM_task-RestingState_eeg.set,R5,sub-NDARDC843HHM,9.7593,32.0,2.0,362.764,test,8.622557640075684
/workspace/hbn_subset/R5/download/sub-NDARDC843HHM/eeg/sub-NDARDC843HHM_task-RestingState_eeg.set,R5,sub-NDARDC843HHM,9.7593,34.0,2.0,362.764,test,9.470834732055664
/workspace/hbn_subset/R5/download/sub-NDARDC843HHM/eeg/sub-NDARDC843HHM_task-RestingState_eeg.set,R5,sub-NDARDC843HHM,9.7593,36.0,2.0,362.764,test,10.05256175994873
/workspace/hbn_subset/R5/download/sub-NDARDC843HHM/eeg/sub-NDARDC843HHM_task-RestingState_eeg.set,R5,sub-NDARDC843HHM,9.7593,38.0,2.0,362.764,test,9.81539535522461
/workspace/hbn_subset/R5/download/sub-NDARDC843HHM/eeg/sub-NDARDC843HHM_task-RestingState_eeg.set,R5,sub-NDARDC843HHM,9.7593,40.0,2.0,362.764,test,10.35203742980957
/workspace/hbn_subset/R5/download/sub-NDARDC843HHM/eeg/sub-NDARDC843HHM_task-RestingState_eeg.set,R5,sub-NDARDC843HHM,9.7593,42.0,2.0,362.764,test,9.976529121398926
/workspace/hbn_subset/R5/download/sub-NDARDC843HHM/eeg/sub-NDARDC843HHM_task-RestingState_eeg.set,R5,sub-NDARDC843HHM,9.7593,44.0,2.0,362.764,test,10.674896240234375
/workspace/hbn_subset/R5/download/sub-NDARDC843HHM/eeg/sub-NDARDC843HHM_task-RestingState_eeg.set,R5,sub-NDARDC843HHM,9.7593,46.0,2.0,362.764,test,11.141281127929688
/workspace/hbn_subset/R5/download/sub-NDARDC843HHM/eeg/sub-NDARDC843HHM_task-RestingState_eeg.set,R5,sub-NDARDC843HHM,9.7593,48.0,2.0,362.764,test,8.727141380310059
/workspace/hbn_subset/R5/download/sub-NDARDC843HHM/eeg/sub-NDARDC843HHM_task-RestingState_eeg.set,R5,sub-NDARDC843HHM,9.7593,50.0,2.0,362.764,test,10.892167091369629
/workspace/hbn_subset/R5/download/sub-NDARDC843HHM/eeg/sub-NDARDC843HHM_task-RestingState_eeg.set,R5,sub-NDARDC843HHM,9.7593,52.0,2.0,362.764,test,11.395487785339355
/workspace/hbn_subset/R5/download/sub-NDARDC843HHM/eeg/sub-NDARDC843HHM_task-RestingState_eeg.set,R5,sub-NDARDC843HHM,9.7593,54.0,2.0,362.764,test,10.475574493408203
/workspace/hbn_subset/R5/download/sub-NDARDC843HHM/eeg/sub-NDARDC843HHM_task-RestingState_eeg.set,R5,sub-NDARDC843HHM,9.7593,56.0,2.0,362.764,test,10.56934642791748
/workspace/hbn_subset/R5/download/sub-NDARDC843HHM/eeg/sub-NDARDC843HHM_task-RestingState_eeg.set,R5,sub-NDARDC843HHM,9.7593,58.0,2.0,362.764,test,9.449995040893555
/workspace/hbn_subset/R5/download/sub-NDARDC843HHM/eeg/sub-NDARDC843HHM_task-RestingState_eeg.set,R5,sub-NDARDC843HHM,9.7593,60.0,2.0,362.764,test,10.117371559143066
/workspace/hbn_subset/R5/download/sub-NDARDC843HHM/eeg/sub-NDARDC843HHM_task-RestingState_eeg.set,R5,sub-NDARDC843HHM,9.7593,62.0,2.0,362.764,test,10.998601913452148
/workspace/hbn_subset/R5/download/sub-NDARDC843HHM/eeg/sub-NDARDC843HHM_task-RestingState_eeg.set,R5,sub-NDARDC843HHM,9.7593,64.0,2.0,362.764,test,10.757237434387207
/workspace/hbn_subset/R5/download/sub-NDARDC843HHM/eeg/sub-NDARDC843HHM_task-RestingState_eeg.set,R5,sub-NDARDC843HHM,9.7593,66.0,2.0,362.764,test,10.85765552520752
/workspace/hbn_subset/R5/download/sub-NDARDC843HHM/eeg/sub-NDARDC843HHM_task-RestingState_eeg.set,R5,sub-NDARDC843HHM,9.7593,68.0,2.0,362.764,test,9.885323524475098
/workspace/hbn_subset/R5/download/sub-NDARDC843HHM/eeg/sub-NDARDC843HHM_task-RestingState_eeg.set,R5,sub-NDARDC843HHM,9.7593,70.0,2.0,362.764,test,10.725691795349121
/workspace/hbn_subset/R5/download/sub-NDARDC843HHM/eeg/sub-NDARDC843HHM_task-RestingState_eeg.set,R5,sub-NDARDC843HHM,9.7593,72.0,2.0,362.764,test,10.900542259216309
/workspace/hbn_subset/R5/download/sub-NDARDC843HHM/eeg/sub-NDARDC843HHM_task-RestingState_eeg.set,R5,sub-NDARDC843HHM,9.7593,74.0,2.0,362.764,test,9.583406448364258
/workspace/hbn_subset/R5/download/sub-NDARDC843HHM/eeg/sub-NDARDC843HHM_task-RestingState_eeg.set,R5,sub-NDARDC843HHM,9.7593,76.0,2.0,362.764,test,10.586204528808594
/workspace/hbn_subset/R5/download/sub-NDARDC843HHM/eeg/sub-NDARDC843HHM_task-RestingState_eeg.set,R5,sub-NDARDC843HHM,9.7593,78.0,2.0,362.764,test,10.47193717956543
/workspace/hbn_subset/R5/download/sub-NDARDC843HHM/eeg/sub-NDARDC843HHM_task-RestingState_eeg.set,R5,sub-NDARDC843HHM,9.7593,80.0,2.0,362.764,test,10.966829299926758
/workspace/hbn_subset/R5/download/sub-NDARDC843HHM/eeg/sub-NDARDC843HHM_task-RestingState_eeg.set,R5,sub-NDARDC843HHM,9.7593,82.0,2.0,362.764,test,10.2214937210083
/workspace/hbn_subset/R5/download/sub-NDARDC843HHM/eeg/sub-NDARDC843HHM_task-RestingState_eeg.set,R5,sub-NDARDC843HHM,9.7593,84.0,2.0,362.764,test,11.342799186706543
/workspace/hbn_subset/R5/download/sub-NDARDC843HHM/eeg/sub-NDARDC843HHM_task-RestingState_eeg.set,R5,sub-NDARDC843HHM,9.7593,86.0,2.0,362.764,test,10.81800365447998
/workspace/hbn_subset/R5/download/sub-NDARDC843HHM/eeg/sub-NDARDC843HHM_task-RestingState_eeg.set,R5,sub-NDARDC843HHM,9.7593,88.0,2.0,362.764,test,10.343551635742188
/workspace/hbn_subset/R5/download/sub-NDARDC843HHM/eeg/sub-NDARDC843HHM_task-RestingState_eeg.set,R5,sub-NDARDC843HHM,9.7593,90.0,2.0,362.764,test,10.00938606262207
/workspace/hbn_subset/R5/download/sub-NDARDC843HHM/eeg/sub-NDARDC843HHM_task-RestingState_eeg.set,R5,sub-NDARDC843HHM,9.7593,92.0,2.0,362.764,test,9.233803749084473
/workspace/hbn_subset/R5/download/sub-NDARDC843HHM/eeg/sub-NDARDC843HHM_task-RestingState_eeg.set,R5,sub-NDARDC843HHM,9.7593,94.0,2.0,362.764,test,10.686307907104492
/workspace/hbn_subset/R5/download/sub-NDARDC843HHM/eeg/sub-NDARDC843HHM_task-RestingState_eeg.set,R5,sub-NDARDC843HHM,9.7593,96.0,2.0,362.764,test,10.42337703704834
/workspace/hbn_subset/R5/download/sub-NDARDC843HHM/eeg/sub-NDARDC843HHM_task-RestingState_eeg.set,R5,sub-NDARDC843HHM,9.7593,98.0,2.0,362.764,test,10.24350357055664
/workspace/hbn_subset/R5/download/sub-NDARDC843HHM/eeg/sub-NDARDC843HHM_task-RestingState_eeg.set,R5,sub-NDARDC843HHM,9.7593,100.0,2.0,362.764,test,10.115188598632812
/workspace/hbn_subset/R5/download/sub-NDARDC843HHM/eeg/sub-NDARDC843HHM_task-RestingState_eeg.set,R5,sub-NDARDC843HHM,9.7593,102.0,2.0,362.764,test,10.247798919677734
/workspace/hbn_subset/R5/download/sub-NDARDC843HHM/eeg/sub-NDARDC843HHM_task-RestingState_eeg.set,R5,sub-NDARDC843HHM,9.7593,104.0,2.0,362.764,test,10.05418872833252
/workspace/hbn_subset/R5/download/sub-NDARDC843HHM/eeg/sub-NDARDC843HHM_task-RestingState_eeg.set,R5,sub-NDARDC843HHM,9.7593,106.0,2.0,362.764,test,9.74614429473877
/workspace/hbn_subset/R5/download/sub-NDARDC843HHM/eeg/sub-NDARDC843HHM_task-RestingState_eeg.set,R5,sub-NDARDC843HHM,9.7593,108.0,2.0,362.764,test,11.915335655212402
/workspace/hbn_subset/R5/download/sub-NDARDC843HHM/eeg/sub-NDARDC843HHM_task-RestingState_eeg.set,R5,sub-NDARDC843HHM,9.7593,110.0,2.0,362.764,test,10.219461441040039
/workspace/hbn_subset/R5/download/sub-NDARDC843HHM/eeg/sub-NDARDC843HHM_task-RestingState_eeg.set,R5,sub-NDARDC843HHM,9.7593,112.0,2.0,362.764,test,10.286179542541504
/workspace/hbn_subset/R5/download/sub-NDARDC843HHM/eeg/sub-NDARDC843HHM_task-RestingState_eeg.set,R5,sub-NDARDC843HHM,9.7593,114.0,2.0,362.764,test,9.48662281036377
/workspace/hbn_subset/R5/download/sub-NDARDC843HHM/eeg/sub-NDARDC843HHM_task-RestingState_eeg.set,R5,sub-NDARDC843HHM,9.7593,116.0,2.0,362.764,test,10.440143585205078
/workspace/hbn_subset/R5/download/sub-NDARDC843HHM/eeg/sub-NDARDC843HHM_task-RestingState_eeg.set,R5,sub-NDARDC843HHM,9.7593,118.0,2.0,362.764,test,10.011372566223145
/workspace/hbn_subset/R5/download/sub-NDARDD854GF8/eeg/sub-NDARDD854GF8_task-RestingState_eeg.set,R5,sub-NDARDD854GF8,7.9743,0.0,2.0,871.066,test,11.117659568786621
/workspace/hbn_subset/R5/download/sub-NDARDD854GF8/eeg/sub-NDARDD854GF8_task-RestingState_eeg.set,R5,sub-NDARDD854GF8,7.9743,2.0,2.0,871.066,test,9.61780071258545
/workspace/hbn_subset/R5/download/sub-NDARDD854GF8/eeg/sub-NDARDD854GF8_task-RestingState_eeg.set,R5,sub-NDARDD854GF8,7.9743,4.0,2.0,871.066,test,11.038881301879883
/workspace/hbn_subset/R5/download/sub-NDARDD854GF8/eeg/sub-NDARDD854GF8_task-RestingState_eeg.set,R5,sub-NDARDD854GF8,7.9743,6.0,2.0,871.066,test,11.755064010620117
/workspace/hbn_subset/R5/download/sub-NDARDD854GF8/eeg/sub-NDARDD854GF8_task-RestingState_eeg.set,R5,sub-NDARDD854GF8,7.9743,8.0,2.0,871.066,test,12.876221656799316
/workspace/hbn_subset/R5/download/sub-NDARDD854GF8/eeg/sub-NDARDD854GF8_task-RestingState_eeg.set,R5,sub-NDARDD854GF8,7.9743,10.0,2.0,871.066,test,10.449090003967285
/workspace/hbn_subset/R5/download/sub-NDARDD854GF8/eeg/sub-NDARDD854GF8_task-RestingState_eeg.set,R5,sub-NDARDD854GF8,7.9743,12.0,2.0,871.066,test,9.545348167419434
/workspace/hbn_subset/R5/download/sub-NDARDD854GF8/eeg/sub-NDARDD854GF8_task-RestingState_eeg.set,R5,sub-NDARDD854GF8,7.9743,14.0,2.0,871.066,test,10.654659271240234
/workspace/hbn_subset/R5/download/sub-NDARDD854GF8/eeg/sub-NDARDD854GF8_task-RestingState_eeg.set,R5,sub-NDARDD854GF8,7.9743,16.0,2.0,871.066,test,10.770561218261719
/workspace/hbn_subset/R5/download/sub-NDARDD854GF8/eeg/sub-NDARDD854GF8_task-RestingState_eeg.set,R5,sub-NDARDD854GF8,7.9743,18.0,2.0,871.066,test,10.746909141540527
/workspace/hbn_subset/R5/download/sub-NDARDD854GF8/eeg/sub-NDARDD854GF8_task-RestingState_eeg.set,R5,sub-NDARDD854GF8,7.9743,20.0,2.0,871.066,test,9.924494743347168
/workspace/hbn_subset/R5/download/sub-NDARDD854GF8/eeg/sub-NDARDD854GF8_task-RestingState_eeg.set,R5,sub-NDARDD854GF8,7.9743,22.0,2.0,871.066,test,10.3284330368042
/workspace/hbn_subset/R5/download/sub-NDARDD854GF8/eeg/sub-NDARDD854GF8_task-RestingState_eeg.set,R5,sub-NDARDD854GF8,7.9743,24.0,2.0,871.066,test,10.141924858093262
/workspace/hbn_subset/R5/download/sub-NDARDD854GF8/eeg/sub-NDARDD854GF8_task-RestingState_eeg.set,R5,sub-NDARDD854GF8,7.9743,26.0,2.0,871.066,test,10.84021282196045
/workspace/hbn_subset/R5/download/sub-NDARDD854GF8/eeg/sub-NDARDD854GF8_task-RestingState_eeg.set,R5,sub-NDARDD854GF8,7.9743,28.0,2.0,871.066,test,10.48971939086914
/workspace/hbn_subset/R5/download/sub-NDARDD854GF8/eeg/sub-NDARDD854GF8_task-RestingState_eeg.set,R5,sub-NDARDD854GF8,7.9743,30.0,2.0,871.066,test,9.734687805175781
/workspace/hbn_subset/R5/download/sub-NDARDD854GF8/eeg/sub-NDARDD854GF8_task-RestingState_eeg.set,R5,sub-NDARDD854GF8,7.9743,32.0,2.0,871.066,test,10.059063911437988
/workspace/hbn_subset/R5/download/sub-NDARDD854GF8/eeg/sub-NDARDD854GF8_task-RestingState_eeg.set,R5,sub-NDARDD854GF8,7.9743,34.0,2.0,871.066,test,10.606794357299805
/workspace/hbn_subset/R5/download/sub-NDARDD854GF8/eeg/sub-NDARDD854GF8_task-RestingState_eeg.set,R5,sub-NDARDD854GF8,7.9743,36.0,2.0,871.066,test,10.275513648986816
/workspace/hbn_subset/R5/download/sub-NDARDD854GF8/eeg/sub-NDARDD854GF8_task-RestingState_eeg.set,R5,sub-NDARDD854GF8,7.9743,38.0,2.0,871.066,test,11.372708320617676
/workspace/hbn_subset/R5/download/sub-NDARDD854GF8/eeg/sub-NDARDD854GF8_task-RestingState_eeg.set,R5,sub-NDARDD854GF8,7.9743,40.0,2.0,871.066,test,10.886697769165039
/workspace/hbn_subset/R5/download/sub-NDARDD854GF8/eeg/sub-NDARDD854GF8_task-RestingState_eeg.set,R5,sub-NDARDD854GF8,7.9743,42.0,2.0,871.066,test,10.7412691116333
/workspace/hbn_subset/R5/download/sub-NDARDD854GF8/eeg/sub-NDARDD854GF8_task-RestingState_eeg.set,R5,sub-NDARDD854GF8,7.9743,44.0,2.0,871.066,test,10.782968521118164
/workspace/hbn_subset/R5/download/sub-NDARDD854GF8/eeg/sub-NDARDD854GF8_task-RestingState_eeg.set,R5,sub-NDARDD854GF8,7.9743,46.0,2.0,871.066,test,10.34692096710205
/workspace/hbn_subset/R5/download/sub-NDARDD854GF8/eeg/sub-NDARDD854GF8_task-RestingState_eeg.set,R5,sub-NDARDD854GF8,7.9743,48.0,2.0,871.066,test,9.825106620788574
/workspace/hbn_subset/R5/download/sub-NDARDD854GF8/eeg/sub-NDARDD854GF8_task-RestingState_eeg.set,R5,sub-NDARDD854GF8,7.9743,50.0,2.0,871.066,test,10.012102127075195
/workspace/hbn_subset/R5/download/sub-NDARDD854GF8/eeg/sub-NDARDD854GF8_task-RestingState_eeg.set,R5,sub-NDARDD854GF8,7.9743,52.0,2.0,871.066,test,9.987508773803711
/workspace/hbn_subset/R5/download/sub-NDARDD854GF8/eeg/sub-NDARDD854GF8_task-RestingState_eeg.set,R5,sub-NDARDD854GF8,7.9743,54.0,2.0,871.066,test,10.395964622497559
/workspace/hbn_subset/R5/download/sub-NDARDD854GF8/eeg/sub-NDARDD854GF8_task-RestingState_eeg.set,R5,sub-NDARDD854GF8,7.9743,56.0,2.0,871.066,test,9.471616744995117
/workspace/hbn_subset/R5/download/sub-NDARDD854GF8/eeg/sub-NDARDD854GF8_task-RestingState_eeg.set,R5,sub-NDARDD854GF8,7.9743,58.0,2.0,871.066,test,11.089547157287598
/workspace/hbn_subset/R5/download/sub-NDARDD854GF8/eeg/sub-NDARDD854GF8_task-RestingState_eeg.set,R5,sub-NDARDD854GF8,7.9743,60.0,2.0,871.066,test,9.799561500549316
/workspace/hbn_subset/R5/download/sub-NDARDD854GF8/eeg/sub-NDARDD854GF8_task-RestingState_eeg.set,R5,sub-NDARDD854GF8,7.9743,62.0,2.0,871.066,test,10.123699188232422
/workspace/hbn_subset/R5/download/sub-NDARDD854GF8/eeg/sub-NDARDD854GF8_task-RestingState_eeg.set,R5,sub-NDARDD854GF8,7.9743,64.0,2.0,871.066,test,9.694968223571777
/workspace/hbn_subset/R5/download/sub-NDARDD854GF8/eeg/sub-NDARDD854GF8_task-RestingState_eeg.set,R5,sub-NDARDD854GF8,7.9743,66.0,2.0,871.066,test,9.576807022094727
/workspace/hbn_subset/R5/download/sub-NDARDD854GF8/eeg/sub-NDARDD854GF8_task-RestingState_eeg.set,R5,sub-NDARDD854GF8,7.9743,68.0,2.0,871.066,test,10.426836013793945
/workspace/hbn_subset/R5/download/sub-NDARDD854GF8/eeg/sub-NDARDD854GF8_task-RestingState_eeg.set,R5,sub-NDARDD854GF8,7.9743,70.0,2.0,871.066,test,9.842116355895996
/workspace/hbn_subset/R5/download/sub-NDARDD854GF8/eeg/sub-NDARDD854GF8_task-RestingState_eeg.set,R5,sub-NDARDD854GF8,7.9743,72.0,2.0,871.066,test,9.756307601928711
/workspace/hbn_subset/R5/download/sub-NDARDD854GF8/eeg/sub-NDARDD854GF8_task-RestingState_eeg.set,R5,sub-NDARDD854GF8,7.9743,74.0,2.0,871.066,test,9.966992378234863
/workspace/hbn_subset/R5/download/sub-NDARDD854GF8/eeg/sub-NDARDD854GF8_task-RestingState_eeg.set,R5,sub-NDARDD854GF8,7.9743,76.0,2.0,871.066,test,10.808067321777344
/workspace/hbn_subset/R5/download/sub-NDARDD854GF8/eeg/sub-NDARDD854GF8_task-RestingState_eeg.set,R5,sub-NDARDD854GF8,7.9743,78.0,2.0,871.066,test,11.055971145629883
/workspace/hbn_subset/R5/download/sub-NDARDD854GF8/eeg/sub-NDARDD854GF8_task-RestingState_eeg.set,R5,sub-NDARDD854GF8,7.9743,80.0,2.0,871.066,test,9.869996070861816
/workspace/hbn_subset/R5/download/sub-NDARDD854GF8/eeg/sub-NDARDD854GF8_task-RestingState_eeg.set,R5,sub-NDARDD854GF8,7.9743,82.0,2.0,871.066,test,9.081328392028809
/workspace/hbn_subset/R5/download/sub-NDARDD854GF8/eeg/sub-NDARDD854GF8_task-RestingState_eeg.set,R5,sub-NDARDD854GF8,7.9743,84.0,2.0,871.066,test,9.37424373626709
/workspace/hbn_subset/R5/download/sub-NDARDD854GF8/eeg/sub-NDARDD854GF8_task-RestingState_eeg.set,R5,sub-NDARDD854GF8,7.9743,86.0,2.0,871.066,test,9.937387466430664
/workspace/hbn_subset/R5/download/sub-NDARDD854GF8/eeg/sub-NDARDD854GF8_task-RestingState_eeg.set,R5,sub-NDARDD854GF8,7.9743,88.0,2.0,871.066,test,10.346709251403809
/workspace/hbn_subset/R5/download/sub-NDARDD854GF8/eeg/sub-NDARDD854GF8_task-RestingState_eeg.set,R5,sub-NDARDD854GF8,7.9743,90.0,2.0,871.066,test,9.24179744720459
/workspace/hbn_subset/R5/download/sub-NDARDD854GF8/eeg/sub-NDARDD854GF8_task-RestingState_eeg.set,R5,sub-NDARDD854GF8,7.9743,92.0,2.0,871.066,test,9.175655364990234
/workspace/hbn_subset/R5/download/sub-NDARDD854GF8/eeg/sub-NDARDD854GF8_task-RestingState_eeg.set,R5,sub-NDARDD854GF8,7.9743,94.0,2.0,871.066,test,8.224287033081055
/workspace/hbn_subset/R5/download/sub-NDARDD854GF8/eeg/sub-NDARDD854GF8_task-RestingState_eeg.set,R5,sub-NDARDD854GF8,7.9743,96.0,2.0,871.066,test,10.068062782287598
/workspace/hbn_subset/R5/download/sub-NDARDD854GF8/eeg/sub-NDARDD854GF8_task-RestingState_eeg.set,R5,sub-NDARDD854GF8,7.9743,98.0,2.0,871.066,test,9.206710815429688
/workspace/hbn_subset/R5/download/sub-NDARDD854GF8/eeg/sub-NDARDD854GF8_task-RestingState_eeg.set,R5,sub-NDARDD854GF8,7.9743,100.0,2.0,871.066,test,9.06762409210205
/workspace/hbn_subset/R5/download/sub-NDARDD854GF8/eeg/sub-NDARDD854GF8_task-RestingState_eeg.set,R5,sub-NDARDD854GF8,7.9743,102.0,2.0,871.066,test,11.609525680541992
/workspace/hbn_subset/R5/download/sub-NDARDD854GF8/eeg/sub-NDARDD854GF8_task-RestingState_eeg.set,R5,sub-NDARDD854GF8,7.9743,104.0,2.0,871.066,test,10.015069007873535
/workspace/hbn_subset/R5/download/sub-NDARDD854GF8/eeg/sub-NDARDD854GF8_task-RestingState_eeg.set,R5,sub-NDARDD854GF8,7.9743,106.0,2.0,871.066,test,9.261335372924805
/workspace/hbn_subset/R5/download/sub-NDARDD854GF8/eeg/sub-NDARDD854GF8_task-RestingState_eeg.set,R5,sub-NDARDD854GF8,7.9743,108.0,2.0,871.066,test,9.600533485412598
/workspace/hbn_subset/R5/download/sub-NDARDD854GF8/eeg/sub-NDARDD854GF8_task-RestingState_eeg.set,R5,sub-NDARDD854GF8,7.9743,110.0,2.0,871.066,test,9.229187965393066
/workspace/hbn_subset/R5/download/sub-NDARDD854GF8/eeg/sub-NDARDD854GF8_task-RestingState_eeg.set,R5,sub-NDARDD854GF8,7.9743,112.0,2.0,871.066,test,9.360343933105469
/workspace/hbn_subset/R5/download/sub-NDARDD854GF8/eeg/sub-NDARDD854GF8_task-RestingState_eeg.set,R5,sub-NDARDD854GF8,7.9743,114.0,2.0,871.066,test,9.204496383666992
/workspace/hbn_subset/R5/download/sub-NDARDD854GF8/eeg/sub-NDARDD854GF8_task-RestingState_eeg.set,R5,sub-NDARDD854GF8,7.9743,116.0,2.0,871.066,test,8.497446060180664
/workspace/hbn_subset/R5/download/sub-NDARDD854GF8/eeg/sub-NDARDD854GF8_task-RestingState_eeg.set,R5,sub-NDARDD854GF8,7.9743,118.0,2.0,871.066,test,10.291580200195312
/workspace/hbn_subset/R5/download/sub-NDARDE877RFH/eeg/sub-NDARDE877RFH_task-RestingState_eeg.set,R5,sub-NDARDE877RFH,12.6013,0.0,2.0,347.37,test,10.174359321594238
/workspace/hbn_subset/R5/download/sub-NDARDE877RFH/eeg/sub-NDARDE877RFH_task-RestingState_eeg.set,R5,sub-NDARDE877RFH,12.6013,2.0,2.0,347.37,test,10.53801155090332
/workspace/hbn_subset/R5/download/sub-NDARDE877RFH/eeg/sub-NDARDE877RFH_task-RestingState_eeg.set,R5,sub-NDARDE877RFH,12.6013,4.0,2.0,347.37,test,9.682199478149414
/workspace/hbn_subset/R5/download/sub-NDARDE877RFH/eeg/sub-NDARDE877RFH_task-RestingState_eeg.set,R5,sub-NDARDE877RFH,12.6013,6.0,2.0,347.37,test,10.377557754516602
/workspace/hbn_subset/R5/download/sub-NDARDE877RFH/eeg/sub-NDARDE877RFH_task-RestingState_eeg.set,R5,sub-NDARDE877RFH,12.6013,8.0,2.0,347.37,test,10.389830589294434
/workspace/hbn_subset/R5/download/sub-NDARDE877RFH/eeg/sub-NDARDE877RFH_task-RestingState_eeg.set,R5,sub-NDARDE877RFH,12.6013,10.0,2.0,347.37,test,9.787504196166992
/workspace/hbn_subset/R5/download/sub-NDARDE877RFH/eeg/sub-NDARDE877RFH_task-RestingState_eeg.set,R5,sub-NDARDE877RFH,12.6013,12.0,2.0,347.37,test,9.800321578979492
/workspace/hbn_subset/R5/download/sub-NDARDE877RFH/eeg/sub-NDARDE877RFH_task-RestingState_eeg.set,R5,sub-NDARDE877RFH,12.6013,14.0,2.0,347.37,test,11.28826904296875
/workspace/hbn_subset/R5/download/sub-NDARDE877RFH/eeg/sub-NDARDE877RFH_task-RestingState_eeg.set,R5,sub-NDARDE877RFH,12.6013,16.0,2.0,347.37,test,10.619443893432617
/workspace/hbn_subset/R5/download/sub-NDARDE877RFH/eeg/sub-NDARDE877RFH_task-RestingState_eeg.set,R5,sub-NDARDE877RFH,12.6013,18.0,2.0,347.37,test,10.142133712768555
/workspace/hbn_subset/R5/download/sub-NDARDE877RFH/eeg/sub-NDARDE877RFH_task-RestingState_eeg.set,R5,sub-NDARDE877RFH,12.6013,20.0,2.0,347.37,test,10.050202369689941
/workspace/hbn_subset/R5/download/sub-NDARDE877RFH/eeg/sub-NDARDE877RFH_task-RestingState_eeg.set,R5,sub-NDARDE877RFH,12.6013,22.0,2.0,347.37,test,10.968744277954102
/workspace/hbn_subset/R5/download/sub-NDARDE877RFH/eeg/sub-NDARDE877RFH_task-RestingState_eeg.set,R5,sub-NDARDE877RFH,12.6013,24.0,2.0,347.37,test,10.133757591247559
/workspace/hbn_subset/R5/download/sub-NDARDE877RFH/eeg/sub-NDARDE877RFH_task-RestingState_eeg.set,R5,sub-NDARDE877RFH,12.6013,26.0,2.0,347.37,test,10.549068450927734
/workspace/hbn_subset/R5/download/sub-NDARDE877RFH/eeg/sub-NDARDE877RFH_task-RestingState_eeg.set,R5,sub-NDARDE877RFH,12.6013,28.0,2.0,347.37,test,10.478245735168457
/workspace/hbn_subset/R5/download/sub-NDARDE877RFH/eeg/sub-NDARDE877RFH_task-RestingState_eeg.set,R5,sub-NDARDE877RFH,12.6013,30.0,2.0,347.37,test,10.37000846862793
/workspace/hbn_subset/R5/download/sub-NDARDE877RFH/eeg/sub-NDARDE877RFH_task-RestingState_eeg.set,R5,sub-NDARDE877RFH,12.6013,32.0,2.0,347.37,test,10.37784481048584
/workspace/hbn_subset/R5/download/sub-NDARDE877RFH/eeg/sub-NDARDE877RFH_task-RestingState_eeg.set,R5,sub-NDARDE877RFH,12.6013,34.0,2.0,347.37,test,9.609731674194336
/workspace/hbn_subset/R5/download/sub-NDARDE877RFH/eeg/sub-NDARDE877RFH_task-RestingState_eeg.set,R5,sub-NDARDE877RFH,12.6013,36.0,2.0,347.37,test,9.959933280944824
/workspace/hbn_subset/R5/download/sub-NDARDE877RFH/eeg/sub-NDARDE877RFH_task-RestingState_eeg.set,R5,sub-NDARDE877RFH,12.6013,38.0,2.0,347.37,test,10.115958213806152
/workspace/hbn_subset/R5/download/sub-NDARDE877RFH/eeg/sub-NDARDE877RFH_task-RestingState_eeg.set,R5,sub-NDARDE877RFH,12.6013,40.0,2.0,347.37,test,9.951725006103516
/workspace/hbn_subset/R5/download/sub-NDARDE877RFH/eeg/sub-NDARDE877RFH_task-RestingState_eeg.set,R5,sub-NDARDE877RFH,12.6013,42.0,2.0,347.37,test,11.317645072937012
/workspace/hbn_subset/R5/download/sub-NDARDE877RFH/eeg/sub-NDARDE877RFH_task-RestingState_eeg.set,R5,sub-NDARDE877RFH,12.6013,44.0,2.0,347.37,test,10.458971977233887
/workspace/hbn_subset/R5/download/sub-NDARDE877RFH/eeg/sub-NDARDE877RFH_task-RestingState_eeg.set,R5,sub-NDARDE877RFH,12.6013,46.0,2.0,347.37,test,11.833348274230957
/workspace/hbn_subset/R5/download/sub-NDARDE877RFH/eeg/sub-NDARDE877RFH_task-RestingState_eeg.set,R5,sub-NDARDE877RFH,12.6013,48.0,2.0,347.37,test,9.657588958740234
/workspace/hbn_subset/R5/download/sub-NDARDE877RFH/eeg/sub-NDARDE877RFH_task-RestingState_eeg.set,R5,sub-NDARDE877RFH,12.6013,50.0,2.0,347.37,test,10.249167442321777
/workspace/hbn_subset/R5/download/sub-NDARDE877RFH/eeg/sub-NDARDE877RFH_task-RestingState_eeg.set,R5,sub-NDARDE877RFH,12.6013,52.0,2.0,347.37,test,9.962179183959961
/workspace/hbn_subset/R5/download/sub-NDARDE877RFH/eeg/sub-NDARDE877RFH_task-RestingState_eeg.set,R5,sub-NDARDE877RFH,12.6013,54.0,2.0,347.37,test,9.258159637451172
/workspace/hbn_subset/R5/download/sub-NDARDE877RFH/eeg/sub-NDARDE877RFH_task-RestingState_eeg.set,R5,sub-NDARDE877RFH,12.6013,56.0,2.0,347.37,test,9.964659690856934
/workspace/hbn_subset/R5/download/sub-NDARDE877RFH/eeg/sub-NDARDE877RFH_task-RestingState_eeg.set,R5,sub-NDARDE877RFH,12.6013,58.0,2.0,347.37,test,10.493697166442871
/workspace/hbn_subset/R5/download/sub-NDARDE877RFH/eeg/sub-NDARDE877RFH_task-RestingState_eeg.set,R5,sub-NDARDE877RFH,12.6013,60.0,2.0,347.37,test,10.098968505859375
/workspace/hbn_subset/R5/download/sub-NDARDE877RFH/eeg/sub-NDARDE877RFH_task-RestingState_eeg.set,R5,sub-NDARDE877RFH,12.6013,62.0,2.0,347.37,test,10.646563529968262
/workspace/hbn_subset/R5/download/sub-NDARDE877RFH/eeg/sub-NDARDE877RFH_task-RestingState_eeg.set,R5,sub-NDARDE877RFH,12.6013,64.0,2.0,347.37,test,10.843912124633789
/workspace/hbn_subset/R5/download/sub-NDARDE877RFH/eeg/sub-NDARDE877RFH_task-RestingState_eeg.set,R5,sub-NDARDE877RFH,12.6013,66.0,2.0,347.37,test,10.560138702392578
/workspace/hbn_subset/R5/download/sub-NDARDE877RFH/eeg/sub-NDARDE877RFH_task-RestingState_eeg.set,R5,sub-NDARDE877RFH,12.6013,68.0,2.0,347.37,test,10.650044441223145
/workspace/hbn_subset/R5/download/sub-NDARDE877RFH/eeg/sub-NDARDE877RFH_task-RestingState_eeg.set,R5,sub-NDARDE877RFH,12.6013,70.0,2.0,347.37,test,11.657919883728027
/workspace/hbn_subset/R5/download/sub-NDARDE877RFH/eeg/sub-NDARDE877RFH_task-RestingState_eeg.set,R5,sub-NDARDE877RFH,12.6013,72.0,2.0,347.37,test,11.5360689163208
/workspace/hbn_subset/R5/download/sub-NDARDE877RFH/eeg/sub-NDARDE877RFH_task-RestingState_eeg.set,R5,sub-NDARDE877RFH,12.6013,74.0,2.0,347.37,test,11.448575973510742
/workspace/hbn_subset/R5/download/sub-NDARDE877RFH/eeg/sub-NDARDE877RFH_task-RestingState_eeg.set,R5,sub-NDARDE877RFH,12.6013,76.0,2.0,347.37,test,10.746092796325684
/workspace/hbn_subset/R5/download/sub-NDARDE877RFH/eeg/sub-NDARDE877RFH_task-RestingState_eeg.set,R5,sub-NDARDE877RFH,12.6013,78.0,2.0,347.37,test,10.932791709899902
/workspace/hbn_subset/R5/download/sub-NDARDE877RFH/eeg/sub-NDARDE877RFH_task-RestingState_eeg.set,R5,sub-NDARDE877RFH,12.6013,80.0,2.0,347.37,test,11.207236289978027
/workspace/hbn_subset/R5/download/sub-NDARDE877RFH/eeg/sub-NDARDE877RFH_task-RestingState_eeg.set,R5,sub-NDARDE877RFH,12.6013,82.0,2.0,347.37,test,11.263602256774902
/workspace/hbn_subset/R5/download/sub-NDARDE877RFH/eeg/sub-NDARDE877RFH_task-RestingState_eeg.set,R5,sub-NDARDE877RFH,12.6013,84.0,2.0,347.37,test,10.555551528930664
/workspace/hbn_subset/R5/download/sub-NDARDE877RFH/eeg/sub-NDARDE877RFH_task-RestingState_eeg.set,R5,sub-NDARDE877RFH,12.6013,86.0,2.0,347.37,test,11.515978813171387
/workspace/hbn_subset/R5/download/sub-NDARDE877RFH/eeg/sub-NDARDE877RFH_task-RestingState_eeg.set,R5,sub-NDARDE877RFH,12.6013,88.0,2.0,347.37,test,11.241934776306152
/workspace/hbn_subset/R5/download/sub-NDARDE877RFH/eeg/sub-NDARDE877RFH_task-RestingState_eeg.set,R5,sub-NDARDE877RFH,12.6013,90.0,2.0,347.37,test,11.117484092712402
/workspace/hbn_subset/R5/download/sub-NDARDE877RFH/eeg/sub-NDARDE877RFH_task-RestingState_eeg.set,R5,sub-NDARDE877RFH,12.6013,92.0,2.0,347.37,test,11.329955101013184
/workspace/hbn_subset/R5/download/sub-NDARDE877RFH/eeg/sub-NDARDE877RFH_task-RestingState_eeg.set,R5,sub-NDARDE877RFH,12.6013,94.0,2.0,347.37,test,16.301532745361328
/workspace/hbn_subset/R5/download/sub-NDARDE877RFH/eeg/sub-NDARDE877RFH_task-RestingState_eeg.set,R5,sub-NDARDE877RFH,12.6013,96.0,2.0,347.37,test,11.682191848754883
/workspace/hbn_subset/R5/download/sub-NDARDE877RFH/eeg/sub-NDARDE877RFH_task-RestingState_eeg.set,R5,sub-NDARDE877RFH,12.6013,98.0,2.0,347.37,test,11.204913139343262
/workspace/hbn_subset/R5/download/sub-NDARDE877RFH/eeg/sub-NDARDE877RFH_task-RestingState_eeg.set,R5,sub-NDARDE877RFH,12.6013,100.0,2.0,347.37,test,10.742716789245605
/workspace/hbn_subset/R5/download/sub-NDARDE877RFH/eeg/sub-NDARDE877RFH_task-RestingState_eeg.set,R5,sub-NDARDE877RFH,12.6013,102.0,2.0,347.37,test,10.14867115020752
/workspace/hbn_subset/R5/download/sub-NDARDE877RFH/eeg/sub-NDARDE877RFH_task-RestingState_eeg.set,R5,sub-NDARDE877RFH,12.6013,104.0,2.0,347.37,test,9.464749336242676
/workspace/hbn_subset/R5/download/sub-NDARDE877RFH/eeg/sub-NDARDE877RFH_task-RestingState_eeg.set,R5,sub-NDARDE877RFH,12.6013,106.0,2.0,347.37,test,10.169595718383789
/workspace/hbn_subset/R5/download/sub-NDARDE877RFH/eeg/sub-NDARDE877RFH_task-RestingState_eeg.set,R5,sub-NDARDE877RFH,12.6013,108.0,2.0,347.37,test,10.548847198486328
/workspace/hbn_subset/R5/download/sub-NDARDE877RFH/eeg/sub-NDARDE877RFH_task-RestingState_eeg.set,R5,sub-NDARDE877RFH,12.6013,110.0,2.0,347.37,test,10.132647514343262
/workspace/hbn_subset/R5/download/sub-NDARDE877RFH/eeg/sub-NDARDE877RFH_task-RestingState_eeg.set,R5,sub-NDARDE877RFH,12.6013,112.0,2.0,347.37,test,10.503250122070312
/workspace/hbn_subset/R5/download/sub-NDARDE877RFH/eeg/sub-NDARDE877RFH_task-RestingState_eeg.set,R5,sub-NDARDE877RFH,12.6013,114.0,2.0,347.37,test,10.321983337402344
/workspace/hbn_subset/R5/download/sub-NDARDE877RFH/eeg/sub-NDARDE877RFH_task-RestingState_eeg.set,R5,sub-NDARDE877RFH,12.6013,116.0,2.0,347.37,test,9.702568054199219
/workspace/hbn_subset/R5/download/sub-NDARDE877RFH/eeg/sub-NDARDE877RFH_task-RestingState_eeg.set,R5,sub-NDARDE877RFH,12.6013,118.0,2.0,347.37,test,11.565662384033203
/workspace/hbn_subset/R5/download/sub-NDARDF374LGN/eeg/sub-NDARDF374LGN_task-RestingState_eeg.set,R5,sub-NDARDF374LGN,7.8101,0.0,2.0,421.31,test,10.081487655639648
/workspace/hbn_subset/R5/download/sub-NDARDF374LGN/eeg/sub-NDARDF374LGN_task-RestingState_eeg.set,R5,sub-NDARDF374LGN,7.8101,2.0,2.0,421.31,test,10.009247779846191
/workspace/hbn_subset/R5/download/sub-NDARDF374LGN/eeg/sub-NDARDF374LGN_task-RestingState_eeg.set,R5,sub-NDARDF374LGN,7.8101,4.0,2.0,421.31,test,12.477205276489258
/workspace/hbn_subset/R5/download/sub-NDARDF374LGN/eeg/sub-NDARDF374LGN_task-RestingState_eeg.set,R5,sub-NDARDF374LGN,7.8101,6.0,2.0,421.31,test,8.48339557647705
/workspace/hbn_subset/R5/download/sub-NDARDF374LGN/eeg/sub-NDARDF374LGN_task-RestingState_eeg.set,R5,sub-NDARDF374LGN,7.8101,8.0,2.0,421.31,test,10.028477668762207
/workspace/hbn_subset/R5/download/sub-NDARDF374LGN/eeg/sub-NDARDF374LGN_task-RestingState_eeg.set,R5,sub-NDARDF374LGN,7.8101,10.0,2.0,421.31,test,8.526137351989746
/workspace/hbn_subset/R5/download/sub-NDARDF374LGN/eeg/sub-NDARDF374LGN_task-RestingState_eeg.set,R5,sub-NDARDF374LGN,7.8101,12.0,2.0,421.31,test,9.176267623901367
/workspace/hbn_subset/R5/download/sub-NDARDF374LGN/eeg/sub-NDARDF374LGN_task-RestingState_eeg.set,R5,sub-NDARDF374LGN,7.8101,14.0,2.0,421.31,test,9.462983131408691
/workspace/hbn_subset/R5/download/sub-NDARDF374LGN/eeg/sub-NDARDF374LGN_task-RestingState_eeg.set,R5,sub-NDARDF374LGN,7.8101,16.0,2.0,421.31,test,8.903768539428711
/workspace/hbn_subset/R5/download/sub-NDARDF374LGN/eeg/sub-NDARDF374LGN_task-RestingState_eeg.set,R5,sub-NDARDF374LGN,7.8101,18.0,2.0,421.31,test,11.538652420043945
/workspace/hbn_subset/R5/download/sub-NDARDF374LGN/eeg/sub-NDARDF374LGN_task-RestingState_eeg.set,R5,sub-NDARDF374LGN,7.8101,20.0,2.0,421.31,test,10.70549201965332
/workspace/hbn_subset/R5/download/sub-NDARDF374LGN/eeg/sub-NDARDF374LGN_task-RestingState_eeg.set,R5,sub-NDARDF374LGN,7.8101,22.0,2.0,421.31,test,9.052526473999023
/workspace/hbn_subset/R5/download/sub-NDARDF374LGN/eeg/sub-NDARDF374LGN_task-RestingState_eeg.set,R5,sub-NDARDF374LGN,7.8101,24.0,2.0,421.31,test,9.447286605834961
/workspace/hbn_subset/R5/download/sub-NDARDF374LGN/eeg/sub-NDARDF374LGN_task-RestingState_eeg.set,R5,sub-NDARDF374LGN,7.8101,26.0,2.0,421.31,test,9.001543045043945
/workspace/hbn_subset/R5/download/sub-NDARDF374LGN/eeg/sub-NDARDF374LGN_task-RestingState_eeg.set,R5,sub-NDARDF374LGN,7.8101,28.0,2.0,421.31,test,7.881048202514648
/workspace/hbn_subset/R5/download/sub-NDARDF374LGN/eeg/sub-NDARDF374LGN_task-RestingState_eeg.set,R5,sub-NDARDF374LGN,7.8101,30.0,2.0,421.31,test,9.526470184326172
/workspace/hbn_subset/R5/download/sub-NDARDF374LGN/eeg/sub-NDARDF374LGN_task-RestingState_eeg.set,R5,sub-NDARDF374LGN,7.8101,32.0,2.0,421.31,test,8.5991849899292
/workspace/hbn_subset/R5/download/sub-NDARDF374LGN/eeg/sub-NDARDF374LGN_task-RestingState_eeg.set,R5,sub-NDARDF374LGN,7.8101,34.0,2.0,421.31,test,7.951156139373779
/workspace/hbn_subset/R5/download/sub-NDARDF374LGN/eeg/sub-NDARDF374LGN_task-RestingState_eeg.set,R5,sub-NDARDF374LGN,7.8101,36.0,2.0,421.31,test,8.827219009399414
/workspace/hbn_subset/R5/download/sub-NDARDF374LGN/eeg/sub-NDARDF374LGN_task-RestingState_eeg.set,R5,sub-NDARDF374LGN,7.8101,38.0,2.0,421.31,test,8.38515567779541
/workspace/hbn_subset/R5/download/sub-NDARDF374LGN/eeg/sub-NDARDF374LGN_task-RestingState_eeg.set,R5,sub-NDARDF374LGN,7.8101,40.0,2.0,421.31,test,9.055766105651855
/workspace/hbn_subset/R5/download/sub-NDARDF374LGN/eeg/sub-NDARDF374LGN_task-RestingState_eeg.set,R5,sub-NDARDF374LGN,7.8101,42.0,2.0,421.31,test,9.17440414428711
/workspace/hbn_subset/R5/download/sub-NDARDF374LGN/eeg/sub-NDARDF374LGN_task-RestingState_eeg.set,R5,sub-NDARDF374LGN,7.8101,44.0,2.0,421.31,test,8.730908393859863
/workspace/hbn_subset/R5/download/sub-NDARDF374LGN/eeg/sub-NDARDF374LGN_task-RestingState_eeg.set,R5,sub-NDARDF374LGN,7.8101,46.0,2.0,421.31,test,7.961700916290283
/workspace/hbn_subset/R5/download/sub-NDARDF374LGN/eeg/sub-NDARDF374LGN_task-RestingState_eeg.set,R5,sub-NDARDF374LGN,7.8101,48.0,2.0,421.31,test,7.792225360870361
/workspace/hbn_subset/R5/download/sub-NDARDF374LGN/eeg/sub-NDARDF374LGN_task-RestingState_eeg.set,R5,sub-NDARDF374LGN,7.8101,50.0,2.0,421.31,test,8.848817825317383
/workspace/hbn_subset/R5/download/sub-NDARDF374LGN/eeg/sub-NDARDF374LGN_task-RestingState_eeg.set,R5,sub-NDARDF374LGN,7.8101,52.0,2.0,421.31,test,8.21700382232666
/workspace/hbn_subset/R5/download/sub-NDARDF374LGN/eeg/sub-NDARDF374LGN_task-RestingState_eeg.set,R5,sub-NDARDF374LGN,7.8101,54.0,2.0,421.31,test,7.986196517944336
/workspace/hbn_subset/R5/download/sub-NDARDF374LGN/eeg/sub-NDARDF374LGN_task-RestingState_eeg.set,R5,sub-NDARDF374LGN,7.8101,56.0,2.0,421.31,test,8.243736267089844
/workspace/hbn_subset/R5/download/sub-NDARDF374LGN/eeg/sub-NDARDF374LGN_task-RestingState_eeg.set,R5,sub-NDARDF374LGN,7.8101,58.0,2.0,421.31,test,9.380820274353027
/workspace/hbn_subset/R5/download/sub-NDARDF374LGN/eeg/sub-NDARDF374LGN_task-RestingState_eeg.set,R5,sub-NDARDF374LGN,7.8101,60.0,2.0,421.31,test,9.224220275878906
/workspace/hbn_subset/R5/download/sub-NDARDF374LGN/eeg/sub-NDARDF374LGN_task-RestingState_eeg.set,R5,sub-NDARDF374LGN,7.8101,62.0,2.0,421.31,test,7.148325443267822
/workspace/hbn_subset/R5/download/sub-NDARDF374LGN/eeg/sub-NDARDF374LGN_task-RestingState_eeg.set,R5,sub-NDARDF374LGN,7.8101,64.0,2.0,421.31,test,8.498420715332031
/workspace/hbn_subset/R5/download/sub-NDARDF374LGN/eeg/sub-NDARDF374LGN_task-RestingState_eeg.set,R5,sub-NDARDF374LGN,7.8101,66.0,2.0,421.31,test,8.646780967712402
/workspace/hbn_subset/R5/download/sub-NDARDF374LGN/eeg/sub-NDARDF374LGN_task-RestingState_eeg.set,R5,sub-NDARDF374LGN,7.8101,68.0,2.0,421.31,test,8.953871726989746
/workspace/hbn_subset/R5/download/sub-NDARDF374LGN/eeg/sub-NDARDF374LGN_task-RestingState_eeg.set,R5,sub-NDARDF374LGN,7.8101,70.0,2.0,421.31,test,10.343093872070312
/workspace/hbn_subset/R5/download/sub-NDARDF374LGN/eeg/sub-NDARDF374LGN_task-RestingState_eeg.set,R5,sub-NDARDF374LGN,7.8101,72.0,2.0,421.31,test,10.944121360778809
/workspace/hbn_subset/R5/download/sub-NDARDF374LGN/eeg/sub-NDARDF374LGN_task-RestingState_eeg.set,R5,sub-NDARDF374LGN,7.8101,74.0,2.0,421.31,test,9.573822021484375
/workspace/hbn_subset/R5/download/sub-NDARDF374LGN/eeg/sub-NDARDF374LGN_task-RestingState_eeg.set,R5,sub-NDARDF374LGN,7.8101,76.0,2.0,421.31,test,10.177971839904785
/workspace/hbn_subset/R5/download/sub-NDARDF374LGN/eeg/sub-NDARDF374LGN_task-RestingState_eeg.set,R5,sub-NDARDF374LGN,7.8101,78.0,2.0,421.31,test,10.419859886169434
/workspace/hbn_subset/R5/download/sub-NDARDF374LGN/eeg/sub-NDARDF374LGN_task-RestingState_eeg.set,R5,sub-NDARDF374LGN,7.8101,80.0,2.0,421.31,test,9.162806510925293
/workspace/hbn_subset/R5/download/sub-NDARDF374LGN/eeg/sub-NDARDF374LGN_task-RestingState_eeg.set,R5,sub-NDARDF374LGN,7.8101,82.0,2.0,421.31,test,8.383588790893555
/workspace/hbn_subset/R5/download/sub-NDARDF374LGN/eeg/sub-NDARDF374LGN_task-RestingState_eeg.set,R5,sub-NDARDF374LGN,7.8101,84.0,2.0,421.31,test,10.967327117919922
/workspace/hbn_subset/R5/download/sub-NDARDF374LGN/eeg/sub-NDARDF374LGN_task-RestingState_eeg.set,R5,sub-NDARDF374LGN,7.8101,86.0,2.0,421.31,test,10.441713333129883
/workspace/hbn_subset/R5/download/sub-NDARDF374LGN/eeg/sub-NDARDF374LGN_task-RestingState_eeg.set,R5,sub-NDARDF374LGN,7.8101,88.0,2.0,421.31,test,9.843317985534668
/workspace/hbn_subset/R5/download/sub-NDARDF374LGN/eeg/sub-NDARDF374LGN_task-RestingState_eeg.set,R5,sub-NDARDF374LGN,7.8101,90.0,2.0,421.31,test,8.19687557220459
/workspace/hbn_subset/R5/download/sub-NDARDF374LGN/eeg/sub-NDARDF374LGN_task-RestingState_eeg.set,R5,sub-NDARDF374LGN,7.8101,92.0,2.0,421.31,test,9.123979568481445
/workspace/hbn_subset/R5/download/sub-NDARDF374LGN/eeg/sub-NDARDF374LGN_task-RestingState_eeg.set,R5,sub-NDARDF374LGN,7.8101,94.0,2.0,421.31,test,9.250911712646484
/workspace/hbn_subset/R5/download/sub-NDARDF374LGN/eeg/sub-NDARDF374LGN_task-RestingState_eeg.set,R5,sub-NDARDF374LGN,7.8101,96.0,2.0,421.31,test,7.560533046722412
/workspace/hbn_subset/R5/download/sub-NDARDF374LGN/eeg/sub-NDARDF374LGN_task-RestingState_eeg.set,R5,sub-NDARDF374LGN,7.8101,98.0,2.0,421.31,test,9.295543670654297
/workspace/hbn_subset/R5/download/sub-NDARDF374LGN/eeg/sub-NDARDF374LGN_task-RestingState_eeg.set,R5,sub-NDARDF374LGN,7.8101,100.0,2.0,421.31,test,10.15223503112793
/workspace/hbn_subset/R5/download/sub-NDARDF374LGN/eeg/sub-NDARDF374LGN_task-RestingState_eeg.set,R5,sub-NDARDF374LGN,7.8101,102.0,2.0,421.31,test,9.38268756866455
/workspace/hbn_subset/R5/download/sub-NDARDF374LGN/eeg/sub-NDARDF374LGN_task-RestingState_eeg.set,R5,sub-NDARDF374LGN,7.8101,104.0,2.0,421.31,test,9.483540534973145
/workspace/hbn_subset/R5/download/sub-NDARDF374LGN/eeg/sub-NDARDF374LGN_task-RestingState_eeg.set,R5,sub-NDARDF374LGN,7.8101,106.0,2.0,421.31,test,9.704681396484375
/workspace/hbn_subset/R5/download/sub-NDARDF374LGN/eeg/sub-NDARDF374LGN_task-RestingState_eeg.set,R5,sub-NDARDF374LGN,7.8101,108.0,2.0,421.31,test,8.88146686553955
/workspace/hbn_subset/R5/download/sub-NDARDF374LGN/eeg/sub-NDARDF374LGN_task-RestingState_eeg.set,R5,sub-NDARDF374LGN,7.8101,110.0,2.0,421.31,test,7.898247241973877
/workspace/hbn_subset/R5/download/sub-NDARDF374LGN/eeg/sub-NDARDF374LGN_task-RestingState_eeg.set,R5,sub-NDARDF374LGN,7.8101,112.0,2.0,421.31,test,8.140862464904785
/workspace/hbn_subset/R5/download/sub-NDARDF374LGN/eeg/sub-NDARDF374LGN_task-RestingState_eeg.set,R5,sub-NDARDF374LGN,7.8101,114.0,2.0,421.31,test,9.234472274780273
/workspace/hbn_subset/R5/download/sub-NDARDF374LGN/eeg/sub-NDARDF374LGN_task-RestingState_eeg.set,R5,sub-NDARDF374LGN,7.8101,116.0,2.0,421.31,test,8.475934982299805
/workspace/hbn_subset/R5/download/sub-NDARDF374LGN/eeg/sub-NDARDF374LGN_task-RestingState_eeg.set,R5,sub-NDARDF374LGN,7.8101,118.0,2.0,421.31,test,8.389141082763672
/workspace/hbn_subset/R5/download/sub-NDARDH086ZKK/eeg/sub-NDARDH086ZKK_task-RestingState_eeg.set,R5,sub-NDARDH086ZKK,9.4884,0.0,2.0,356.258,test,9.148749351501465
/workspace/hbn_subset/R5/download/sub-NDARDH086ZKK/eeg/sub-NDARDH086ZKK_task-RestingState_eeg.set,R5,sub-NDARDH086ZKK,9.4884,2.0,2.0,356.258,test,9.445158004760742
/workspace/hbn_subset/R5/download/sub-NDARDH086ZKK/eeg/sub-NDARDH086ZKK_task-RestingState_eeg.set,R5,sub-NDARDH086ZKK,9.4884,4.0,2.0,356.258,test,10.070662498474121
/workspace/hbn_subset/R5/download/sub-NDARDH086ZKK/eeg/sub-NDARDH086ZKK_task-RestingState_eeg.set,R5,sub-NDARDH086ZKK,9.4884,6.0,2.0,356.258,test,9.348465919494629
/workspace/hbn_subset/R5/download/sub-NDARDH086ZKK/eeg/sub-NDARDH086ZKK_task-RestingState_eeg.set,R5,sub-NDARDH086ZKK,9.4884,8.0,2.0,356.258,test,10.32429313659668
/workspace/hbn_subset/R5/download/sub-NDARDH086ZKK/eeg/sub-NDARDH086ZKK_task-RestingState_eeg.set,R5,sub-NDARDH086ZKK,9.4884,10.0,2.0,356.258,test,9.191523551940918
/workspace/hbn_subset/R5/download/sub-NDARDH086ZKK/eeg/sub-NDARDH086ZKK_task-RestingState_eeg.set,R5,sub-NDARDH086ZKK,9.4884,12.0,2.0,356.258,test,10.705758094787598
/workspace/hbn_subset/R5/download/sub-NDARDH086ZKK/eeg/sub-NDARDH086ZKK_task-RestingState_eeg.set,R5,sub-NDARDH086ZKK,9.4884,14.0,2.0,356.258,test,10.729866981506348
/workspace/hbn_subset/R5/download/sub-NDARDH086ZKK/eeg/sub-NDARDH086ZKK_task-RestingState_eeg.set,R5,sub-NDARDH086ZKK,9.4884,16.0,2.0,356.258,test,10.55634593963623
/workspace/hbn_subset/R5/download/sub-NDARDH086ZKK/eeg/sub-NDARDH086ZKK_task-RestingState_eeg.set,R5,sub-NDARDH086ZKK,9.4884,18.0,2.0,356.258,test,9.801955223083496
/workspace/hbn_subset/R5/download/sub-NDARDH086ZKK/eeg/sub-NDARDH086ZKK_task-RestingState_eeg.set,R5,sub-NDARDH086ZKK,9.4884,20.0,2.0,356.258,test,10.684226036071777
/workspace/hbn_subset/R5/download/sub-NDARDH086ZKK/eeg/sub-NDARDH086ZKK_task-RestingState_eeg.set,R5,sub-NDARDH086ZKK,9.4884,22.0,2.0,356.258,test,11.144848823547363
/workspace/hbn_subset/R5/download/sub-NDARDH086ZKK/eeg/sub-NDARDH086ZKK_task-RestingState_eeg.set,R5,sub-NDARDH086ZKK,9.4884,24.0,2.0,356.258,test,9.093584060668945
/workspace/hbn_subset/R5/download/sub-NDARDH086ZKK/eeg/sub-NDARDH086ZKK_task-RestingState_eeg.set,R5,sub-NDARDH086ZKK,9.4884,26.0,2.0,356.258,test,11.233342170715332
/workspace/hbn_subset/R5/download/sub-NDARDH086ZKK/eeg/sub-NDARDH086ZKK_task-RestingState_eeg.set,R5,sub-NDARDH086ZKK,9.4884,28.0,2.0,356.258,test,9.07824993133545
/workspace/hbn_subset/R5/download/sub-NDARDH086ZKK/eeg/sub-NDARDH086ZKK_task-RestingState_eeg.set,R5,sub-NDARDH086ZKK,9.4884,30.0,2.0,356.258,test,8.923168182373047
/workspace/hbn_subset/R5/download/sub-NDARDH086ZKK/eeg/sub-NDARDH086ZKK_task-RestingState_eeg.set,R5,sub-NDARDH086ZKK,9.4884,32.0,2.0,356.258,test,8.99013900756836
/workspace/hbn_subset/R5/download/sub-NDARDH086ZKK/eeg/sub-NDARDH086ZKK_task-RestingState_eeg.set,R5,sub-NDARDH086ZKK,9.4884,34.0,2.0,356.258,test,9.128153800964355
/workspace/hbn_subset/R5/download/sub-NDARDH086ZKK/eeg/sub-NDARDH086ZKK_task-RestingState_eeg.set,R5,sub-NDARDH086ZKK,9.4884,36.0,2.0,356.258,test,9.24229907989502
/workspace/hbn_subset/R5/download/sub-NDARDH086ZKK/eeg/sub-NDARDH086ZKK_task-RestingState_eeg.set,R5,sub-NDARDH086ZKK,9.4884,38.0,2.0,356.258,test,10.029587745666504
/workspace/hbn_subset/R5/download/sub-NDARDH086ZKK/eeg/sub-NDARDH086ZKK_task-RestingState_eeg.set,R5,sub-NDARDH086ZKK,9.4884,40.0,2.0,356.258,test,10.601040840148926
/workspace/hbn_subset/R5/download/sub-NDARDH086ZKK/eeg/sub-NDARDH086ZKK_task-RestingState_eeg.set,R5,sub-NDARDH086ZKK,9.4884,42.0,2.0,356.258,test,10.862211227416992
/workspace/hbn_subset/R5/download/sub-NDARDH086ZKK/eeg/sub-NDARDH086ZKK_task-RestingState_eeg.set,R5,sub-NDARDH086ZKK,9.4884,44.0,2.0,356.258,test,11.358370780944824
/workspace/hbn_subset/R5/download/sub-NDARDH086ZKK/eeg/sub-NDARDH086ZKK_task-RestingState_eeg.set,R5,sub-NDARDH086ZKK,9.4884,46.0,2.0,356.258,test,9.871840476989746
/workspace/hbn_subset/R5/download/sub-NDARDH086ZKK/eeg/sub-NDARDH086ZKK_task-RestingState_eeg.set,R5,sub-NDARDH086ZKK,9.4884,48.0,2.0,356.258,test,10.561144828796387
/workspace/hbn_subset/R5/download/sub-NDARDH086ZKK/eeg/sub-NDARDH086ZKK_task-RestingState_eeg.set,R5,sub-NDARDH086ZKK,9.4884,50.0,2.0,356.258,test,10.569958686828613
/workspace/hbn_subset/R5/download/sub-NDARDH086ZKK/eeg/sub-NDARDH086ZKK_task-RestingState_eeg.set,R5,sub-NDARDH086ZKK,9.4884,52.0,2.0,356.258,test,11.160759925842285
/workspace/hbn_subset/R5/download/sub-NDARDH086ZKK/eeg/sub-NDARDH086ZKK_task-RestingState_eeg.set,R5,sub-NDARDH086ZKK,9.4884,54.0,2.0,356.258,test,11.279114723205566
/workspace/hbn_subset/R5/download/sub-NDARDH086ZKK/eeg/sub-NDARDH086ZKK_task-RestingState_eeg.set,R5,sub-NDARDH086ZKK,9.4884,56.0,2.0,356.258,test,9.664341926574707
/workspace/hbn_subset/R5/download/sub-NDARDH086ZKK/eeg/sub-NDARDH086ZKK_task-RestingState_eeg.set,R5,sub-NDARDH086ZKK,9.4884,58.0,2.0,356.258,test,10.325723648071289
/workspace/hbn_subset/R5/download/sub-NDARDH086ZKK/eeg/sub-NDARDH086ZKK_task-RestingState_eeg.set,R5,sub-NDARDH086ZKK,9.4884,60.0,2.0,356.258,test,9.896936416625977
/workspace/hbn_subset/R5/download/sub-NDARDH086ZKK/eeg/sub-NDARDH086ZKK_task-RestingState_eeg.set,R5,sub-NDARDH086ZKK,9.4884,62.0,2.0,356.258,test,9.373936653137207
/workspace/hbn_subset/R5/download/sub-NDARDH086ZKK/eeg/sub-NDARDH086ZKK_task-RestingState_eeg.set,R5,sub-NDARDH086ZKK,9.4884,64.0,2.0,356.258,test,10.549356460571289
/workspace/hbn_subset/R5/download/sub-NDARDH086ZKK/eeg/sub-NDARDH086ZKK_task-RestingState_eeg.set,R5,sub-NDARDH086ZKK,9.4884,66.0,2.0,356.258,test,9.191335678100586
/workspace/hbn_subset/R5/download/sub-NDARDH086ZKK/eeg/sub-NDARDH086ZKK_task-RestingState_eeg.set,R5,sub-NDARDH086ZKK,9.4884,68.0,2.0,356.258,test,9.152287483215332
/workspace/hbn_subset/R5/download/sub-NDARDH086ZKK/eeg/sub-NDARDH086ZKK_task-RestingState_eeg.set,R5,sub-NDARDH086ZKK,9.4884,70.0,2.0,356.258,test,9.386499404907227
/workspace/hbn_subset/R5/download/sub-NDARDH086ZKK/eeg/sub-NDARDH086ZKK_task-RestingState_eeg.set,R5,sub-NDARDH086ZKK,9.4884,72.0,2.0,356.258,test,8.749006271362305
/workspace/hbn_subset/R5/download/sub-NDARDH086ZKK/eeg/sub-NDARDH086ZKK_task-RestingState_eeg.set,R5,sub-NDARDH086ZKK,9.4884,74.0,2.0,356.258,test,9.099129676818848
/workspace/hbn_subset/R5/download/sub-NDARDH086ZKK/eeg/sub-NDARDH086ZKK_task-RestingState_eeg.set,R5,sub-NDARDH086ZKK,9.4884,76.0,2.0,356.258,test,10.305599212646484
/workspace/hbn_subset/R5/download/sub-NDARDH086ZKK/eeg/sub-NDARDH086ZKK_task-RestingState_eeg.set,R5,sub-NDARDH086ZKK,9.4884,78.0,2.0,356.258,test,10.745145797729492
/workspace/hbn_subset/R5/download/sub-NDARDH086ZKK/eeg/sub-NDARDH086ZKK_task-RestingState_eeg.set,R5,sub-NDARDH086ZKK,9.4884,80.0,2.0,356.258,test,10.853041648864746
/workspace/hbn_subset/R5/download/sub-NDARDH086ZKK/eeg/sub-NDARDH086ZKK_task-RestingState_eeg.set,R5,sub-NDARDH086ZKK,9.4884,82.0,2.0,356.258,test,11.073387145996094
/workspace/hbn_subset/R5/download/sub-NDARDH086ZKK/eeg/sub-NDARDH086ZKK_task-RestingState_eeg.set,R5,sub-NDARDH086ZKK,9.4884,84.0,2.0,356.258,test,11.28081226348877
/workspace/hbn_subset/R5/download/sub-NDARDH086ZKK/eeg/sub-NDARDH086ZKK_task-RestingState_eeg.set,R5,sub-NDARDH086ZKK,9.4884,86.0,2.0,356.258,test,10.46635913848877
/workspace/hbn_subset/R5/download/sub-NDARDH086ZKK/eeg/sub-NDARDH086ZKK_task-RestingState_eeg.set,R5,sub-NDARDH086ZKK,9.4884,88.0,2.0,356.258,test,10.410494804382324
/workspace/hbn_subset/R5/download/sub-NDARDH086ZKK/eeg/sub-NDARDH086ZKK_task-RestingState_eeg.set,R5,sub-NDARDH086ZKK,9.4884,90.0,2.0,356.258,test,10.231121063232422
/workspace/hbn_subset/R5/download/sub-NDARDH086ZKK/eeg/sub-NDARDH086ZKK_task-RestingState_eeg.set,R5,sub-NDARDH086ZKK,9.4884,92.0,2.0,356.258,test,11.520563125610352
/workspace/hbn_subset/R5/download/sub-NDARDH086ZKK/eeg/sub-NDARDH086ZKK_task-RestingState_eeg.set,R5,sub-NDARDH086ZKK,9.4884,94.0,2.0,356.258,test,11.406682014465332
/workspace/hbn_subset/R5/download/sub-NDARDH086ZKK/eeg/sub-NDARDH086ZKK_task-RestingState_eeg.set,R5,sub-NDARDH086ZKK,9.4884,96.0,2.0,356.258,test,12.358574867248535
/workspace/hbn_subset/R5/download/sub-NDARDH086ZKK/eeg/sub-NDARDH086ZKK_task-RestingState_eeg.set,R5,sub-NDARDH086ZKK,9.4884,98.0,2.0,356.258,test,10.809473991394043
/workspace/hbn_subset/R5/download/sub-NDARDH086ZKK/eeg/sub-NDARDH086ZKK_task-RestingState_eeg.set,R5,sub-NDARDH086ZKK,9.4884,100.0,2.0,356.258,test,10.569222450256348
/workspace/hbn_subset/R5/download/sub-NDARDH086ZKK/eeg/sub-NDARDH086ZKK_task-RestingState_eeg.set,R5,sub-NDARDH086ZKK,9.4884,102.0,2.0,356.258,test,11.051977157592773
/workspace/hbn_subset/R5/download/sub-NDARDH086ZKK/eeg/sub-NDARDH086ZKK_task-RestingState_eeg.set,R5,sub-NDARDH086ZKK,9.4884,104.0,2.0,356.258,test,9.440435409545898
/workspace/hbn_subset/R5/download/sub-NDARDH086ZKK/eeg/sub-NDARDH086ZKK_task-RestingState_eeg.set,R5,sub-NDARDH086ZKK,9.4884,106.0,2.0,356.258,test,9.551161766052246
/workspace/hbn_subset/R5/download/sub-NDARDH086ZKK/eeg/sub-NDARDH086ZKK_task-RestingState_eeg.set,R5,sub-NDARDH086ZKK,9.4884,108.0,2.0,356.258,test,9.397490501403809
/workspace/hbn_subset/R5/download/sub-NDARDH086ZKK/eeg/sub-NDARDH086ZKK_task-RestingState_eeg.set,R5,sub-NDARDH086ZKK,9.4884,110.0,2.0,356.258,test,8.728134155273438
/workspace/hbn_subset/R5/download/sub-NDARDH086ZKK/eeg/sub-NDARDH086ZKK_task-RestingState_eeg.set,R5,sub-NDARDH086ZKK,9.4884,112.0,2.0,356.258,test,9.100833892822266
/workspace/hbn_subset/R5/download/sub-NDARDH086ZKK/eeg/sub-NDARDH086ZKK_task-RestingState_eeg.set,R5,sub-NDARDH086ZKK,9.4884,114.0,2.0,356.258,test,9.902130126953125
/workspace/hbn_subset/R5/download/sub-NDARDH086ZKK/eeg/sub-NDARDH086ZKK_task-RestingState_eeg.set,R5,sub-NDARDH086ZKK,9.4884,116.0,2.0,356.258,test,8.764488220214844
/workspace/hbn_subset/R5/download/sub-NDARDH086ZKK/eeg/sub-NDARDH086ZKK_task-RestingState_eeg.set,R5,sub-NDARDH086ZKK,9.4884,118.0,2.0,356.258,test,9.251449584960938
/workspace/hbn_subset/R5/download/sub-NDARDL305BT8/eeg/sub-NDARDL305BT8_task-RestingState_eeg.set,R5,sub-NDARDL305BT8,15.142,0.0,2.0,352.408,test,16.104358673095703
/workspace/hbn_subset/R5/download/sub-NDARDL305BT8/eeg/sub-NDARDL305BT8_task-RestingState_eeg.set,R5,sub-NDARDL305BT8,15.142,2.0,2.0,352.408,test,16.024333953857422
/workspace/hbn_subset/R5/download/sub-NDARDL305BT8/eeg/sub-NDARDL305BT8_task-RestingState_eeg.set,R5,sub-NDARDL305BT8,15.142,4.0,2.0,352.408,test,15.968457221984863
/workspace/hbn_subset/R5/download/sub-NDARDL305BT8/eeg/sub-NDARDL305BT8_task-RestingState_eeg.set,R5,sub-NDARDL305BT8,15.142,6.0,2.0,352.408,test,13.134160041809082
/workspace/hbn_subset/R5/download/sub-NDARDL305BT8/eeg/sub-NDARDL305BT8_task-RestingState_eeg.set,R5,sub-NDARDL305BT8,15.142,8.0,2.0,352.408,test,10.123075485229492
/workspace/hbn_subset/R5/download/sub-NDARDL305BT8/eeg/sub-NDARDL305BT8_task-RestingState_eeg.set,R5,sub-NDARDL305BT8,15.142,10.0,2.0,352.408,test,15.633321762084961
/workspace/hbn_subset/R5/download/sub-NDARDL305BT8/eeg/sub-NDARDL305BT8_task-RestingState_eeg.set,R5,sub-NDARDL305BT8,15.142,12.0,2.0,352.408,test,14.830437660217285
/workspace/hbn_subset/R5/download/sub-NDARDL305BT8/eeg/sub-NDARDL305BT8_task-RestingState_eeg.set,R5,sub-NDARDL305BT8,15.142,14.0,2.0,352.408,test,13.648301124572754
/workspace/hbn_subset/R5/download/sub-NDARDL305BT8/eeg/sub-NDARDL305BT8_task-RestingState_eeg.set,R5,sub-NDARDL305BT8,15.142,16.0,2.0,352.408,test,14.247331619262695
/workspace/hbn_subset/R5/download/sub-NDARDL305BT8/eeg/sub-NDARDL305BT8_task-RestingState_eeg.set,R5,sub-NDARDL305BT8,15.142,18.0,2.0,352.408,test,13.863509178161621
/workspace/hbn_subset/R5/download/sub-NDARDL305BT8/eeg/sub-NDARDL305BT8_task-RestingState_eeg.set,R5,sub-NDARDL305BT8,15.142,20.0,2.0,352.408,test,13.547685623168945
/workspace/hbn_subset/R5/download/sub-NDARDL305BT8/eeg/sub-NDARDL305BT8_task-RestingState_eeg.set,R5,sub-NDARDL305BT8,15.142,22.0,2.0,352.408,test,12.618573188781738
/workspace/hbn_subset/R5/download/sub-NDARDL305BT8/eeg/sub-NDARDL305BT8_task-RestingState_eeg.set,R5,sub-NDARDL305BT8,15.142,24.0,2.0,352.408,test,11.389817237854004
/workspace/hbn_subset/R5/download/sub-NDARDL305BT8/eeg/sub-NDARDL305BT8_task-RestingState_eeg.set,R5,sub-NDARDL305BT8,15.142,26.0,2.0,352.408,test,13.29981517791748
/workspace/hbn_subset/R5/download/sub-NDARDL305BT8/eeg/sub-NDARDL305BT8_task-RestingState_eeg.set,R5,sub-NDARDL305BT8,15.142,28.0,2.0,352.408,test,14.059767723083496
/workspace/hbn_subset/R5/download/sub-NDARDL305BT8/eeg/sub-NDARDL305BT8_task-RestingState_eeg.set,R5,sub-NDARDL305BT8,15.142,30.0,2.0,352.408,test,14.066675186157227
/workspace/hbn_subset/R5/download/sub-NDARDL305BT8/eeg/sub-NDARDL305BT8_task-RestingState_eeg.set,R5,sub-NDARDL305BT8,15.142,32.0,2.0,352.408,test,13.378196716308594
/workspace/hbn_subset/R5/download/sub-NDARDL305BT8/eeg/sub-NDARDL305BT8_task-RestingState_eeg.set,R5,sub-NDARDL305BT8,15.142,34.0,2.0,352.408,test,10.58955192565918
/workspace/hbn_subset/R5/download/sub-NDARDL305BT8/eeg/sub-NDARDL305BT8_task-RestingState_eeg.set,R5,sub-NDARDL305BT8,15.142,36.0,2.0,352.408,test,13.836551666259766
/workspace/hbn_subset/R5/download/sub-NDARDL305BT8/eeg/sub-NDARDL305BT8_task-RestingState_eeg.set,R5,sub-NDARDL305BT8,15.142,38.0,2.0,352.408,test,11.195902824401855
/workspace/hbn_subset/R5/download/sub-NDARDL305BT8/eeg/sub-NDARDL305BT8_task-RestingState_eeg.set,R5,sub-NDARDL305BT8,15.142,40.0,2.0,352.408,test,14.625838279724121
/workspace/hbn_subset/R5/download/sub-NDARDL305BT8/eeg/sub-NDARDL305BT8_task-RestingState_eeg.set,R5,sub-NDARDL305BT8,15.142,42.0,2.0,352.408,test,13.794224739074707
/workspace/hbn_subset/R5/download/sub-NDARDL305BT8/eeg/sub-NDARDL305BT8_task-RestingState_eeg.set,R5,sub-NDARDL305BT8,15.142,44.0,2.0,352.408,test,12.133365631103516
/workspace/hbn_subset/R5/download/sub-NDARDL305BT8/eeg/sub-NDARDL305BT8_task-RestingState_eeg.set,R5,sub-NDARDL305BT8,15.142,46.0,2.0,352.408,test,13.689936637878418
/workspace/hbn_subset/R5/download/sub-NDARDL305BT8/eeg/sub-NDARDL305BT8_task-RestingState_eeg.set,R5,sub-NDARDL305BT8,15.142,48.0,2.0,352.408,test,14.380303382873535
/workspace/hbn_subset/R5/download/sub-NDARDL305BT8/eeg/sub-NDARDL305BT8_task-RestingState_eeg.set,R5,sub-NDARDL305BT8,15.142,50.0,2.0,352.408,test,11.622782707214355
/workspace/hbn_subset/R5/download/sub-NDARDL305BT8/eeg/sub-NDARDL305BT8_task-RestingState_eeg.set,R5,sub-NDARDL305BT8,15.142,52.0,2.0,352.408,test,13.20073127746582
/workspace/hbn_subset/R5/download/sub-NDARDL305BT8/eeg/sub-NDARDL305BT8_task-RestingState_eeg.set,R5,sub-NDARDL305BT8,15.142,54.0,2.0,352.408,test,14.163666725158691
/workspace/hbn_subset/R5/download/sub-NDARDL305BT8/eeg/sub-NDARDL305BT8_task-RestingState_eeg.set,R5,sub-NDARDL305BT8,15.142,56.0,2.0,352.408,test,15.745327949523926
/workspace/hbn_subset/R5/download/sub-NDARDL305BT8/eeg/sub-NDARDL305BT8_task-RestingState_eeg.set,R5,sub-NDARDL305BT8,15.142,58.0,2.0,352.408,test,15.85362434387207
/workspace/hbn_subset/R5/download/sub-NDARDL305BT8/eeg/sub-NDARDL305BT8_task-RestingState_eeg.set,R5,sub-NDARDL305BT8,15.142,60.0,2.0,352.408,test,16.09681510925293
/workspace/hbn_subset/R5/download/sub-NDARDL305BT8/eeg/sub-NDARDL305BT8_task-RestingState_eeg.set,R5,sub-NDARDL305BT8,15.142,62.0,2.0,352.408,test,15.53850269317627
/workspace/hbn_subset/R5/download/sub-NDARDL305BT8/eeg/sub-NDARDL305BT8_task-RestingState_eeg.set,R5,sub-NDARDL305BT8,15.142,64.0,2.0,352.408,test,14.139642715454102
/workspace/hbn_subset/R5/download/sub-NDARDL305BT8/eeg/sub-NDARDL305BT8_task-RestingState_eeg.set,R5,sub-NDARDL305BT8,15.142,66.0,2.0,352.408,test,15.871280670166016
/workspace/hbn_subset/R5/download/sub-NDARDL305BT8/eeg/sub-NDARDL305BT8_task-RestingState_eeg.set,R5,sub-NDARDL305BT8,15.142,68.0,2.0,352.408,test,16.32415199279785
/workspace/hbn_subset/R5/download/sub-NDARDL305BT8/eeg/sub-NDARDL305BT8_task-RestingState_eeg.set,R5,sub-NDARDL305BT8,15.142,70.0,2.0,352.408,test,16.372241973876953
/workspace/hbn_subset/R5/download/sub-NDARDL305BT8/eeg/sub-NDARDL305BT8_task-RestingState_eeg.set,R5,sub-NDARDL305BT8,15.142,72.0,2.0,352.408,test,15.785279273986816
/workspace/hbn_subset/R5/download/sub-NDARDL305BT8/eeg/sub-NDARDL305BT8_task-RestingState_eeg.set,R5,sub-NDARDL305BT8,15.142,74.0,2.0,352.408,test,15.004134178161621
/workspace/hbn_subset/R5/download/sub-NDARDL305BT8/eeg/sub-NDARDL305BT8_task-RestingState_eeg.set,R5,sub-NDARDL305BT8,15.142,76.0,2.0,352.408,test,15.582138061523438
/workspace/hbn_subset/R5/download/sub-NDARDL305BT8/eeg/sub-NDARDL305BT8_task-RestingState_eeg.set,R5,sub-NDARDL305BT8,15.142,78.0,2.0,352.408,test,15.446829795837402
/workspace/hbn_subset/R5/download/sub-NDARDL305BT8/eeg/sub-NDARDL305BT8_task-RestingState_eeg.set,R5,sub-NDARDL305BT8,15.142,80.0,2.0,352.408,test,13.864084243774414
/workspace/hbn_subset/R5/download/sub-NDARDL305BT8/eeg/sub-NDARDL305BT8_task-RestingState_eeg.set,R5,sub-NDARDL305BT8,15.142,82.0,2.0,352.408,test,13.756452560424805
/workspace/hbn_subset/R5/download/sub-NDARDL305BT8/eeg/sub-NDARDL305BT8_task-RestingState_eeg.set,R5,sub-NDARDL305BT8,15.142,84.0,2.0,352.408,test,15.359798431396484
/workspace/hbn_subset/R5/download/sub-NDARDL305BT8/eeg/sub-NDARDL305BT8_task-RestingState_eeg.set,R5,sub-NDARDL305BT8,15.142,86.0,2.0,352.408,test,14.7496919631958
/workspace/hbn_subset/R5/download/sub-NDARDL305BT8/eeg/sub-NDARDL305BT8_task-RestingState_eeg.set,R5,sub-NDARDL305BT8,15.142,88.0,2.0,352.408,test,15.745195388793945
/workspace/hbn_subset/R5/download/sub-NDARDL305BT8/eeg/sub-NDARDL305BT8_task-RestingState_eeg.set,R5,sub-NDARDL305BT8,15.142,90.0,2.0,352.408,test,16.056514739990234
/workspace/hbn_subset/R5/download/sub-NDARDL305BT8/eeg/sub-NDARDL305BT8_task-RestingState_eeg.set,R5,sub-NDARDL305BT8,15.142,92.0,2.0,352.408,test,15.545539855957031
/workspace/hbn_subset/R5/download/sub-NDARDL305BT8/eeg/sub-NDARDL305BT8_task-RestingState_eeg.set,R5,sub-NDARDL305BT8,15.142,94.0,2.0,352.408,test,16.38169288635254
/workspace/hbn_subset/R5/download/sub-NDARDL305BT8/eeg/sub-NDARDL305BT8_task-RestingState_eeg.set,R5,sub-NDARDL305BT8,15.142,96.0,2.0,352.408,test,16.516164779663086
/workspace/hbn_subset/R5/download/sub-NDARDL305BT8/eeg/sub-NDARDL305BT8_task-RestingState_eeg.set,R5,sub-NDARDL305BT8,15.142,98.0,2.0,352.408,test,15.698695182800293
/workspace/hbn_subset/R5/download/sub-NDARDL305BT8/eeg/sub-NDARDL305BT8_task-RestingState_eeg.set,R5,sub-NDARDL305BT8,15.142,100.0,2.0,352.408,test,15.56362247467041
/workspace/hbn_subset/R5/download/sub-NDARDL305BT8/eeg/sub-NDARDL305BT8_task-RestingState_eeg.set,R5,sub-NDARDL305BT8,15.142,102.0,2.0,352.408,test,15.409027099609375
/workspace/hbn_subset/R5/download/sub-NDARDL305BT8/eeg/sub-NDARDL305BT8_task-RestingState_eeg.set,R5,sub-NDARDL305BT8,15.142,104.0,2.0,352.408,test,15.46289348602295
/workspace/hbn_subset/R5/download/sub-NDARDL305BT8/eeg/sub-NDARDL305BT8_task-RestingState_eeg.set,R5,sub-NDARDL305BT8,15.142,106.0,2.0,352.408,test,13.145668983459473
/workspace/hbn_subset/R5/download/sub-NDARDL305BT8/eeg/sub-NDARDL305BT8_task-RestingState_eeg.set,R5,sub-NDARDL305BT8,15.142,108.0,2.0,352.408,test,15.839561462402344
/workspace/hbn_subset/R5/download/sub-NDARDL305BT8/eeg/sub-NDARDL305BT8_task-RestingState_eeg.set,R5,sub-NDARDL305BT8,15.142,110.0,2.0,352.408,test,13.931537628173828
/workspace/hbn_subset/R5/download/sub-NDARDL305BT8/eeg/sub-NDARDL305BT8_task-RestingState_eeg.set,R5,sub-NDARDL305BT8,15.142,112.0,2.0,352.408,test,15.189181327819824
/workspace/hbn_subset/R5/download/sub-NDARDL305BT8/eeg/sub-NDARDL305BT8_task-RestingState_eeg.set,R5,sub-NDARDL305BT8,15.142,114.0,2.0,352.408,test,15.981284141540527
/workspace/hbn_subset/R5/download/sub-NDARDL305BT8/eeg/sub-NDARDL305BT8_task-RestingState_eeg.set,R5,sub-NDARDL305BT8,15.142,116.0,2.0,352.408,test,14.212635040283203
/workspace/hbn_subset/R5/download/sub-NDARDL305BT8/eeg/sub-NDARDL305BT8_task-RestingState_eeg.set,R5,sub-NDARDL305BT8,15.142,118.0,2.0,352.408,test,13.75389289855957
/workspace/hbn_subset/R5/download/sub-NDARDR804MFE/eeg/sub-NDARDR804MFE_task-RestingState_eeg.set,R5,sub-NDARDR804MFE,11.6452,0.0,2.0,363.108,test,12.099226951599121
/workspace/hbn_subset/R5/download/sub-NDARDR804MFE/eeg/sub-NDARDR804MFE_task-RestingState_eeg.set,R5,sub-NDARDR804MFE,11.6452,2.0,2.0,363.108,test,10.948579788208008
/workspace/hbn_subset/R5/download/sub-NDARDR804MFE/eeg/sub-NDARDR804MFE_task-RestingState_eeg.set,R5,sub-NDARDR804MFE,11.6452,4.0,2.0,363.108,test,10.80831527709961
/workspace/hbn_subset/R5/download/sub-NDARDR804MFE/eeg/sub-NDARDR804MFE_task-RestingState_eeg.set,R5,sub-NDARDR804MFE,11.6452,6.0,2.0,363.108,test,10.029877662658691
/workspace/hbn_subset/R5/download/sub-NDARDR804MFE/eeg/sub-NDARDR804MFE_task-RestingState_eeg.set,R5,sub-NDARDR804MFE,11.6452,8.0,2.0,363.108,test,12.675555229187012
/workspace/hbn_subset/R5/download/sub-NDARDR804MFE/eeg/sub-NDARDR804MFE_task-RestingState_eeg.set,R5,sub-NDARDR804MFE,11.6452,10.0,2.0,363.108,test,12.128628730773926
/workspace/hbn_subset/R5/download/sub-NDARDR804MFE/eeg/sub-NDARDR804MFE_task-RestingState_eeg.set,R5,sub-NDARDR804MFE,11.6452,12.0,2.0,363.108,test,12.011458396911621
/workspace/hbn_subset/R5/download/sub-NDARDR804MFE/eeg/sub-NDARDR804MFE_task-RestingState_eeg.set,R5,sub-NDARDR804MFE,11.6452,14.0,2.0,363.108,test,11.573124885559082
/workspace/hbn_subset/R5/download/sub-NDARDR804MFE/eeg/sub-NDARDR804MFE_task-RestingState_eeg.set,R5,sub-NDARDR804MFE,11.6452,16.0,2.0,363.108,test,12.274724006652832
/workspace/hbn_subset/R5/download/sub-NDARDR804MFE/eeg/sub-NDARDR804MFE_task-RestingState_eeg.set,R5,sub-NDARDR804MFE,11.6452,18.0,2.0,363.108,test,12.342251777648926
/workspace/hbn_subset/R5/download/sub-NDARDR804MFE/eeg/sub-NDARDR804MFE_task-RestingState_eeg.set,R5,sub-NDARDR804MFE,11.6452,20.0,2.0,363.108,test,11.776838302612305
/workspace/hbn_subset/R5/download/sub-NDARDR804MFE/eeg/sub-NDARDR804MFE_task-RestingState_eeg.set,R5,sub-NDARDR804MFE,11.6452,22.0,2.0,363.108,test,11.69361686706543
/workspace/hbn_subset/R5/download/sub-NDARDR804MFE/eeg/sub-NDARDR804MFE_task-RestingState_eeg.set,R5,sub-NDARDR804MFE,11.6452,24.0,2.0,363.108,test,11.527515411376953
/workspace/hbn_subset/R5/download/sub-NDARDR804MFE/eeg/sub-NDARDR804MFE_task-RestingState_eeg.set,R5,sub-NDARDR804MFE,11.6452,26.0,2.0,363.108,test,10.98034381866455
/workspace/hbn_subset/R5/download/sub-NDARDR804MFE/eeg/sub-NDARDR804MFE_task-RestingState_eeg.set,R5,sub-NDARDR804MFE,11.6452,28.0,2.0,363.108,test,11.983445167541504
/workspace/hbn_subset/R5/download/sub-NDARDR804MFE/eeg/sub-NDARDR804MFE_task-RestingState_eeg.set,R5,sub-NDARDR804MFE,11.6452,30.0,2.0,363.108,test,11.373347282409668
/workspace/hbn_subset/R5/download/sub-NDARDR804MFE/eeg/sub-NDARDR804MFE_task-RestingState_eeg.set,R5,sub-NDARDR804MFE,11.6452,32.0,2.0,363.108,test,10.94683837890625
/workspace/hbn_subset/R5/download/sub-NDARDR804MFE/eeg/sub-NDARDR804MFE_task-RestingState_eeg.set,R5,sub-NDARDR804MFE,11.6452,34.0,2.0,363.108,test,11.745085716247559
/workspace/hbn_subset/R5/download/sub-NDARDR804MFE/eeg/sub-NDARDR804MFE_task-RestingState_eeg.set,R5,sub-NDARDR804MFE,11.6452,36.0,2.0,363.108,test,10.50023365020752
/workspace/hbn_subset/R5/download/sub-NDARDR804MFE/eeg/sub-NDARDR804MFE_task-RestingState_eeg.set,R5,sub-NDARDR804MFE,11.6452,38.0,2.0,363.108,test,11.408028602600098
/workspace/hbn_subset/R5/download/sub-NDARDR804MFE/eeg/sub-NDARDR804MFE_task-RestingState_eeg.set,R5,sub-NDARDR804MFE,11.6452,40.0,2.0,363.108,test,12.656673431396484
/workspace/hbn_subset/R5/download/sub-NDARDR804MFE/eeg/sub-NDARDR804MFE_task-RestingState_eeg.set,R5,sub-NDARDR804MFE,11.6452,42.0,2.0,363.108,test,9.394640922546387
/workspace/hbn_subset/R5/download/sub-NDARDR804MFE/eeg/sub-NDARDR804MFE_task-RestingState_eeg.set,R5,sub-NDARDR804MFE,11.6452,44.0,2.0,363.108,test,12.218233108520508
/workspace/hbn_subset/R5/download/sub-NDARDR804MFE/eeg/sub-NDARDR804MFE_task-RestingState_eeg.set,R5,sub-NDARDR804MFE,11.6452,46.0,2.0,363.108,test,11.905733108520508
/workspace/hbn_subset/R5/download/sub-NDARDR804MFE/eeg/sub-NDARDR804MFE_task-RestingState_eeg.set,R5,sub-NDARDR804MFE,11.6452,48.0,2.0,363.108,test,13.301673889160156
/workspace/hbn_subset/R5/download/sub-NDARDR804MFE/eeg/sub-NDARDR804MFE_task-RestingState_eeg.set,R5,sub-NDARDR804MFE,11.6452,50.0,2.0,363.108,test,12.384366989135742
/workspace/hbn_subset/R5/download/sub-NDARDR804MFE/eeg/sub-NDARDR804MFE_task-RestingState_eeg.set,R5,sub-NDARDR804MFE,11.6452,52.0,2.0,363.108,test,9.841489791870117
/workspace/hbn_subset/R5/download/sub-NDARDR804MFE/eeg/sub-NDARDR804MFE_task-RestingState_eeg.set,R5,sub-NDARDR804MFE,11.6452,54.0,2.0,363.108,test,12.514688491821289
/workspace/hbn_subset/R5/download/sub-NDARDR804MFE/eeg/sub-NDARDR804MFE_task-RestingState_eeg.set,R5,sub-NDARDR804MFE,11.6452,56.0,2.0,363.108,test,11.805353164672852
/workspace/hbn_subset/R5/download/sub-NDARDR804MFE/eeg/sub-NDARDR804MFE_task-RestingState_eeg.set,R5,sub-NDARDR804MFE,11.6452,58.0,2.0,363.108,test,12.096183776855469
/workspace/hbn_subset/R5/download/sub-NDARDR804MFE/eeg/sub-NDARDR804MFE_task-RestingState_eeg.set,R5,sub-NDARDR804MFE,11.6452,60.0,2.0,363.108,test,12.690523147583008
/workspace/hbn_subset/R5/download/sub-NDARDR804MFE/eeg/sub-NDARDR804MFE_task-RestingState_eeg.set,R5,sub-NDARDR804MFE,11.6452,62.0,2.0,363.108,test,10.84866714477539
/workspace/hbn_subset/R5/download/sub-NDARDR804MFE/eeg/sub-NDARDR804MFE_task-RestingState_eeg.set,R5,sub-NDARDR804MFE,11.6452,64.0,2.0,363.108,test,11.446184158325195
/workspace/hbn_subset/R5/download/sub-NDARDR804MFE/eeg/sub-NDARDR804MFE_task-RestingState_eeg.set,R5,sub-NDARDR804MFE,11.6452,66.0,2.0,363.108,test,10.635004997253418
/workspace/hbn_subset/R5/download/sub-NDARDR804MFE/eeg/sub-NDARDR804MFE_task-RestingState_eeg.set,R5,sub-NDARDR804MFE,11.6452,68.0,2.0,363.108,test,11.122314453125
/workspace/hbn_subset/R5/download/sub-NDARDR804MFE/eeg/sub-NDARDR804MFE_task-RestingState_eeg.set,R5,sub-NDARDR804MFE,11.6452,70.0,2.0,363.108,test,10.29516887664795
/workspace/hbn_subset/R5/download/sub-NDARDR804MFE/eeg/sub-NDARDR804MFE_task-RestingState_eeg.set,R5,sub-NDARDR804MFE,11.6452,72.0,2.0,363.108,test,11.536382675170898
/workspace/hbn_subset/R5/download/sub-NDARDR804MFE/eeg/sub-NDARDR804MFE_task-RestingState_eeg.set,R5,sub-NDARDR804MFE,11.6452,74.0,2.0,363.108,test,10.908659934997559
/workspace/hbn_subset/R5/download/sub-NDARDR804MFE/eeg/sub-NDARDR804MFE_task-RestingState_eeg.set,R5,sub-NDARDR804MFE,11.6452,76.0,2.0,363.108,test,12.061665534973145
/workspace/hbn_subset/R5/download/sub-NDARDR804MFE/eeg/sub-NDARDR804MFE_task-RestingState_eeg.set,R5,sub-NDARDR804MFE,11.6452,78.0,2.0,363.108,test,11.694421768188477
/workspace/hbn_subset/R5/download/sub-NDARDR804MFE/eeg/sub-NDARDR804MFE_task-RestingState_eeg.set,R5,sub-NDARDR804MFE,11.6452,80.0,2.0,363.108,test,12.1096773147583
/workspace/hbn_subset/R5/download/sub-NDARDR804MFE/eeg/sub-NDARDR804MFE_task-RestingState_eeg.set,R5,sub-NDARDR804MFE,11.6452,82.0,2.0,363.108,test,12.431116104125977
/workspace/hbn_subset/R5/download/sub-NDARDR804MFE/eeg/sub-NDARDR804MFE_task-RestingState_eeg.set,R5,sub-NDARDR804MFE,11.6452,84.0,2.0,363.108,test,10.996047019958496
/workspace/hbn_subset/R5/download/sub-NDARDR804MFE/eeg/sub-NDARDR804MFE_task-RestingState_eeg.set,R5,sub-NDARDR804MFE,11.6452,86.0,2.0,363.108,test,10.758708953857422
/workspace/hbn_subset/R5/download/sub-NDARDR804MFE/eeg/sub-NDARDR804MFE_task-RestingState_eeg.set,R5,sub-NDARDR804MFE,11.6452,88.0,2.0,363.108,test,10.805420875549316
/workspace/hbn_subset/R5/download/sub-NDARDR804MFE/eeg/sub-NDARDR804MFE_task-RestingState_eeg.set,R5,sub-NDARDR804MFE,11.6452,90.0,2.0,363.108,test,10.517131805419922
/workspace/hbn_subset/R5/download/sub-NDARDR804MFE/eeg/sub-NDARDR804MFE_task-RestingState_eeg.set,R5,sub-NDARDR804MFE,11.6452,92.0,2.0,363.108,test,9.771193504333496
/workspace/hbn_subset/R5/download/sub-NDARDR804MFE/eeg/sub-NDARDR804MFE_task-RestingState_eeg.set,R5,sub-NDARDR804MFE,11.6452,94.0,2.0,363.108,test,12.13217544555664
/workspace/hbn_subset/R5/download/sub-NDARDR804MFE/eeg/sub-NDARDR804MFE_task-RestingState_eeg.set,R5,sub-NDARDR804MFE,11.6452,96.0,2.0,363.108,test,12.810155868530273
/workspace/hbn_subset/R5/download/sub-NDARDR804MFE/eeg/sub-NDARDR804MFE_task-RestingState_eeg.set,R5,sub-NDARDR804MFE,11.6452,98.0,2.0,363.108,test,11.12315845489502
/workspace/hbn_subset/R5/download/sub-NDARDR804MFE/eeg/sub-NDARDR804MFE_task-RestingState_eeg.set,R5,sub-NDARDR804MFE,11.6452,100.0,2.0,363.108,test,13.112035751342773
/workspace/hbn_subset/R5/download/sub-NDARDR804MFE/eeg/sub-NDARDR804MFE_task-RestingState_eeg.set,R5,sub-NDARDR804MFE,11.6452,102.0,2.0,363.108,test,12.59526252746582
/workspace/hbn_subset/R5/download/sub-NDARDR804MFE/eeg/sub-NDARDR804MFE_task-RestingState_eeg.set,R5,sub-NDARDR804MFE,11.6452,104.0,2.0,363.108,test,13.26570987701416
/workspace/hbn_subset/R5/download/sub-NDARDR804MFE/eeg/sub-NDARDR804MFE_task-RestingState_eeg.set,R5,sub-NDARDR804MFE,11.6452,106.0,2.0,363.108,test,11.603642463684082
/workspace/hbn_subset/R5/download/sub-NDARDR804MFE/eeg/sub-NDARDR804MFE_task-RestingState_eeg.set,R5,sub-NDARDR804MFE,11.6452,108.0,2.0,363.108,test,11.493149757385254
/workspace/hbn_subset/R5/download/sub-NDARDR804MFE/eeg/sub-NDARDR804MFE_task-RestingState_eeg.set,R5,sub-NDARDR804MFE,11.6452,110.0,2.0,363.108,test,12.252910614013672
/workspace/hbn_subset/R5/download/sub-NDARDR804MFE/eeg/sub-NDARDR804MFE_task-RestingState_eeg.set,R5,sub-NDARDR804MFE,11.6452,112.0,2.0,363.108,test,11.168539047241211
/workspace/hbn_subset/R5/download/sub-NDARDR804MFE/eeg/sub-NDARDR804MFE_task-RestingState_eeg.set,R5,sub-NDARDR804MFE,11.6452,114.0,2.0,363.108,test,12.687220573425293
/workspace/hbn_subset/R5/download/sub-NDARDR804MFE/eeg/sub-NDARDR804MFE_task-RestingState_eeg.set,R5,sub-NDARDR804MFE,11.6452,116.0,2.0,363.108,test,9.795595169067383
/workspace/hbn_subset/R5/download/sub-NDARDR804MFE/eeg/sub-NDARDR804MFE_task-RestingState_eeg.set,R5,sub-NDARDR804MFE,11.6452,118.0,2.0,363.108,test,9.964079856872559
/workspace/hbn_subset/R5/download/sub-NDARDT499DWP/eeg/sub-NDARDT499DWP_task-RestingState_eeg.set,R5,sub-NDARDT499DWP,15.9875,0.0,2.0,346.928,test,8.510009765625
/workspace/hbn_subset/R5/download/sub-NDARDT499DWP/eeg/sub-NDARDT499DWP_task-RestingState_eeg.set,R5,sub-NDARDT499DWP,15.9875,2.0,2.0,346.928,test,8.333703994750977
/workspace/hbn_subset/R5/download/sub-NDARDT499DWP/eeg/sub-NDARDT499DWP_task-RestingState_eeg.set,R5,sub-NDARDT499DWP,15.9875,4.0,2.0,346.928,test,8.29061508178711
/workspace/hbn_subset/R5/download/sub-NDARDT499DWP/eeg/sub-NDARDT499DWP_task-RestingState_eeg.set,R5,sub-NDARDT499DWP,15.9875,6.0,2.0,346.928,test,8.367630958557129
/workspace/hbn_subset/R5/download/sub-NDARDT499DWP/eeg/sub-NDARDT499DWP_task-RestingState_eeg.set,R5,sub-NDARDT499DWP,15.9875,8.0,2.0,346.928,test,8.03049373626709
/workspace/hbn_subset/R5/download/sub-NDARDT499DWP/eeg/sub-NDARDT499DWP_task-RestingState_eeg.set,R5,sub-NDARDT499DWP,15.9875,10.0,2.0,346.928,test,7.716611385345459
/workspace/hbn_subset/R5/download/sub-NDARDT499DWP/eeg/sub-NDARDT499DWP_task-RestingState_eeg.set,R5,sub-NDARDT499DWP,15.9875,12.0,2.0,346.928,test,7.843963623046875
/workspace/hbn_subset/R5/download/sub-NDARDT499DWP/eeg/sub-NDARDT499DWP_task-RestingState_eeg.set,R5,sub-NDARDT499DWP,15.9875,14.0,2.0,346.928,test,7.869872093200684
/workspace/hbn_subset/R5/download/sub-NDARDT499DWP/eeg/sub-NDARDT499DWP_task-RestingState_eeg.set,R5,sub-NDARDT499DWP,15.9875,16.0,2.0,346.928,test,7.063257694244385
/workspace/hbn_subset/R5/download/sub-NDARDT499DWP/eeg/sub-NDARDT499DWP_task-RestingState_eeg.set,R5,sub-NDARDT499DWP,15.9875,18.0,2.0,346.928,test,8.25964641571045
/workspace/hbn_subset/R5/download/sub-NDARDT499DWP/eeg/sub-NDARDT499DWP_task-RestingState_eeg.set,R5,sub-NDARDT499DWP,15.9875,20.0,2.0,346.928,test,11.770930290222168
/workspace/hbn_subset/R5/download/sub-NDARDT499DWP/eeg/sub-NDARDT499DWP_task-RestingState_eeg.set,R5,sub-NDARDT499DWP,15.9875,22.0,2.0,346.928,test,7.213557243347168
/workspace/hbn_subset/R5/download/sub-NDARDT499DWP/eeg/sub-NDARDT499DWP_task-RestingState_eeg.set,R5,sub-NDARDT499DWP,15.9875,24.0,2.0,346.928,test,7.42092227935791
/workspace/hbn_subset/R5/download/sub-NDARDT499DWP/eeg/sub-NDARDT499DWP_task-RestingState_eeg.set,R5,sub-NDARDT499DWP,15.9875,26.0,2.0,346.928,test,7.566953659057617
/workspace/hbn_subset/R5/download/sub-NDARDT499DWP/eeg/sub-NDARDT499DWP_task-RestingState_eeg.set,R5,sub-NDARDT499DWP,15.9875,28.0,2.0,346.928,test,7.444486141204834
/workspace/hbn_subset/R5/download/sub-NDARDT499DWP/eeg/sub-NDARDT499DWP_task-RestingState_eeg.set,R5,sub-NDARDT499DWP,15.9875,30.0,2.0,346.928,test,7.471745491027832
/workspace/hbn_subset/R5/download/sub-NDARDT499DWP/eeg/sub-NDARDT499DWP_task-RestingState_eeg.set,R5,sub-NDARDT499DWP,15.9875,32.0,2.0,346.928,test,7.5340800285339355
/workspace/hbn_subset/R5/download/sub-NDARDT499DWP/eeg/sub-NDARDT499DWP_task-RestingState_eeg.set,R5,sub-NDARDT499DWP,15.9875,34.0,2.0,346.928,test,7.497203826904297
/workspace/hbn_subset/R5/download/sub-NDARDT499DWP/eeg/sub-NDARDT499DWP_task-RestingState_eeg.set,R5,sub-NDARDT499DWP,15.9875,36.0,2.0,346.928,test,7.552196979522705
/workspace/hbn_subset/R5/download/sub-NDARDT499DWP/eeg/sub-NDARDT499DWP_task-RestingState_eeg.set,R5,sub-NDARDT499DWP,15.9875,38.0,2.0,346.928,test,7.533963680267334
/workspace/hbn_subset/R5/download/sub-NDARDT499DWP/eeg/sub-NDARDT499DWP_task-RestingState_eeg.set,R5,sub-NDARDT499DWP,15.9875,40.0,2.0,346.928,test,7.5613579750061035
/workspace/hbn_subset/R5/download/sub-NDARDT499DWP/eeg/sub-NDARDT499DWP_task-RestingState_eeg.set,R5,sub-NDARDT499DWP,15.9875,42.0,2.0,346.928,test,7.6070027351379395
/workspace/hbn_subset/R5/download/sub-NDARDT499DWP/eeg/sub-NDARDT499DWP_task-RestingState_eeg.set,R5,sub-NDARDT499DWP,15.9875,44.0,2.0,346.928,test,7.5614705085754395
/workspace/hbn_subset/R5/download/sub-NDARDT499DWP/eeg/sub-NDARDT499DWP_task-RestingState_eeg.set,R5,sub-NDARDT499DWP,15.9875,46.0,2.0,346.928,test,7.60251522064209
/workspace/hbn_subset/R5/download/sub-NDARDT499DWP/eeg/sub-NDARDT499DWP_task-RestingState_eeg.set,R5,sub-NDARDT499DWP,15.9875,48.0,2.0,346.928,test,7.64337682723999
/workspace/hbn_subset/R5/download/sub-NDARDT499DWP/eeg/sub-NDARDT499DWP_task-RestingState_eeg.set,R5,sub-NDARDT499DWP,15.9875,50.0,2.0,346.928,test,7.856852054595947
/workspace/hbn_subset/R5/download/sub-NDARDT499DWP/eeg/sub-NDARDT499DWP_task-RestingState_eeg.set,R5,sub-NDARDT499DWP,15.9875,52.0,2.0,346.928,test,7.611839771270752
/workspace/hbn_subset/R5/download/sub-NDARDT499DWP/eeg/sub-NDARDT499DWP_task-RestingState_eeg.set,R5,sub-NDARDT499DWP,15.9875,54.0,2.0,346.928,test,7.785510540008545
/workspace/hbn_subset/R5/download/sub-NDARDT499DWP/eeg/sub-NDARDT499DWP_task-RestingState_eeg.set,R5,sub-NDARDT499DWP,15.9875,56.0,2.0,346.928,test,8.281075477600098
/workspace/hbn_subset/R5/download/sub-NDARDT499DWP/eeg/sub-NDARDT499DWP_task-RestingState_eeg.set,R5,sub-NDARDT499DWP,15.9875,58.0,2.0,346.928,test,7.835550308227539
/workspace/hbn_subset/R5/download/sub-NDARDT499DWP/eeg/sub-NDARDT499DWP_task-RestingState_eeg.set,R5,sub-NDARDT499DWP,15.9875,60.0,2.0,346.928,test,8.470787048339844
/workspace/hbn_subset/R5/download/sub-NDARDT499DWP/eeg/sub-NDARDT499DWP_task-RestingState_eeg.set,R5,sub-NDARDT499DWP,15.9875,62.0,2.0,346.928,test,8.406929016113281
/workspace/hbn_subset/R5/download/sub-NDARDT499DWP/eeg/sub-NDARDT499DWP_task-RestingState_eeg.set,R5,sub-NDARDT499DWP,15.9875,64.0,2.0,346.928,test,7.905275821685791
/workspace/hbn_subset/R5/download/sub-NDARDT499DWP/eeg/sub-NDARDT499DWP_task-RestingState_eeg.set,R5,sub-NDARDT499DWP,15.9875,66.0,2.0,346.928,test,8.430781364440918
/workspace/hbn_subset/R5/download/sub-NDARDT499DWP/eeg/sub-NDARDT499DWP_task-RestingState_eeg.set,R5,sub-NDARDT499DWP,15.9875,68.0,2.0,346.928,test,8.424803733825684
/workspace/hbn_subset/R5/download/sub-NDARDT499DWP/eeg/sub-NDARDT499DWP_task-RestingState_eeg.set,R5,sub-NDARDT499DWP,15.9875,70.0,2.0,346.928,test,8.13302230834961
/workspace/hbn_subset/R5/download/sub-NDARDT499DWP/eeg/sub-NDARDT499DWP_task-RestingState_eeg.set,R5,sub-NDARDT499DWP,15.9875,72.0,2.0,346.928,test,8.044570922851562
/workspace/hbn_subset/R5/download/sub-NDARDT499DWP/eeg/sub-NDARDT499DWP_task-RestingState_eeg.set,R5,sub-NDARDT499DWP,15.9875,74.0,2.0,346.928,test,8.150239944458008
/workspace/hbn_subset/R5/download/sub-NDARDT499DWP/eeg/sub-NDARDT499DWP_task-RestingState_eeg.set,R5,sub-NDARDT499DWP,15.9875,76.0,2.0,346.928,test,8.132224082946777
/workspace/hbn_subset/R5/download/sub-NDARDT499DWP/eeg/sub-NDARDT499DWP_task-RestingState_eeg.set,R5,sub-NDARDT499DWP,15.9875,78.0,2.0,346.928,test,8.10776138305664
/workspace/hbn_subset/R5/download/sub-NDARDT499DWP/eeg/sub-NDARDT499DWP_task-RestingState_eeg.set,R5,sub-NDARDT499DWP,15.9875,80.0,2.0,346.928,test,7.73565673828125
/workspace/hbn_subset/R5/download/sub-NDARDT499DWP/eeg/sub-NDARDT499DWP_task-RestingState_eeg.set,R5,sub-NDARDT499DWP,15.9875,82.0,2.0,346.928,test,7.7449846267700195
/workspace/hbn_subset/R5/download/sub-NDARDT499DWP/eeg/sub-NDARDT499DWP_task-RestingState_eeg.set,R5,sub-NDARDT499DWP,15.9875,84.0,2.0,346.928,test,8.118289947509766
/workspace/hbn_subset/R5/download/sub-NDARDT499DWP/eeg/sub-NDARDT499DWP_task-RestingState_eeg.set,R5,sub-NDARDT499DWP,15.9875,86.0,2.0,346.928,test,7.582833290100098
/workspace/hbn_subset/R5/download/sub-NDARDT499DWP/eeg/sub-NDARDT499DWP_task-RestingState_eeg.set,R5,sub-NDARDT499DWP,15.9875,88.0,2.0,346.928,test,8.152246475219727
/workspace/hbn_subset/R5/download/sub-NDARDT499DWP/eeg/sub-NDARDT499DWP_task-RestingState_eeg.set,R5,sub-NDARDT499DWP,15.9875,90.0,2.0,346.928,test,7.659082889556885
/workspace/hbn_subset/R5/download/sub-NDARDT499DWP/eeg/sub-NDARDT499DWP_task-RestingState_eeg.set,R5,sub-NDARDT499DWP,15.9875,92.0,2.0,346.928,test,7.686122417449951
/workspace/hbn_subset/R5/download/sub-NDARDT499DWP/eeg/sub-NDARDT499DWP_task-RestingState_eeg.set,R5,sub-NDARDT499DWP,15.9875,94.0,2.0,346.928,test,7.851970195770264
/workspace/hbn_subset/R5/download/sub-NDARDT499DWP/eeg/sub-NDARDT499DWP_task-RestingState_eeg.set,R5,sub-NDARDT499DWP,15.9875,96.0,2.0,346.928,test,8.5860013961792
/workspace/hbn_subset/R5/download/sub-NDARDT499DWP/eeg/sub-NDARDT499DWP_task-RestingState_eeg.set,R5,sub-NDARDT499DWP,15.9875,98.0,2.0,346.928,test,7.846174716949463
/workspace/hbn_subset/R5/download/sub-NDARDT499DWP/eeg/sub-NDARDT499DWP_task-RestingState_eeg.set,R5,sub-NDARDT499DWP,15.9875,100.0,2.0,346.928,test,7.988446235656738
/workspace/hbn_subset/R5/download/sub-NDARDT499DWP/eeg/sub-NDARDT499DWP_task-RestingState_eeg.set,R5,sub-NDARDT499DWP,15.9875,102.0,2.0,346.928,test,7.8005475997924805
/workspace/hbn_subset/R5/download/sub-NDARDT499DWP/eeg/sub-NDARDT499DWP_task-RestingState_eeg.set,R5,sub-NDARDT499DWP,15.9875,104.0,2.0,346.928,test,8.04604434967041
/workspace/hbn_subset/R5/download/sub-NDARDT499DWP/eeg/sub-NDARDT499DWP_task-RestingState_eeg.set,R5,sub-NDARDT499DWP,15.9875,106.0,2.0,346.928,test,7.909618377685547
/workspace/hbn_subset/R5/download/sub-NDARDT499DWP/eeg/sub-NDARDT499DWP_task-RestingState_eeg.set,R5,sub-NDARDT499DWP,15.9875,108.0,2.0,346.928,test,8.423029899597168
/workspace/hbn_subset/R5/download/sub-NDARDT499DWP/eeg/sub-NDARDT499DWP_task-RestingState_eeg.set,R5,sub-NDARDT499DWP,15.9875,110.0,2.0,346.928,test,8.16161060333252
/workspace/hbn_subset/R5/download/sub-NDARDT499DWP/eeg/sub-NDARDT499DWP_task-RestingState_eeg.set,R5,sub-NDARDT499DWP,15.9875,112.0,2.0,346.928,test,8.671590805053711
/workspace/hbn_subset/R5/download/sub-NDARDT499DWP/eeg/sub-NDARDT499DWP_task-RestingState_eeg.set,R5,sub-NDARDT499DWP,15.9875,114.0,2.0,346.928,test,7.7447919845581055
/workspace/hbn_subset/R5/download/sub-NDARDT499DWP/eeg/sub-NDARDT499DWP_task-RestingState_eeg.set,R5,sub-NDARDT499DWP,15.9875,116.0,2.0,346.928,test,8.422430038452148
/workspace/hbn_subset/R5/download/sub-NDARDT499DWP/eeg/sub-NDARDT499DWP_task-RestingState_eeg.set,R5,sub-NDARDT499DWP,15.9875,118.0,2.0,346.928,test,8.409629821777344
/workspace/hbn_subset/R5/download/sub-NDARDU853XZ6/eeg/sub-NDARDU853XZ6_task-RestingState_eeg.set,R5,sub-NDARDU853XZ6,8.5602,0.0,2.0,350.572,test,9.292520523071289
/workspace/hbn_subset/R5/download/sub-NDARDU853XZ6/eeg/sub-NDARDU853XZ6_task-RestingState_eeg.set,R5,sub-NDARDU853XZ6,8.5602,2.0,2.0,350.572,test,9.217936515808105
/workspace/hbn_subset/R5/download/sub-NDARDU853XZ6/eeg/sub-NDARDU853XZ6_task-RestingState_eeg.set,R5,sub-NDARDU853XZ6,8.5602,4.0,2.0,350.572,test,9.164915084838867
/workspace/hbn_subset/R5/download/sub-NDARDU853XZ6/eeg/sub-NDARDU853XZ6_task-RestingState_eeg.set,R5,sub-NDARDU853XZ6,8.5602,6.0,2.0,350.572,test,8.985869407653809
/workspace/hbn_subset/R5/download/sub-NDARDU853XZ6/eeg/sub-NDARDU853XZ6_task-RestingState_eeg.set,R5,sub-NDARDU853XZ6,8.5602,8.0,2.0,350.572,test,8.514191627502441
/workspace/hbn_subset/R5/download/sub-NDARDU853XZ6/eeg/sub-NDARDU853XZ6_task-RestingState_eeg.set,R5,sub-NDARDU853XZ6,8.5602,10.0,2.0,350.572,test,9.526185989379883
/workspace/hbn_subset/R5/download/sub-NDARDU853XZ6/eeg/sub-NDARDU853XZ6_task-RestingState_eeg.set,R5,sub-NDARDU853XZ6,8.5602,12.0,2.0,350.572,test,8.432547569274902
/workspace/hbn_subset/R5/download/sub-NDARDU853XZ6/eeg/sub-NDARDU853XZ6_task-RestingState_eeg.set,R5,sub-NDARDU853XZ6,8.5602,14.0,2.0,350.572,test,9.132951736450195
/workspace/hbn_subset/R5/download/sub-NDARDU853XZ6/eeg/sub-NDARDU853XZ6_task-RestingState_eeg.set,R5,sub-NDARDU853XZ6,8.5602,16.0,2.0,350.572,test,9.306562423706055
/workspace/hbn_subset/R5/download/sub-NDARDU853XZ6/eeg/sub-NDARDU853XZ6_task-RestingState_eeg.set,R5,sub-NDARDU853XZ6,8.5602,18.0,2.0,350.572,test,8.836396217346191
/workspace/hbn_subset/R5/download/sub-NDARDU853XZ6/eeg/sub-NDARDU853XZ6_task-RestingState_eeg.set,R5,sub-NDARDU853XZ6,8.5602,20.0,2.0,350.572,test,9.861462593078613
/workspace/hbn_subset/R5/download/sub-NDARDU853XZ6/eeg/sub-NDARDU853XZ6_task-RestingState_eeg.set,R5,sub-NDARDU853XZ6,8.5602,22.0,2.0,350.572,test,9.709794044494629
/workspace/hbn_subset/R5/download/sub-NDARDU853XZ6/eeg/sub-NDARDU853XZ6_task-RestingState_eeg.set,R5,sub-NDARDU853XZ6,8.5602,24.0,2.0,350.572,test,9.108298301696777
/workspace/hbn_subset/R5/download/sub-NDARDU853XZ6/eeg/sub-NDARDU853XZ6_task-RestingState_eeg.set,R5,sub-NDARDU853XZ6,8.5602,26.0,2.0,350.572,test,9.346394538879395
/workspace/hbn_subset/R5/download/sub-NDARDU853XZ6/eeg/sub-NDARDU853XZ6_task-RestingState_eeg.set,R5,sub-NDARDU853XZ6,8.5602,28.0,2.0,350.572,test,8.975425720214844
/workspace/hbn_subset/R5/download/sub-NDARDU853XZ6/eeg/sub-NDARDU853XZ6_task-RestingState_eeg.set,R5,sub-NDARDU853XZ6,8.5602,30.0,2.0,350.572,test,9.569640159606934
/workspace/hbn_subset/R5/download/sub-NDARDU853XZ6/eeg/sub-NDARDU853XZ6_task-RestingState_eeg.set,R5,sub-NDARDU853XZ6,8.5602,32.0,2.0,350.572,test,9.02591609954834
/workspace/hbn_subset/R5/download/sub-NDARDU853XZ6/eeg/sub-NDARDU853XZ6_task-RestingState_eeg.set,R5,sub-NDARDU853XZ6,8.5602,34.0,2.0,350.572,test,8.823217391967773
/workspace/hbn_subset/R5/download/sub-NDARDU853XZ6/eeg/sub-NDARDU853XZ6_task-RestingState_eeg.set,R5,sub-NDARDU853XZ6,8.5602,36.0,2.0,350.572,test,8.435937881469727
/workspace/hbn_subset/R5/download/sub-NDARDU853XZ6/eeg/sub-NDARDU853XZ6_task-RestingState_eeg.set,R5,sub-NDARDU853XZ6,8.5602,38.0,2.0,350.572,test,9.420966148376465
/workspace/hbn_subset/R5/download/sub-NDARDU853XZ6/eeg/sub-NDARDU853XZ6_task-RestingState_eeg.set,R5,sub-NDARDU853XZ6,8.5602,40.0,2.0,350.572,test,8.932887077331543
/workspace/hbn_subset/R5/download/sub-NDARDU853XZ6/eeg/sub-NDARDU853XZ6_task-RestingState_eeg.set,R5,sub-NDARDU853XZ6,8.5602,42.0,2.0,350.572,test,8.390695571899414
/workspace/hbn_subset/R5/download/sub-NDARDU853XZ6/eeg/sub-NDARDU853XZ6_task-RestingState_eeg.set,R5,sub-NDARDU853XZ6,8.5602,44.0,2.0,350.572,test,9.278772354125977
/workspace/hbn_subset/R5/download/sub-NDARDU853XZ6/eeg/sub-NDARDU853XZ6_task-RestingState_eeg.set,R5,sub-NDARDU853XZ6,8.5602,46.0,2.0,350.572,test,9.100342750549316
/workspace/hbn_subset/R5/download/sub-NDARDU853XZ6/eeg/sub-NDARDU853XZ6_task-RestingState_eeg.set,R5,sub-NDARDU853XZ6,8.5602,48.0,2.0,350.572,test,10.004759788513184
/workspace/hbn_subset/R5/download/sub-NDARDU853XZ6/eeg/sub-NDARDU853XZ6_task-RestingState_eeg.set,R5,sub-NDARDU853XZ6,8.5602,50.0,2.0,350.572,test,9.90939998626709
/workspace/hbn_subset/R5/download/sub-NDARDU853XZ6/eeg/sub-NDARDU853XZ6_task-RestingState_eeg.set,R5,sub-NDARDU853XZ6,8.5602,52.0,2.0,350.572,test,9.404485702514648
/workspace/hbn_subset/R5/download/sub-NDARDU853XZ6/eeg/sub-NDARDU853XZ6_task-RestingState_eeg.set,R5,sub-NDARDU853XZ6,8.5602,54.0,2.0,350.572,test,9.388582229614258
/workspace/hbn_subset/R5/download/sub-NDARDU853XZ6/eeg/sub-NDARDU853XZ6_task-RestingState_eeg.set,R5,sub-NDARDU853XZ6,8.5602,56.0,2.0,350.572,test,9.16623306274414
/workspace/hbn_subset/R5/download/sub-NDARDU853XZ6/eeg/sub-NDARDU853XZ6_task-RestingState_eeg.set,R5,sub-NDARDU853XZ6,8.5602,58.0,2.0,350.572,test,9.044110298156738
/workspace/hbn_subset/R5/download/sub-NDARDU853XZ6/eeg/sub-NDARDU853XZ6_task-RestingState_eeg.set,R5,sub-NDARDU853XZ6,8.5602,60.0,2.0,350.572,test,8.904019355773926
/workspace/hbn_subset/R5/download/sub-NDARDU853XZ6/eeg/sub-NDARDU853XZ6_task-RestingState_eeg.set,R5,sub-NDARDU853XZ6,8.5602,62.0,2.0,350.572,test,10.079534530639648
/workspace/hbn_subset/R5/download/sub-NDARDU853XZ6/eeg/sub-NDARDU853XZ6_task-RestingState_eeg.set,R5,sub-NDARDU853XZ6,8.5602,64.0,2.0,350.572,test,9.160496711730957
/workspace/hbn_subset/R5/download/sub-NDARDU853XZ6/eeg/sub-NDARDU853XZ6_task-RestingState_eeg.set,R5,sub-NDARDU853XZ6,8.5602,66.0,2.0,350.572,test,8.363414764404297
/workspace/hbn_subset/R5/download/sub-NDARDU853XZ6/eeg/sub-NDARDU853XZ6_task-RestingState_eeg.set,R5,sub-NDARDU853XZ6,8.5602,68.0,2.0,350.572,test,9.404205322265625
/workspace/hbn_subset/R5/download/sub-NDARDU853XZ6/eeg/sub-NDARDU853XZ6_task-RestingState_eeg.set,R5,sub-NDARDU853XZ6,8.5602,70.0,2.0,350.572,test,9.042184829711914
/workspace/hbn_subset/R5/download/sub-NDARDU853XZ6/eeg/sub-NDARDU853XZ6_task-RestingState_eeg.set,R5,sub-NDARDU853XZ6,8.5602,72.0,2.0,350.572,test,9.672795295715332
/workspace/hbn_subset/R5/download/sub-NDARDU853XZ6/eeg/sub-NDARDU853XZ6_task-RestingState_eeg.set,R5,sub-NDARDU853XZ6,8.5602,74.0,2.0,350.572,test,8.902045249938965
/workspace/hbn_subset/R5/download/sub-NDARDU853XZ6/eeg/sub-NDARDU853XZ6_task-RestingState_eeg.set,R5,sub-NDARDU853XZ6,8.5602,76.0,2.0,350.572,test,9.044052124023438
/workspace/hbn_subset/R5/download/sub-NDARDU853XZ6/eeg/sub-NDARDU853XZ6_task-RestingState_eeg.set,R5,sub-NDARDU853XZ6,8.5602,78.0,2.0,350.572,test,9.692200660705566
/workspace/hbn_subset/R5/download/sub-NDARDU853XZ6/eeg/sub-NDARDU853XZ6_task-RestingState_eeg.set,R5,sub-NDARDU853XZ6,8.5602,80.0,2.0,350.572,test,9.70955753326416
/workspace/hbn_subset/R5/download/sub-NDARDU853XZ6/eeg/sub-NDARDU853XZ6_task-RestingState_eeg.set,R5,sub-NDARDU853XZ6,8.5602,82.0,2.0,350.572,test,9.111983299255371
/workspace/hbn_subset/R5/download/sub-NDARDU853XZ6/eeg/sub-NDARDU853XZ6_task-RestingState_eeg.set,R5,sub-NDARDU853XZ6,8.5602,84.0,2.0,350.572,test,8.751102447509766
/workspace/hbn_subset/R5/download/sub-NDARDU853XZ6/eeg/sub-NDARDU853XZ6_task-RestingState_eeg.set,R5,sub-NDARDU853XZ6,8.5602,86.0,2.0,350.572,test,9.106050491333008
/workspace/hbn_subset/R5/download/sub-NDARDU853XZ6/eeg/sub-NDARDU853XZ6_task-RestingState_eeg.set,R5,sub-NDARDU853XZ6,8.5602,88.0,2.0,350.572,test,10.628427505493164
/workspace/hbn_subset/R5/download/sub-NDARDU853XZ6/eeg/sub-NDARDU853XZ6_task-RestingState_eeg.set,R5,sub-NDARDU853XZ6,8.5602,90.0,2.0,350.572,test,8.998567581176758
/workspace/hbn_subset/R5/download/sub-NDARDU853XZ6/eeg/sub-NDARDU853XZ6_task-RestingState_eeg.set,R5,sub-NDARDU853XZ6,8.5602,92.0,2.0,350.572,test,9.69570255279541
/workspace/hbn_subset/R5/download/sub-NDARDU853XZ6/eeg/sub-NDARDU853XZ6_task-RestingState_eeg.set,R5,sub-NDARDU853XZ6,8.5602,94.0,2.0,350.572,test,8.927142143249512
/workspace/hbn_subset/R5/download/sub-NDARDU853XZ6/eeg/sub-NDARDU853XZ6_task-RestingState_eeg.set,R5,sub-NDARDU853XZ6,8.5602,96.0,2.0,350.572,test,9.215920448303223
/workspace/hbn_subset/R5/download/sub-NDARDU853XZ6/eeg/sub-NDARDU853XZ6_task-RestingState_eeg.set,R5,sub-NDARDU853XZ6,8.5602,98.0,2.0,350.572,test,9.720664024353027
/workspace/hbn_subset/R5/download/sub-NDARDU853XZ6/eeg/sub-NDARDU853XZ6_task-RestingState_eeg.set,R5,sub-NDARDU853XZ6,8.5602,100.0,2.0,350.572,test,8.887738227844238
/workspace/hbn_subset/R5/download/sub-NDARDU853XZ6/eeg/sub-NDARDU853XZ6_task-RestingState_eeg.set,R5,sub-NDARDU853XZ6,8.5602,102.0,2.0,350.572,test,8.836959838867188
/workspace/hbn_subset/R5/download/sub-NDARDU853XZ6/eeg/sub-NDARDU853XZ6_task-RestingState_eeg.set,R5,sub-NDARDU853XZ6,8.5602,104.0,2.0,350.572,test,8.136740684509277
/workspace/hbn_subset/R5/download/sub-NDARDU853XZ6/eeg/sub-NDARDU853XZ6_task-RestingState_eeg.set,R5,sub-NDARDU853XZ6,8.5602,106.0,2.0,350.572,test,8.432585716247559
/workspace/hbn_subset/R5/download/sub-NDARDU853XZ6/eeg/sub-NDARDU853XZ6_task-RestingState_eeg.set,R5,sub-NDARDU853XZ6,8.5602,108.0,2.0,350.572,test,8.918543815612793
/workspace/hbn_subset/R5/download/sub-NDARDU853XZ6/eeg/sub-NDARDU853XZ6_task-RestingState_eeg.set,R5,sub-NDARDU853XZ6,8.5602,110.0,2.0,350.572,test,9.077537536621094
/workspace/hbn_subset/R5/download/sub-NDARDU853XZ6/eeg/sub-NDARDU853XZ6_task-RestingState_eeg.set,R5,sub-NDARDU853XZ6,8.5602,112.0,2.0,350.572,test,9.502379417419434
/workspace/hbn_subset/R5/download/sub-NDARDU853XZ6/eeg/sub-NDARDU853XZ6_task-RestingState_eeg.set,R5,sub-NDARDU853XZ6,8.5602,114.0,2.0,350.572,test,9.405789375305176
/workspace/hbn_subset/R5/download/sub-NDARDU853XZ6/eeg/sub-NDARDU853XZ6_task-RestingState_eeg.set,R5,sub-NDARDU853XZ6,8.5602,116.0,2.0,350.572,test,8.902081489562988
/workspace/hbn_subset/R5/download/sub-NDARDU853XZ6/eeg/sub-NDARDU853XZ6_task-RestingState_eeg.set,R5,sub-NDARDU853XZ6,8.5602,118.0,2.0,350.572,test,8.640549659729004
/workspace/hbn_subset/R5/download/sub-NDARDV245WJG/eeg/sub-NDARDV245WJG_task-RestingState_eeg.set,R5,sub-NDARDV245WJG,7.8725,0.0,2.0,371.006,test,9.211529731750488
/workspace/hbn_subset/R5/download/sub-NDARDV245WJG/eeg/sub-NDARDV245WJG_task-RestingState_eeg.set,R5,sub-NDARDV245WJG,7.8725,2.0,2.0,371.006,test,10.778886795043945
/workspace/hbn_subset/R5/download/sub-NDARDV245WJG/eeg/sub-NDARDV245WJG_task-RestingState_eeg.set,R5,sub-NDARDV245WJG,7.8725,4.0,2.0,371.006,test,9.934452056884766
/workspace/hbn_subset/R5/download/sub-NDARDV245WJG/eeg/sub-NDARDV245WJG_task-RestingState_eeg.set,R5,sub-NDARDV245WJG,7.8725,6.0,2.0,371.006,test,9.200937271118164
/workspace/hbn_subset/R5/download/sub-NDARDV245WJG/eeg/sub-NDARDV245WJG_task-RestingState_eeg.set,R5,sub-NDARDV245WJG,7.8725,8.0,2.0,371.006,test,10.107439994812012
/workspace/hbn_subset/R5/download/sub-NDARDV245WJG/eeg/sub-NDARDV245WJG_task-RestingState_eeg.set,R5,sub-NDARDV245WJG,7.8725,10.0,2.0,371.006,test,10.48654556274414
/workspace/hbn_subset/R5/download/sub-NDARDV245WJG/eeg/sub-NDARDV245WJG_task-RestingState_eeg.set,R5,sub-NDARDV245WJG,7.8725,12.0,2.0,371.006,test,10.27768611907959
/workspace/hbn_subset/R5/download/sub-NDARDV245WJG/eeg/sub-NDARDV245WJG_task-RestingState_eeg.set,R5,sub-NDARDV245WJG,7.8725,14.0,2.0,371.006,test,9.691717147827148
/workspace/hbn_subset/R5/download/sub-NDARDV245WJG/eeg/sub-NDARDV245WJG_task-RestingState_eeg.set,R5,sub-NDARDV245WJG,7.8725,16.0,2.0,371.006,test,9.955297470092773
/workspace/hbn_subset/R5/download/sub-NDARDV245WJG/eeg/sub-NDARDV245WJG_task-RestingState_eeg.set,R5,sub-NDARDV245WJG,7.8725,18.0,2.0,371.006,test,9.013106346130371
/workspace/hbn_subset/R5/download/sub-NDARDV245WJG/eeg/sub-NDARDV245WJG_task-RestingState_eeg.set,R5,sub-NDARDV245WJG,7.8725,20.0,2.0,371.006,test,8.613875389099121
/workspace/hbn_subset/R5/download/sub-NDARDV245WJG/eeg/sub-NDARDV245WJG_task-RestingState_eeg.set,R5,sub-NDARDV245WJG,7.8725,22.0,2.0,371.006,test,8.729073524475098
/workspace/hbn_subset/R5/download/sub-NDARDV245WJG/eeg/sub-NDARDV245WJG_task-RestingState_eeg.set,R5,sub-NDARDV245WJG,7.8725,24.0,2.0,371.006,test,8.289613723754883
/workspace/hbn_subset/R5/download/sub-NDARDV245WJG/eeg/sub-NDARDV245WJG_task-RestingState_eeg.set,R5,sub-NDARDV245WJG,7.8725,26.0,2.0,371.006,test,10.757299423217773
/workspace/hbn_subset/R5/download/sub-NDARDV245WJG/eeg/sub-NDARDV245WJG_task-RestingState_eeg.set,R5,sub-NDARDV245WJG,7.8725,28.0,2.0,371.006,test,10.053074836730957
/workspace/hbn_subset/R5/download/sub-NDARDV245WJG/eeg/sub-NDARDV245WJG_task-RestingState_eeg.set,R5,sub-NDARDV245WJG,7.8725,30.0,2.0,371.006,test,9.601691246032715
/workspace/hbn_subset/R5/download/sub-NDARDV245WJG/eeg/sub-NDARDV245WJG_task-RestingState_eeg.set,R5,sub-NDARDV245WJG,7.8725,32.0,2.0,371.006,test,9.23136043548584
/workspace/hbn_subset/R5/download/sub-NDARDV245WJG/eeg/sub-NDARDV245WJG_task-RestingState_eeg.set,R5,sub-NDARDV245WJG,7.8725,34.0,2.0,371.006,test,10.483403205871582
/workspace/hbn_subset/R5/download/sub-NDARDV245WJG/eeg/sub-NDARDV245WJG_task-RestingState_eeg.set,R5,sub-NDARDV245WJG,7.8725,36.0,2.0,371.006,test,9.259038925170898
/workspace/hbn_subset/R5/download/sub-NDARDV245WJG/eeg/sub-NDARDV245WJG_task-RestingState_eeg.set,R5,sub-NDARDV245WJG,7.8725,38.0,2.0,371.006,test,10.342126846313477
/workspace/hbn_subset/R5/download/sub-NDARDV245WJG/eeg/sub-NDARDV245WJG_task-RestingState_eeg.set,R5,sub-NDARDV245WJG,7.8725,40.0,2.0,371.006,test,9.542354583740234
/workspace/hbn_subset/R5/download/sub-NDARDV245WJG/eeg/sub-NDARDV245WJG_task-RestingState_eeg.set,R5,sub-NDARDV245WJG,7.8725,42.0,2.0,371.006,test,9.57442855834961
/workspace/hbn_subset/R5/download/sub-NDARDV245WJG/eeg/sub-NDARDV245WJG_task-RestingState_eeg.set,R5,sub-NDARDV245WJG,7.8725,44.0,2.0,371.006,test,9.638010025024414
/workspace/hbn_subset/R5/download/sub-NDARDV245WJG/eeg/sub-NDARDV245WJG_task-RestingState_eeg.set,R5,sub-NDARDV245WJG,7.8725,46.0,2.0,371.006,test,9.725403785705566
/workspace/hbn_subset/R5/download/sub-NDARDV245WJG/eeg/sub-NDARDV245WJG_task-RestingState_eeg.set,R5,sub-NDARDV245WJG,7.8725,48.0,2.0,371.006,test,10.672757148742676
/workspace/hbn_subset/R5/download/sub-NDARDV245WJG/eeg/sub-NDARDV245WJG_task-RestingState_eeg.set,R5,sub-NDARDV245WJG,7.8725,50.0,2.0,371.006,test,10.44321060180664
/workspace/hbn_subset/R5/download/sub-NDARDV245WJG/eeg/sub-NDARDV245WJG_task-RestingState_eeg.set,R5,sub-NDARDV245WJG,7.8725,52.0,2.0,371.006,test,9.538196563720703
/workspace/hbn_subset/R5/download/sub-NDARDV245WJG/eeg/sub-NDARDV245WJG_task-RestingState_eeg.set,R5,sub-NDARDV245WJG,7.8725,54.0,2.0,371.006,test,11.563616752624512
/workspace/hbn_subset/R5/download/sub-NDARDV245WJG/eeg/sub-NDARDV245WJG_task-RestingState_eeg.set,R5,sub-NDARDV245WJG,7.8725,56.0,2.0,371.006,test,11.089810371398926
/workspace/hbn_subset/R5/download/sub-NDARDV245WJG/eeg/sub-NDARDV245WJG_task-RestingState_eeg.set,R5,sub-NDARDV245WJG,7.8725,58.0,2.0,371.006,test,10.61235523223877
/workspace/hbn_subset/R5/download/sub-NDARDV245WJG/eeg/sub-NDARDV245WJG_task-RestingState_eeg.set,R5,sub-NDARDV245WJG,7.8725,60.0,2.0,371.006,test,10.785379409790039
/workspace/hbn_subset/R5/download/sub-NDARDV245WJG/eeg/sub-NDARDV245WJG_task-RestingState_eeg.set,R5,sub-NDARDV245WJG,7.8725,62.0,2.0,371.006,test,10.15865707397461
/workspace/hbn_subset/R5/download/sub-NDARDV245WJG/eeg/sub-NDARDV245WJG_task-RestingState_eeg.set,R5,sub-NDARDV245WJG,7.8725,64.0,2.0,371.006,test,11.11169147491455
/workspace/hbn_subset/R5/download/sub-NDARDV245WJG/eeg/sub-NDARDV245WJG_task-RestingState_eeg.set,R5,sub-NDARDV245WJG,7.8725,66.0,2.0,371.006,test,10.009974479675293
/workspace/hbn_subset/R5/download/sub-NDARDV245WJG/eeg/sub-NDARDV245WJG_task-RestingState_eeg.set,R5,sub-NDARDV245WJG,7.8725,68.0,2.0,371.006,test,8.891265869140625
/workspace/hbn_subset/R5/download/sub-NDARDV245WJG/eeg/sub-NDARDV245WJG_task-RestingState_eeg.set,R5,sub-NDARDV245WJG,7.8725,70.0,2.0,371.006,test,9.082670211791992
/workspace/hbn_subset/R5/download/sub-NDARDV245WJG/eeg/sub-NDARDV245WJG_task-RestingState_eeg.set,R5,sub-NDARDV245WJG,7.8725,72.0,2.0,371.006,test,9.308213233947754
/workspace/hbn_subset/R5/download/sub-NDARDV245WJG/eeg/sub-NDARDV245WJG_task-RestingState_eeg.set,R5,sub-NDARDV245WJG,7.8725,74.0,2.0,371.006,test,9.31650161743164
/workspace/hbn_subset/R5/download/sub-NDARDV245WJG/eeg/sub-NDARDV245WJG_task-RestingState_eeg.set,R5,sub-NDARDV245WJG,7.8725,76.0,2.0,371.006,test,10.609676361083984
/workspace/hbn_subset/R5/download/sub-NDARDV245WJG/eeg/sub-NDARDV245WJG_task-RestingState_eeg.set,R5,sub-NDARDV245WJG,7.8725,78.0,2.0,371.006,test,9.964166641235352
/workspace/hbn_subset/R5/download/sub-NDARDV245WJG/eeg/sub-NDARDV245WJG_task-RestingState_eeg.set,R5,sub-NDARDV245WJG,7.8725,80.0,2.0,371.006,test,10.004247665405273
/workspace/hbn_subset/R5/download/sub-NDARDV245WJG/eeg/sub-NDARDV245WJG_task-RestingState_eeg.set,R5,sub-NDARDV245WJG,7.8725,82.0,2.0,371.006,test,10.312260627746582
/workspace/hbn_subset/R5/download/sub-NDARDV245WJG/eeg/sub-NDARDV245WJG_task-RestingState_eeg.set,R5,sub-NDARDV245WJG,7.8725,84.0,2.0,371.006,test,9.890469551086426
/workspace/hbn_subset/R5/download/sub-NDARDV245WJG/eeg/sub-NDARDV245WJG_task-RestingState_eeg.set,R5,sub-NDARDV245WJG,7.8725,86.0,2.0,371.006,test,10.578234672546387
/workspace/hbn_subset/R5/download/sub-NDARDV245WJG/eeg/sub-NDARDV245WJG_task-RestingState_eeg.set,R5,sub-NDARDV245WJG,7.8725,88.0,2.0,371.006,test,9.848414421081543
/workspace/hbn_subset/R5/download/sub-NDARDV245WJG/eeg/sub-NDARDV245WJG_task-RestingState_eeg.set,R5,sub-NDARDV245WJG,7.8725,90.0,2.0,371.006,test,9.297968864440918
/workspace/hbn_subset/R5/download/sub-NDARDV245WJG/eeg/sub-NDARDV245WJG_task-RestingState_eeg.set,R5,sub-NDARDV245WJG,7.8725,92.0,2.0,371.006,test,9.082677841186523
/workspace/hbn_subset/R5/download/sub-NDARDV245WJG/eeg/sub-NDARDV245WJG_task-RestingState_eeg.set,R5,sub-NDARDV245WJG,7.8725,94.0,2.0,371.006,test,9.287322998046875
/workspace/hbn_subset/R5/download/sub-NDARDV245WJG/eeg/sub-NDARDV245WJG_task-RestingState_eeg.set,R5,sub-NDARDV245WJG,7.8725,96.0,2.0,371.006,test,8.719073295593262
/workspace/hbn_subset/R5/download/sub-NDARDV245WJG/eeg/sub-NDARDV245WJG_task-RestingState_eeg.set,R5,sub-NDARDV245WJG,7.8725,98.0,2.0,371.006,test,9.225452423095703
/workspace/hbn_subset/R5/download/sub-NDARDV245WJG/eeg/sub-NDARDV245WJG_task-RestingState_eeg.set,R5,sub-NDARDV245WJG,7.8725,100.0,2.0,371.006,test,9.886453628540039
/workspace/hbn_subset/R5/download/sub-NDARDV245WJG/eeg/sub-NDARDV245WJG_task-RestingState_eeg.set,R5,sub-NDARDV245WJG,7.8725,102.0,2.0,371.006,test,9.471820831298828
/workspace/hbn_subset/R5/download/sub-NDARDV245WJG/eeg/sub-NDARDV245WJG_task-RestingState_eeg.set,R5,sub-NDARDV245WJG,7.8725,104.0,2.0,371.006,test,8.575933456420898
/workspace/hbn_subset/R5/download/sub-NDARDV245WJG/eeg/sub-NDARDV245WJG_task-RestingState_eeg.set,R5,sub-NDARDV245WJG,7.8725,106.0,2.0,371.006,test,8.576031684875488
/workspace/hbn_subset/R5/download/sub-NDARDV245WJG/eeg/sub-NDARDV245WJG_task-RestingState_eeg.set,R5,sub-NDARDV245WJG,7.8725,108.0,2.0,371.006,test,9.634659767150879
/workspace/hbn_subset/R5/download/sub-NDARDV245WJG/eeg/sub-NDARDV245WJG_task-RestingState_eeg.set,R5,sub-NDARDV245WJG,7.8725,110.0,2.0,371.006,test,9.260972023010254
/workspace/hbn_subset/R5/download/sub-NDARDV245WJG/eeg/sub-NDARDV245WJG_task-RestingState_eeg.set,R5,sub-NDARDV245WJG,7.8725,112.0,2.0,371.006,test,8.75558853149414
/workspace/hbn_subset/R5/download/sub-NDARDV245WJG/eeg/sub-NDARDV245WJG_task-RestingState_eeg.set,R5,sub-NDARDV245WJG,7.8725,114.0,2.0,371.006,test,8.131793975830078
/workspace/hbn_subset/R5/download/sub-NDARDV245WJG/eeg/sub-NDARDV245WJG_task-RestingState_eeg.set,R5,sub-NDARDV245WJG,7.8725,116.0,2.0,371.006,test,7.860747814178467
/workspace/hbn_subset/R5/download/sub-NDARDV245WJG/eeg/sub-NDARDV245WJG_task-RestingState_eeg.set,R5,sub-NDARDV245WJG,7.8725,118.0,2.0,371.006,test,8.19969367980957
/workspace/hbn_subset/R5/download/sub-NDARDY776AKH/eeg/sub-NDARDY776AKH_task-RestingState_eeg.set,R5,sub-NDARDY776AKH,16.4447,0.0,2.0,355.404,test,13.178776741027832
/workspace/hbn_subset/R5/download/sub-NDARDY776AKH/eeg/sub-NDARDY776AKH_task-RestingState_eeg.set,R5,sub-NDARDY776AKH,16.4447,2.0,2.0,355.404,test,12.283987045288086
/workspace/hbn_subset/R5/download/sub-NDARDY776AKH/eeg/sub-NDARDY776AKH_task-RestingState_eeg.set,R5,sub-NDARDY776AKH,16.4447,4.0,2.0,355.404,test,13.167348861694336
/workspace/hbn_subset/R5/download/sub-NDARDY776AKH/eeg/sub-NDARDY776AKH_task-RestingState_eeg.set,R5,sub-NDARDY776AKH,16.4447,6.0,2.0,355.404,test,11.765851974487305
/workspace/hbn_subset/R5/download/sub-NDARDY776AKH/eeg/sub-NDARDY776AKH_task-RestingState_eeg.set,R5,sub-NDARDY776AKH,16.4447,8.0,2.0,355.404,test,11.796768188476562
/workspace/hbn_subset/R5/download/sub-NDARDY776AKH/eeg/sub-NDARDY776AKH_task-RestingState_eeg.set,R5,sub-NDARDY776AKH,16.4447,10.0,2.0,355.404,test,11.389555931091309
/workspace/hbn_subset/R5/download/sub-NDARDY776AKH/eeg/sub-NDARDY776AKH_task-RestingState_eeg.set,R5,sub-NDARDY776AKH,16.4447,12.0,2.0,355.404,test,12.028951644897461
/workspace/hbn_subset/R5/download/sub-NDARDY776AKH/eeg/sub-NDARDY776AKH_task-RestingState_eeg.set,R5,sub-NDARDY776AKH,16.4447,14.0,2.0,355.404,test,11.219447135925293
/workspace/hbn_subset/R5/download/sub-NDARDY776AKH/eeg/sub-NDARDY776AKH_task-RestingState_eeg.set,R5,sub-NDARDY776AKH,16.4447,16.0,2.0,355.404,test,11.812918663024902
/workspace/hbn_subset/R5/download/sub-NDARDY776AKH/eeg/sub-NDARDY776AKH_task-RestingState_eeg.set,R5,sub-NDARDY776AKH,16.4447,18.0,2.0,355.404,test,12.509568214416504
/workspace/hbn_subset/R5/download/sub-NDARDY776AKH/eeg/sub-NDARDY776AKH_task-RestingState_eeg.set,R5,sub-NDARDY776AKH,16.4447,20.0,2.0,355.404,test,8.872589111328125
/workspace/hbn_subset/R5/download/sub-NDARDY776AKH/eeg/sub-NDARDY776AKH_task-RestingState_eeg.set,R5,sub-NDARDY776AKH,16.4447,22.0,2.0,355.404,test,10.75278377532959
/workspace/hbn_subset/R5/download/sub-NDARDY776AKH/eeg/sub-NDARDY776AKH_task-RestingState_eeg.set,R5,sub-NDARDY776AKH,16.4447,24.0,2.0,355.404,test,11.887715339660645
/workspace/hbn_subset/R5/download/sub-NDARDY776AKH/eeg/sub-NDARDY776AKH_task-RestingState_eeg.set,R5,sub-NDARDY776AKH,16.4447,26.0,2.0,355.404,test,12.892989158630371
/workspace/hbn_subset/R5/download/sub-NDARDY776AKH/eeg/sub-NDARDY776AKH_task-RestingState_eeg.set,R5,sub-NDARDY776AKH,16.4447,28.0,2.0,355.404,test,11.016010284423828
/workspace/hbn_subset/R5/download/sub-NDARDY776AKH/eeg/sub-NDARDY776AKH_task-RestingState_eeg.set,R5,sub-NDARDY776AKH,16.4447,30.0,2.0,355.404,test,10.492753028869629
/workspace/hbn_subset/R5/download/sub-NDARDY776AKH/eeg/sub-NDARDY776AKH_task-RestingState_eeg.set,R5,sub-NDARDY776AKH,16.4447,32.0,2.0,355.404,test,11.546209335327148
/workspace/hbn_subset/R5/download/sub-NDARDY776AKH/eeg/sub-NDARDY776AKH_task-RestingState_eeg.set,R5,sub-NDARDY776AKH,16.4447,34.0,2.0,355.404,test,11.86666488647461
/workspace/hbn_subset/R5/download/sub-NDARDY776AKH/eeg/sub-NDARDY776AKH_task-RestingState_eeg.set,R5,sub-NDARDY776AKH,16.4447,36.0,2.0,355.404,test,11.32798957824707
/workspace/hbn_subset/R5/download/sub-NDARDY776AKH/eeg/sub-NDARDY776AKH_task-RestingState_eeg.set,R5,sub-NDARDY776AKH,16.4447,38.0,2.0,355.404,test,11.507478713989258
/workspace/hbn_subset/R5/download/sub-NDARDY776AKH/eeg/sub-NDARDY776AKH_task-RestingState_eeg.set,R5,sub-NDARDY776AKH,16.4447,40.0,2.0,355.404,test,11.576809883117676
/workspace/hbn_subset/R5/download/sub-NDARDY776AKH/eeg/sub-NDARDY776AKH_task-RestingState_eeg.set,R5,sub-NDARDY776AKH,16.4447,42.0,2.0,355.404,test,12.10315990447998
/workspace/hbn_subset/R5/download/sub-NDARDY776AKH/eeg/sub-NDARDY776AKH_task-RestingState_eeg.set,R5,sub-NDARDY776AKH,16.4447,44.0,2.0,355.404,test,12.622852325439453
/workspace/hbn_subset/R5/download/sub-NDARDY776AKH/eeg/sub-NDARDY776AKH_task-RestingState_eeg.set,R5,sub-NDARDY776AKH,16.4447,46.0,2.0,355.404,test,11.66010570526123
/workspace/hbn_subset/R5/download/sub-NDARDY776AKH/eeg/sub-NDARDY776AKH_task-RestingState_eeg.set,R5,sub-NDARDY776AKH,16.4447,48.0,2.0,355.404,test,11.652774810791016
/workspace/hbn_subset/R5/download/sub-NDARDY776AKH/eeg/sub-NDARDY776AKH_task-RestingState_eeg.set,R5,sub-NDARDY776AKH,16.4447,50.0,2.0,355.404,test,11.686301231384277
/workspace/hbn_subset/R5/download/sub-NDARDY776AKH/eeg/sub-NDARDY776AKH_task-RestingState_eeg.set,R5,sub-NDARDY776AKH,16.4447,52.0,2.0,355.404,test,11.634658813476562
/workspace/hbn_subset/R5/download/sub-NDARDY776AKH/eeg/sub-NDARDY776AKH_task-RestingState_eeg.set,R5,sub-NDARDY776AKH,16.4447,54.0,2.0,355.404,test,11.064169883728027
/workspace/hbn_subset/R5/download/sub-NDARDY776AKH/eeg/sub-NDARDY776AKH_task-RestingState_eeg.set,R5,sub-NDARDY776AKH,16.4447,56.0,2.0,355.404,test,12.105425834655762
/workspace/hbn_subset/R5/download/sub-NDARDY776AKH/eeg/sub-NDARDY776AKH_task-RestingState_eeg.set,R5,sub-NDARDY776AKH,16.4447,58.0,2.0,355.404,test,11.382038116455078
/workspace/hbn_subset/R5/download/sub-NDARDY776AKH/eeg/sub-NDARDY776AKH_task-RestingState_eeg.set,R5,sub-NDARDY776AKH,16.4447,60.0,2.0,355.404,test,11.344011306762695
/workspace/hbn_subset/R5/download/sub-NDARDY776AKH/eeg/sub-NDARDY776AKH_task-RestingState_eeg.set,R5,sub-NDARDY776AKH,16.4447,62.0,2.0,355.404,test,12.750809669494629
/workspace/hbn_subset/R5/download/sub-NDARDY776AKH/eeg/sub-NDARDY776AKH_task-RestingState_eeg.set,R5,sub-NDARDY776AKH,16.4447,64.0,2.0,355.404,test,12.288826942443848
/workspace/hbn_subset/R5/download/sub-NDARDY776AKH/eeg/sub-NDARDY776AKH_task-RestingState_eeg.set,R5,sub-NDARDY776AKH,16.4447,66.0,2.0,355.404,test,12.575738906860352
/workspace/hbn_subset/R5/download/sub-NDARDY776AKH/eeg/sub-NDARDY776AKH_task-RestingState_eeg.set,R5,sub-NDARDY776AKH,16.4447,68.0,2.0,355.404,test,12.543272018432617
/workspace/hbn_subset/R5/download/sub-NDARDY776AKH/eeg/sub-NDARDY776AKH_task-RestingState_eeg.set,R5,sub-NDARDY776AKH,16.4447,70.0,2.0,355.404,test,12.866744041442871
/workspace/hbn_subset/R5/download/sub-NDARDY776AKH/eeg/sub-NDARDY776AKH_task-RestingState_eeg.set,R5,sub-NDARDY776AKH,16.4447,72.0,2.0,355.404,test,13.73784065246582
/workspace/hbn_subset/R5/download/sub-NDARDY776AKH/eeg/sub-NDARDY776AKH_task-RestingState_eeg.set,R5,sub-NDARDY776AKH,16.4447,74.0,2.0,355.404,test,13.335192680358887
/workspace/hbn_subset/R5/download/sub-NDARDY776AKH/eeg/sub-NDARDY776AKH_task-RestingState_eeg.set,R5,sub-NDARDY776AKH,16.4447,76.0,2.0,355.404,test,12.935667991638184
/workspace/hbn_subset/R5/download/sub-NDARDY776AKH/eeg/sub-NDARDY776AKH_task-RestingState_eeg.set,R5,sub-NDARDY776AKH,16.4447,78.0,2.0,355.404,test,13.416910171508789
/workspace/hbn_subset/R5/download/sub-NDARDY776AKH/eeg/sub-NDARDY776AKH_task-RestingState_eeg.set,R5,sub-NDARDY776AKH,16.4447,80.0,2.0,355.404,test,13.540895462036133
/workspace/hbn_subset/R5/download/sub-NDARDY776AKH/eeg/sub-NDARDY776AKH_task-RestingState_eeg.set,R5,sub-NDARDY776AKH,16.4447,82.0,2.0,355.404,test,13.124608993530273
/workspace/hbn_subset/R5/download/sub-NDARDY776AKH/eeg/sub-NDARDY776AKH_task-RestingState_eeg.set,R5,sub-NDARDY776AKH,16.4447,84.0,2.0,355.404,test,13.079182624816895
/workspace/hbn_subset/R5/download/sub-NDARDY776AKH/eeg/sub-NDARDY776AKH_task-RestingState_eeg.set,R5,sub-NDARDY776AKH,16.4447,86.0,2.0,355.404,test,12.440555572509766
/workspace/hbn_subset/R5/download/sub-NDARDY776AKH/eeg/sub-NDARDY776AKH_task-RestingState_eeg.set,R5,sub-NDARDY776AKH,16.4447,88.0,2.0,355.404,test,13.34934139251709
/workspace/hbn_subset/R5/download/sub-NDARDY776AKH/eeg/sub-NDARDY776AKH_task-RestingState_eeg.set,R5,sub-NDARDY776AKH,16.4447,90.0,2.0,355.404,test,14.016980171203613
/workspace/hbn_subset/R5/download/sub-NDARDY776AKH/eeg/sub-NDARDY776AKH_task-RestingState_eeg.set,R5,sub-NDARDY776AKH,16.4447,92.0,2.0,355.404,test,13.36055850982666
/workspace/hbn_subset/R5/download/sub-NDARDY776AKH/eeg/sub-NDARDY776AKH_task-RestingState_eeg.set,R5,sub-NDARDY776AKH,16.4447,94.0,2.0,355.404,test,11.912825584411621
/workspace/hbn_subset/R5/download/sub-NDARDY776AKH/eeg/sub-NDARDY776AKH_task-RestingState_eeg.set,R5,sub-NDARDY776AKH,16.4447,96.0,2.0,355.404,test,13.550415992736816
/workspace/hbn_subset/R5/download/sub-NDARDY776AKH/eeg/sub-NDARDY776AKH_task-RestingState_eeg.set,R5,sub-NDARDY776AKH,16.4447,98.0,2.0,355.404,test,12.561673164367676
/workspace/hbn_subset/R5/download/sub-NDARDY776AKH/eeg/sub-NDARDY776AKH_task-RestingState_eeg.set,R5,sub-NDARDY776AKH,16.4447,100.0,2.0,355.404,test,12.519789695739746
/workspace/hbn_subset/R5/download/sub-NDARDY776AKH/eeg/sub-NDARDY776AKH_task-RestingState_eeg.set,R5,sub-NDARDY776AKH,16.4447,102.0,2.0,355.404,test,12.795406341552734
/workspace/hbn_subset/R5/download/sub-NDARDY776AKH/eeg/sub-NDARDY776AKH_task-RestingState_eeg.set,R5,sub-NDARDY776AKH,16.4447,104.0,2.0,355.404,test,13.337767601013184
/workspace/hbn_subset/R5/download/sub-NDARDY776AKH/eeg/sub-NDARDY776AKH_task-RestingState_eeg.set,R5,sub-NDARDY776AKH,16.4447,106.0,2.0,355.404,test,11.608841896057129
/workspace/hbn_subset/R5/download/sub-NDARDY776AKH/eeg/sub-NDARDY776AKH_task-RestingState_eeg.set,R5,sub-NDARDY776AKH,16.4447,108.0,2.0,355.404,test,11.910618782043457
/workspace/hbn_subset/R5/download/sub-NDARDY776AKH/eeg/sub-NDARDY776AKH_task-RestingState_eeg.set,R5,sub-NDARDY776AKH,16.4447,110.0,2.0,355.404,test,13.0695161819458
/workspace/hbn_subset/R5/download/sub-NDARDY776AKH/eeg/sub-NDARDY776AKH_task-RestingState_eeg.set,R5,sub-NDARDY776AKH,16.4447,112.0,2.0,355.404,test,12.319522857666016
/workspace/hbn_subset/R5/download/sub-NDARDY776AKH/eeg/sub-NDARDY776AKH_task-RestingState_eeg.set,R5,sub-NDARDY776AKH,16.4447,114.0,2.0,355.404,test,13.011384010314941
/workspace/hbn_subset/R5/download/sub-NDARDY776AKH/eeg/sub-NDARDY776AKH_task-RestingState_eeg.set,R5,sub-NDARDY776AKH,16.4447,116.0,2.0,355.404,test,12.631508827209473
/workspace/hbn_subset/R5/download/sub-NDARDY776AKH/eeg/sub-NDARDY776AKH_task-RestingState_eeg.set,R5,sub-NDARDY776AKH,16.4447,118.0,2.0,355.404,test,11.610262870788574
